cement,slag,fly_ash,water,superplasticizer,coarse_aggregate,fine_aggregate,age
2.4367311455362275,-0.8376546705728132,-0.8758541276354925,-1.872676304600918,3.7204581117678304,-1.5600565452172448,1.4873316594023727,-0.6790412603952891
1.8947382397101538,-0.8376546705728132,-0.8758541276354925,2.1321280475819706,-1.0228715734259102,-0.5256685143505887,-2.2185606334973205,-0.614849705620708
-0.010901115676549727,-0.8376546705728132,0.6385784151812813,-0.9992386964682238,0.9669720498308966,0.016770265290373534,1.2636426651462649,-0.6790412603952891
1.519290223240937,-0.8376546705728132,-0.8758541276354925,1.6675335751709623,-1.0228715734259102,-1.737417196317035,-0.6642374395784297,-0.2778440430541571
-1.0722637776183737,2.0704277885463593,-0.8758541276354925,0.9938715901750008,-1.0228715734259102,0.03877852126626043,-0.9993381440748653,-0.614849705620708
0.3322968788651827,0.8441979746491862,-0.8758541276354925,-2.5463382895968802,0.32275386918224314,0.35077791480676657,0.6032098744763533,-0.2778440430541571
0.16873631989564442,-0.8376546705728132,0.6113655909700753,-0.4909723436505812,0.4690906360658797,-0.22609731241999523,1.0607274415010068,0.877603942888303
-0.42716707034652235,-0.8376546705728132,0.5948823945907161,0.7332340911524247,-0.2546876488769806,-0.3309601791286303,0.9736754503698285,-0.6790412603952891
0.5084686404391999,-0.8376546705728132,-0.8758541276354925,0.45958794690234156,-1.0228715734259102,0.0698490002910408,0.6378328254944347,-0.614849705620708
0.056005646232708005,-0.663309199402599,1.3167219945245354,-0.14438486723196883,-0.10448220884584553,-1.6908114777798637,0.3410646739108757,-0.614849705620708
1.0475734846001263,-0.6051940423458609,0.5858632871378594,-1.1664927065361865,1.3201987285155368,-0.447992316788637,0.8851396184807337,-0.2778440430541571
0.6143642348279533,-0.3959794769416039,-0.8758541276354925,2.1321280475819706,-1.0228715734259102,-0.5256685143505887,-1.2787948201493837,3.6057450208080004
1.0754914140298883,1.3590982661718856,-0.8758541276354925,-1.682192570912405,2.6775983937465115,-0.36125389617779036,-0.21784867823816093,0.1714968403679107
0.11713628481167042,-0.8376546705728132,0.6197626910123903,-0.651722031104789,0.5599203534419301,-0.14790327354096436,1.132446411467033,-0.6790412603952891
0.19174454449465578,-0.8376546705728132,0.7957907881957343,-0.8598603547449214,1.1301291347471352,-0.25121261629835884,0.13085389987252144,-0.2778440430541571
-0.40608422019094326,-0.8376546705728132,-0.8758541276354925,0.5525068413845432,-1.0228715734259102,-0.05961132897887864,1.379753204453332,-0.502514484765191
1.0475734846001263,-0.6051940423458609,0.5858632871378594,-1.1664927065361865,1.3857979688426842,-0.447992316788637,0.8851396184807337,-0.6790412603952891
-0.6371291534027689,0.8046796678506046,-0.8758541276354925,0.9938715901750008,-1.0228715734259102,0.010297248826877561,-0.2895676482041871,0.7171250559518502
0.18269528461052598,-0.8376546705728132,0.9519146482417393,-0.33951454564459166,0.5784227032777922,0.6498312754202793,-0.24690722641404994,0.877603942888303
0.17152811283862082,-0.8376546705728132,-0.8758541276354925,0.18083126345573677,-1.0228715734259102,1.5198046881141387,-0.054626194867202923,-0.2778440430541571
-0.30182519407910685,-0.8376546705728132,1.069163045128878,-1.802987133739267,0.9938845586830596,1.4783773827477638,0.3397044865494509,-0.502514484765191
-0.30182519407910685,-0.8376546705728132,1.069163045128878,-1.802987133739267,0.9938845586830596,1.4783773827477638,0.3397044865494509,-0.2778440430541571
-1.0895921476092607,-0.8376546705728132,1.456673661896452,-0.0050065255086664375,0.9955665904863198,0.6524204820056783,-0.5492397808398012,-0.2778440430541571
-0.009553353566147543,0.29931026208521017,-0.49549659608915014,-0.994592751744114,0.8593220144222442,1.153431956280267,0.11181127681257684,0.1714968403679107
0.9801853790800106,0.26653331350521,-0.8758541276354925,2.1321280475819706,-1.0228715734259102,-0.5256685143505887,-2.2185606334973205,-0.614849705620708
2.520484933825515,-0.8376546705728132,-0.8758541276354925,-0.4231415506785736,-1.0228715734259102,1.9729158405588567,-1.9836191801603362,0.7171250559518502
0.522908948764939,0.8186273055442216,-0.8758541276354925,2.1321280475819706,-1.0228715734259102,-0.5256685143505887,-2.2185606334973205,3.6057450208080004
0.3063043238788524,-0.8376546705728132,-0.8758541276354925,0.45958794690234156,-1.0228715734259102,-0.033719263124894754,0.9469663167273086,-0.614849705620708
0.9416778902113729,-0.8376546705728132,-0.8758541276354925,1.5095714545512193,-1.0228715734259102,0.3999728399293354,-0.13673205013865405,-0.2778440430541571
-1.0703384031749419,1.3358522033491904,2.1564319987560356,0.13437181621463595,0.154550688856224,-0.9658336338683148,-1.6992163682260921,-0.2778440430541571
1.004252559622909,-0.8376546705728132,-0.8758541276354925,0.166893429283406,-1.0228715734259102,0.973482098595078,-0.4218767824518577,-0.614849705620708
-0.5711850787152271,-0.8376546705728132,1.0543903691285093,-1.0972681301469458,0.882870459667887,1.3735145160391302,0.26575975544654723,-0.502514484765191
-1.0799652753921014,2.180846586954162,-0.8758541276354925,0.05074481118065399,1.113308816714533,-1.4733181246063995,0.660090436863201,-0.2778440430541571
1.4037677566350242,-0.5819479795231657,1.1767703271526186,-0.19084431447306965,0.40349139573873244,-1.9497321363197027,-0.2895676482041871,-0.2778440430541571
-0.829666597745957,2.5097783758952996,-0.8758541276354925,0.45958794690234156,-1.0228715734259102,-0.5541497867899715,-0.7087526623159639,0.7171250559518502
1.8947382397101538,-0.8376546705728132,-0.8758541276354925,2.1321280475819706,-1.0228715734259102,-0.5256685143505887,-2.2185606334973205,3.6057450208080004
-0.11727805367616123,0.48737091032081464,-0.8758541276354925,2.1321280475819706,-1.0228715734259102,-0.5256685143505887,-1.2787948201493837,5.130294446704302
-0.6321231798498459,-0.8376546705728132,0.6849179672666493,-1.058706788936833,0.4421781272137169,0.45564078151540016,1.6096248685340975,-0.502514484765191
0.0271250295812298,-0.8376546705728132,-0.8758541276354925,0.18083126345573677,-1.0228715734259102,1.7010491490920259,0.00720050337937186,-0.2778440430541571
-0.8456472056264416,-0.8376546705728132,1.0707180636552331,-0.9411643874168478,0.6389758481951593,1.4952072255528528,0.36072556395328687,-0.2778440430541571
1.9428726007959507,-0.8376546705728132,-0.8758541276354925,0.45958794690234156,-1.0228715734259102,-0.4712951760572219,-0.7569774869482919,-0.2778440430541571
0.522908948764939,0.8186273055442216,-0.8758541276354925,2.1321280475819706,-1.0228715734259102,-0.5256685143505887,-2.2185606334973205,5.130294446704302
-1.0611928745686408,-0.34855750878330566,1.6717327240912976,-2.80418822178499,-0.06074938196108058,1.1145938574992913,0.08275272863668641,0.877603942888303
-0.25811919421320323,-0.8376546705728132,0.9632662834841279,0.5032598273089762,-0.05570328655129997,0.9191087603017112,-0.23639668771213335,0.1714968403679107
-1.195487741998014,0.836061852661243,0.8657666218816927,1.760452469653164,0.6591602298342815,-0.6421828106935161,-1.427178895941163,-0.2778440430541571
-1.135801134251626,1.3474752347605379,1.4006929949476854,0.97993375600267,0.8778243642581065,-1.8629937157088559,-0.7878908360715793,-0.2778440430541571
1.4133946288521837,0.39787356845343796,-0.8758541276354925,-1.3291007718800392,1.752480901953406,-1.5600565452172448,1.4057204177168938,-0.2778440430541571
0.5036552043306202,1.133611456791742,-0.8758541276354925,0.5943203439015342,0.339574187214845,-2.092138498516614,0.35713961545498457,-0.2778440430541571
1.0629764801475816,0.2909416794690399,-0.8758541276354925,-1.1246792040191955,1.0123869085189217,-1.5600565452172448,1.8830225281804513,-0.6790412603952891
0.07814745233217474,1.4974123399669221,-0.8758541276354925,-1.737943907601727,0.8610040462255043,0.4142134761490268,0.3744510909640266,-0.6790412603952891
-0.011382459287407807,-0.8376546705728132,-0.8758541276354925,0.41312849966124077,-1.0228715734259102,-0.05961132897887864,1.0211583546231984,-0.2778440430541571
0.4381924732539361,2.449338612556292,-0.8758541276354925,0.07862047952531553,0.7096211839320873,-0.38714596203177426,-1.403684750607465,-0.6790412603952891
-0.25811919421320323,-0.8376546705728132,0.9632662834841279,0.2946569091964332,-0.05570328655129997,0.722329059811436,-0.19398357271498226,0.877603942888303
0.20811022726382666,-0.8376546705728132,0.9870580669373538,1.3655471681038072,0.6423399118016796,-1.2221650858227546,-0.5665512563488418,-0.2778440430541571
-1.0895921476092607,-0.8374222099445863,1.3566859706518493,-0.85010387082429,-1.0228715734259102,0.4271595090760188,1.5763621048774397,-0.2778440430541571
-1.6960850972903032,0.9406691353633715,-0.8758541276354925,0.45958794690234156,-1.0228715734259102,-1.1082399960652263,2.0845775644642845,-0.614849705620708
-0.22317364806491463,-0.8376546705728132,-0.8758541276354925,0.45958794690234156,-1.0228715734259102,-1.0719911038696492,2.1216735834122296,-0.2778440430541571
-1.218592235319197,-0.8376546705728132,0.8642116033553382,0.10649614786997574,0.30593355114964127,0.251093461268928,0.5253082346856682,-0.2778440430541571
-0.9641540026196738,0.671014806620107,0.9683978446210981,-0.1007129868253342,-0.4223862196620218,0.4491677650519042,-0.32913673508199554,0.877603942888303
-0.11727805367616123,0.48737091032081464,-0.8758541276354925,2.1321280475819706,-1.0228715734259102,-0.5256685143505887,-1.2787948201493837,0.7171250559518502
-0.2713080091507116,-0.8376546705728132,0.6121431002332526,0.4521544353437656,-0.126348622288228,-0.3068805578844251,1.035996762202377,-0.502514484765191
1.0475734846001263,-0.6051940423458609,0.5858632871378594,-1.1664927065361865,1.3857979688426842,-0.447992316788637,0.8851396184807337,-0.614849705620708
0.3910207993898553,1.6322395043385547,-0.8758541276354925,-1.226889987949618,1.382433905236164,-1.5600565452172448,1.322872642066483,-0.614849705620708
-0.6496440872850763,2.8363855585541677,-0.8758541276354925,0.166893429283406,-1.0228715734259102,0.05690296736404886,-1.0401437649176055,-0.2778440430541571
1.6636933064983281,-0.8376546705728132,-0.8758541276354925,-0.7948171286073801,0.8694142052418055,0.743042712494622,-0.3513943464507619,-0.2778440430541571
0.056005646232708005,0.5571090987889004,-0.8758541276354925,-0.6554387868840776,0.154550688856224,-0.033719263124894754,0.254507296365671,-0.2778440430541571
-0.9255502450288646,-0.3121774204657876,1.0208019689592494,-0.5527634084812445,0.3547124734441867,1.1236560805481863,0.08943001204731604,-0.502514484765191
0.09451313510134561,1.3939673604059284,-0.8758541276354925,0.45958794690234156,-1.0228715734259102,-0.5256685143505887,-0.6877315849121293,0.7171250559518502
-1.0895921476092607,-0.8374222099445863,1.3566859706518493,-0.85010387082429,-1.0228715734259102,0.4271595090760188,1.5763621048774397,-0.6790412603952891
-1.3177490191559385,1.6264279886328807,-0.8758541276354925,0.9938715901750008,-1.0228715734259102,-0.010416403856309845,-0.3081156576781595,-0.6790412603952891
-1.0669689978989363,0.6721771097612418,1.1242107009618323,-0.3088513104654653,0.28743120131377914,0.4362217321249123,-0.33160980301185766,-0.2778440430541571
-1.2917564641696082,0.7430776013704621,0.7724655103004149,-0.19084431447306965,0.154550688856224,-0.40915421800766116,0.00720050337937186,-0.2778440430541571
0.8126778025014372,1.3590982661718856,-0.8758541276354925,-0.7994630733314899,0.9282853183559121,-0.36125389617779036,-0.21784867823816093,-0.2778440430541571
-0.2713080091507116,-0.8376546705728132,0.6121431002332526,0.4521544353437656,-0.126348622288228,-0.3068805578844251,1.035996762202377,0.1714968403679107
-0.25811919421320323,-0.8376546705728132,0.9632662834841279,0.2946569091964332,-0.05570328655129997,0.722329059811436,-0.19398357271498226,-0.6790412603952891
-0.6092112239730066,-0.21233558064231167,1.0195579541381654,-1.2301421492564948,0.5935609895071339,0.5397899955408478,0.08856443827186478,-0.2778440430541571
1.8947382397101538,-0.8376546705728132,-0.8758541276354925,2.1321280475819706,-1.0228715734259102,-0.5256685143505887,-2.2185606334973205,-0.2778440430541571
-1.079098856892557,-0.8376546705728132,1.6630246203437116,-0.26239186322436453,-0.26763929376208406,1.1132992542065903,0.08250542184370034,-0.502514484765191
-1.1858608697808548,1.2893600777038,-0.8758541276354925,0.5060473941434424,0.4909570495082623,-1.2377003253351455,1.1695424304149777,-0.2778440430541571
0.8126778025014372,1.3590982661718856,-0.8758541276354925,-0.7994630733314899,0.9282853183559121,-0.36125389617779036,-0.21784867823816093,-0.6790412603952891
-0.39742003519549973,0.2281773098477629,0.23598411870806768,3.010211600438776,-0.013652491469795174,-1.5496997188756518,-0.964715193056784,-0.2778440430541571
2.0487681951847043,-0.5354558538777753,1.036818659780702,1.295857997242156,-0.3618330747446548,-1.172970160700186,-0.9201999703192499,-0.614849705620708
-0.7189575672486238,2.7108568193116134,-0.8758541276354925,0.9938715901750008,-1.0228715734259102,-0.11916308044304189,-1.773408406121982,0.7171250559518502
-0.6316418362389882,-0.8376546705728132,0.6852289709719201,-1.0573130055195998,0.7213954065549084,0.4038566498074324,1.6120979364639596,0.877603942888303
-0.25388337043765313,-0.8376546705728132,0.6782313876033244,-1.6710423035745419,1.0544377036004264,0.4323379222468153,1.5622656176772207,-0.2778440430541571
-0.6201858583005685,0.30209978962393375,-0.49456358497333736,-0.017085981791352223,0.09567957574211734,1.2090998978663319,0.14964921613947993,-0.502514484765191
0.0271250295812298,-0.8376546705728132,-0.8758541276354925,0.13437181621463595,-1.0228715734259102,1.7010491490920259,0.00720050337937186,-0.2778440430541571
2.3279474894823267,-0.8376546705728132,-0.8758541276354925,-0.562519892401876,-0.14821503573061048,-1.5225130497289685,1.0087930149738833,-0.2778440430541571
1.615558945412531,-0.5587019167004705,0.3526105081846649,-0.9341954703306825,0.9299673501591722,-0.07255736190587059,-0.7594505548781555,-0.6790412603952891
-0.2713080091507116,-0.8376546705728132,0.6121431002332526,0.2468036785380993,-0.09270798622302413,-0.20383013578556874,1.0850871606101562,-0.2778440430541571
-1.248435539192391,0.7825959081690441,0.8128959919856352,0.4921095599711116,0.0031678265628066814,-1.03833141825947,0.0813925412752616,-0.2778440430541571
2.404962467219602,-0.8376546705728132,-0.8758541276354925,0.13437181621463595,0.13100224361058135,-0.681020909474492,-0.6605278376836358,-0.2778440430541571
1.1438422067717204,-0.8376546705728132,-0.8758541276354925,0.13437181621463595,-1.0228715734259102,0.8725030417645414,-0.4874130825932264,-0.2778440430541571
-1.0125771698719856,0.5106169731435098,-0.8758541276354925,0.45958794690234156,-1.0228715734259102,-0.33406722703110847,1.0310506263426498,-0.2778440430541571
0.6817523403480691,-0.8376546705728132,-0.8758541276354925,0.45958794690234156,-1.0228715734259102,1.0796395685964124,0.43998739110539536,-0.6790412603952891
-1.2051146142151736,0.34789453338464327,-0.8758541276354925,0.45958794690234156,-1.0228715734259102,-1.0952939631382341,2.0981794380785312,-0.6790412603952891
-0.40608422019094326,-0.8376546705728132,-0.8758541276354925,0.5525068413845432,-1.0228715734259102,-0.05961132897887864,1.379753204453332,-0.6790412603952891
0.5614164376335766,-0.8376546705728132,-0.8758541276354925,-0.009652470232776255,-0.450980760317445,0.1708280571215774,0.5364370403700515,-0.2778440430541571
1.2208571845089957,-0.8376546705728132,-0.8758541276354925,-0.33022265619637203,-1.0228715734259102,1.9081856759238969,-0.9696613289165097,-0.2778440430541571
0.9801853790800106,0.26653331350521,-0.8758541276354925,2.1321280475819706,-1.0228715734259102,-0.5256685143505887,-2.2185606334973205,-0.2778440430541571
0.9753719429714308,0.9197476788229457,-0.8758541276354925,-1.3105169929835987,1.6515589937577946,2.0933139467798814,-2.0825418973548557,0.7331729446454954
-0.7189575672486238,0.7395906919470577,-0.8758541276354925,0.166893429283406,-1.0228715734259102,1.3411494337216503,-0.17456998946555857,-0.614849705620708
-0.8456472056264416,-0.8376546705728132,1.0707180636552331,-0.7200174185492071,0.6389758481951593,1.3773983259172273,0.315097460647314,0.877603942888303
0.4121999182676059,1.0685224808881952,-0.8758541276354925,0.36666905242014,-0.18185567179581433,-1.3283225558240892,0.00720050337937186,-0.2778440430541571
-1.0669689978989363,0.6721771097612418,1.1242107009618323,-0.3088513104654653,0.28743120131377914,0.4362217321249123,-0.33160980301185766,-0.502514484765191
-1.1877862442242866,-0.8376546705728132,1.3447123279989188,0.5199852283157731,0.5077773675408641,-1.2351111187497466,1.1658328285201838,-0.2778440430541571
1.004252559622909,-0.8376546705728132,-0.8758541276354925,0.166893429283406,-1.0228715734259102,0.973482098595078,-0.4218767824518577,-0.2778440430541571
-0.011382459287407807,-0.8376546705728132,-0.8758541276354925,0.41312849966124077,-1.0228715734259102,-0.05961132897887864,1.0211583546231984,2.1614350383799255
0.5854836181764751,-0.8376546705728132,-0.8758541276354925,0.6918851831078455,-1.0228715734259102,-0.05961132897887864,0.09375788092457656,5.130294446704302
-1.2339952308666517,1.9146791676343018,-0.8758541276354925,-0.38597399288569245,0.9787462724537179,1.2518218065254048,-1.2194411898326725,-0.2778440430541571
-1.0722637776183737,2.0704277885463593,-0.8758541276354925,0.9938715901750008,-1.0228715734259102,0.03877852126626043,-0.9993381440748653,0.7171250559518502
-1.2243683586494924,-0.8376546705728132,2.0009301461205724,-0.7018982341251785,1.6683793117903964,1.3126681612822675,-1.179872102954864,-0.2778440430541571
-0.8152262894202178,2.535349045000264,-0.8758541276354925,0.166893429283406,-1.0228715734259102,0.3313588654162787,-0.8546636701778811,-0.2778440430541571
-0.40608422019094326,-0.8376546705728132,-0.8758541276354925,0.5060473941434424,-1.0228715734259102,-0.05961132897887864,1.379753204453332,2.1614350383799255
0.6817523403480691,-0.8376546705728132,-0.8758541276354925,0.45958794690234156,-1.0228715734259102,1.0796395685964124,0.43998739110539536,1.1985617167612086
1.615558945412531,-0.5587019167004705,0.3526105081846649,-0.9341954703306825,0.7096211839320873,-0.07255736190587059,-0.7594505548781555,-0.2778440430541571
-1.214741486432333,-0.8376546705728132,0.8657666218816927,0.08791236897353516,0.32275386918224314,0.251093461268928,0.5265447686506001,-0.2778440430541571
-0.2713080091507116,-0.8376546705728132,0.6121431002332526,0.2468036785380993,-0.09270798622302413,-0.20383013578556874,1.0850871606101562,0.1714968403679107
-0.011382459287407807,-0.8376546705728132,-0.8758541276354925,0.41312849966124077,-1.0228715734259102,-0.05961132897887864,1.0211583546231984,0.7171250559518502
2.520484933825515,-0.8376546705728132,-0.8758541276354925,-0.4231415506785736,-1.0228715734259102,1.9729158405588567,-1.9836191801603362,3.6057450208080004
-0.6201858583005685,0.30209978962393375,-0.49456358497333736,-0.017085981791352223,0.09567957574211734,1.2090998978663319,0.14964921613947993,-0.2778440430541571
0.3910207993898553,1.6322395043385547,-0.8758541276354925,-1.226889987949618,1.382433905236164,-1.5600565452172448,1.322872642066483,-0.6790412603952891
1.8947382397101538,0.5431614610952832,-0.8758541276354925,-0.04682002802565742,0.47413673147566043,-1.5600565452172448,0.09994055074923404,0.7331729446454954
-0.2490699343290734,-0.8376546705728132,0.6597266671397043,-1.66593176437802,1.3605674917937813,0.19620228165848205,1.429338216447085,-0.2778440430541571
0.17152811283862082,-0.8376546705728132,0.7833506399848974,1.8254956957907054,0.743261819997291,-1.9859810285152795,0.06160799783635739,-0.2778440430541571
-0.6226888450770298,-0.8376546705728132,1.8336101526848145,-1.2775307854424167,0.9383775091754734,1.0317392467665416,0.02550120606035822,0.1714968403679107
-0.15674822976651498,0.44669030038109797,0.4630168235558435,0.6175500675220845,-0.18185567179581433,-1.0020825260638917,-0.504724558102267,-0.2778440430541571
-0.6092112239730066,-0.21233558064231167,1.0195579541381654,-1.2301421492564948,0.5935609895071339,0.5397899955408478,0.08856443827186478,0.877603942888303
0.9936630001840335,-0.8376546705728132,-0.8758541276354925,0.166893429283406,-1.0228715734259102,1.7088167688482199,0.13456350176731535,-0.2778440430541571
0.7780210625196632,-0.6168170737572085,1.3167219945245354,-1.3058710482594889,0.8122251239309589,-0.3962081850806692,0.3410646739108757,0.1714968403679107
2.4367311455362275,-0.8376546705728132,-0.8758541276354925,-1.872676304600918,3.7204581117678304,-1.5600565452172448,1.4873316594023727,0.1714968403679107
0.5874089926199069,-0.8376546705728132,-0.8758541276354925,0.166893429283406,-1.0228715734259102,1.2505272032327068,-0.23639668771213335,-0.614849705620708
-0.02996232266652552,-0.8376546705728132,1.0111608540958505,-1.051273277378257,0.6423399118016796,1.0485690895716306,0.05047919215197421,-0.502514484765191
-1.1396518831384896,2.0681031822640903,-0.8758541276354925,-0.6368550079876371,1.0292072265515235,0.9929011479855658,-1.0537456385318509,-0.2778440430541571
-0.24724082860781316,-0.8376546705728132,-0.8758541276354925,0.166893429283406,-1.0228715734259102,1.7994389993371633,0.13456350176731535,-0.2778440430541571
2.520484933825515,-0.8376546705728132,-0.8758541276354925,-0.9341954703306825,-0.6023636226108623,0.8725030417645414,-1.204602782253494,-0.2778440430541571
0.18269528461052598,-0.8376546705728132,0.9519146482417393,-0.33951454564459166,0.5784227032777922,0.6498312754202793,-0.24690722641404994,-0.502514484765191
0.6817523403480691,-0.8376546705728132,-0.8758541276354925,0.45958794690234156,-1.0228715734259102,1.0796395685964124,0.43998739110539536,0.7171250559518502
0.365028244403525,1.6113180477981288,-0.8758541276354925,0.166893429283406,-1.0228715734259102,0.05690296736404886,-1.0401437649176055,-0.2778440430541571
-0.2713080091507116,-0.8376546705728132,-0.8758541276354925,-0.0050065255086664375,-1.0228715734259102,1.649265017384058,0.5760061272478598,-0.614849705620708
-0.05181532259947719,1.2765747431513177,-0.8758541276354925,0.166893429283406,-1.0228715734259102,0.5151925329795634,-0.7310102736847316,-0.614849705620708
2.0487681951847043,-0.5354558538777753,1.036818659780702,1.295857997242156,-0.3618330747446548,-1.172970160700186,-0.9201999703192499,0.1714968403679107
-0.25205426471639286,-0.8376546705728132,-0.8758541276354925,0.13437181621463595,-1.0228715734259102,1.7916713795809696,0.13085389987252144,-0.2778440430541571
-0.8038665802039697,-0.8376546705728132,0.6872504950561812,-0.7660122713178974,0.23528821541271325,0.43751633541761176,1.6381888031240144,-0.2778440430541571
0.9224241457770541,1.361422872454155,-0.8758541276354925,-0.5578739476777662,0.6759805478668833,-0.6020501086198409,-0.20671987255377633,0.1714968403679107
-1.0669689978989363,0.6721771097612418,1.1242107009618323,-0.3088513104654653,0.28743120131377914,0.4362217321249123,-0.33160980301185766,0.1714968403679107
-1.0895921476092607,0.655904865785355,1.1783253456789733,-0.3274350893619059,0.3362101236083247,0.42974871566141626,-0.33160980301185766,0.1714968403679107
-0.8152262894202178,2.535349045000264,-0.8758541276354925,0.166893429283406,-1.0228715734259102,0.3313588654162787,-0.8546636701778811,-0.614849705620708
-1.195487741998014,1.1847527950016714,2.0009301461205724,2.1321280475819706,0.154550688856224,-1.6519733789988877,-1.995984519809651,-0.2778440430541571
1.4133946288521837,0.39787356845343796,-0.8758541276354925,-1.3291007718800392,1.752480901953406,-1.5600565452172448,1.4057204177168938,-0.614849705620708
-1.3812863757891907,-0.8376546705728132,1.7008115705341287,-0.08863353054264841,0.6591602298342815,-0.15023355946782227,0.3892894985432037,-0.2778440430541571
-0.6364552723475678,-0.8376546705728132,1.0153594041170082,-0.08352299134612669,-0.06579547737086106,1.1003532212795983,0.07298411031372805,-0.502514484765191
-1.0522398834066824,-0.346930284385717,1.0562563913601348,-1.1047016417055218,0.7987688695048774,1.4007011851858122,0.28109277661169785,0.877603942888303
-1.3687714419068835,1.440459486051319,0.6480640281920446,0.7848040775900472,-0.013652491469795174,-1.626081313144904,0.11848856022320647,-0.2778440430541571
1.9910069618817476,-0.8376546705728132,-0.8758541276354925,-1.6775466261882952,-1.0228715734259102,1.9081856759238969,0.3286993342615607,-0.2778440430541571
-0.25388337043765313,-0.8376546705728132,0.6782313876033244,-1.6710423035745419,1.0544377036004264,0.4323379222468153,1.5622656176772207,-0.502514484765191
1.8369770064071973,0.524564610837127,-0.8758541276354925,-2.0585140935653214,4.393270833071907,-1.5600565452172448,0.8294955900588165,0.1714968403679107
-0.2490699343290734,-0.8376546705728132,0.6597266671397043,-1.66593176437802,1.3605674917937813,0.19620228165848205,1.429338216447085,-0.6790412603952891
-0.40608422019094326,-0.8376546705728132,-0.8758541276354925,0.5525068413845432,-1.0228715734259102,-0.05961132897887864,1.379753204453332,-0.2778440430541571
-0.6226888450770298,-0.8376546705728132,1.8336101526848145,-1.2775307854424167,0.9383775091754734,1.0317392467665416,0.02550120606035822,-0.502514484765191
0.3380730021954786,2.2099041654825307,-0.8758541276354925,-0.30699293257582166,0.4236757773778546,0.961830668960787,-1.9984575877395148,0.7331729446454954
-1.0185458306466244,-0.6794652130643722,1.8045313062419828,-1.177642973874051,-0.3265104068761909,0.4362217321249123,1.026104490482924,0.1714968403679107
-0.40608422019094326,-0.8376546705728132,-0.8758541276354925,0.5525068413845432,-1.0228715734259102,-0.05961132897887864,1.379753204453332,0.7171250559518502
1.1900511934140856,0.26304640408180574,-0.8758541276354925,-1.6125034000507539,0.8946446822907084,-0.33406722703110847,0.9729335299908702,0.1714968403679107
0.09451313510134561,1.3939673604059284,-0.8758541276354925,0.45958794690234156,-1.0228715734259102,-0.5256685143505887,-0.6877315849121293,-0.614849705620708
-0.5373947572329973,-0.8376546705728132,0.627382281791528,0.33368284487895805,-0.2726853891718647,-0.0715216792717107,1.1982300184013892,0.877603942888303
1.4374618093950822,-0.2855606785338016,-0.8758541276354925,2.1321280475819706,-1.0228715734259102,-0.5256685143505887,-2.2185606334973205,-0.2778440430541571
0.3342222533086145,1.0278418709484787,-0.8758541276354925,-0.20942809336951024,0.5918789577038738,-0.7250374214262643,-0.172096921535695,-0.2778440430541571
-0.8456472056264416,-0.8376546705728132,1.0707180636552331,-0.9411643874168478,0.6389758481951593,1.4952072255528528,0.36072556395328687,0.1714968403679107
-1.3331520147033937,1.0673601777470605,1.1099045305193695,2.536325238579547,-0.047293127534999035,-1.3464470019218777,-1.4568557110995188,-0.2778440430541571
0.9994391235143294,-0.8376546705728132,-0.8758541276354925,0.18083126345573677,-1.0228715734259102,0.963125272253485,-0.42558638434665164,-0.2778440430541571
-0.42716707034652235,-0.8376546705728132,0.5948823945907161,0.7332340911524247,-0.2546876488769806,-0.3309601791286303,0.9736754503698285,0.877603942888303
1.4037677566350242,-0.5819479795231657,1.1767703271526186,-0.6554387868840776,0.47750079508218074,-1.9497321363197027,-0.2895676482041871,0.1714968403679107
1.5481708398924152,1.2196218892357142,-0.8758541276354925,0.18083126345573677,0.8441837281929024,-1.1354266652119096,-0.8101484474403471,0.1714968403679107
-0.8038665802039697,-0.8376546705728132,0.6872504950561812,-0.7660122713178974,0.23528821541271325,0.43751633541761176,1.6381888031240144,0.1714968403679107
0.9801853790800106,0.26653331350521,-0.8758541276354925,2.1321280475819706,-1.0228715734259102,-0.5256685143505887,-2.2185606334973205,5.130294446704302
2.3472012339166457,-0.8376546705728132,-0.8758541276354925,-1.6775466261882952,-1.0228715734259102,-0.9917256997222986,1.5157719405957966,-0.614849705620708
-1.6354358023221989,1.049925630630039,-0.8758541276354925,0.9938715901750008,-1.0228715734259102,-0.44540311020323803,0.9346009770779936,0.7171250559518502
1.4133946288521837,0.39787356845343796,-0.8758541276354925,-1.4266656110863507,2.1057075806380463,-0.4738843826426209,0.3744510909640266,-0.6790412603952891
0.26105802445820336,1.5276322216364262,-0.8758541276354925,0.9938715901750008,-1.0228715734259102,-0.093271014589058,-1.7610430664726668,0.7171250559518502
-0.251091577494677,0.2909416794690399,0.2997398782886074,0.5432149519363235,0.373214823280049,-1.7749606918053114,0.5933176027569005,-0.2778440430541571
-0.6316418362389882,-0.8376546705728132,0.6852289709719201,-1.0573130055195998,0.7213954065549084,0.4038566498074324,1.6120979364639596,0.1714968403679107
1.4133946288521837,0.39787356845343796,-0.8758541276354925,-1.3291007718800392,1.752480901953406,-1.5600565452172448,1.4057204177168938,0.7331729446454954
0.4218267904847653,-0.8376546705728132,-0.8758541276354925,0.9706418665544504,-1.0228715734259102,0.01806486858307302,0.3286993342615607,-0.502514484765191
-0.6321231798498459,-0.8376546705728132,0.6849179672666493,-1.058706788936833,0.4421781272137169,0.45564078151540016,1.6096248685340975,0.877603942888303
-0.3863491321457664,-0.8376546705728132,0.5875738075168494,0.21149449863486314,0.154550688856224,-0.29380506462816336,0.9099939511758567,-0.6790412603952891
2.0487681951847043,-0.5354558538777753,1.036818659780702,1.295857997242156,-0.3618330747446548,-1.172970160700186,-0.9201999703192499,-0.6790412603952891
0.4121999182676059,-0.8376546705728132,1.1145695860984335,-0.0050065255086664375,0.8273634101603007,-1.3283225558240892,0.0813925412752616,-0.2778440430541571
1.0629764801475816,0.2909416794690399,-0.8758541276354925,-1.1246792040191955,1.0123869085189217,-1.5600565452172448,1.8830225281804513,0.1714968403679107
0.09836388398820915,0.5687321302002479,-0.8758541276354925,-0.21871998281772986,0.154550688856224,-0.8376679078910948,0.6934768539163519,-0.2778440430541571
-1.1377265086950579,2.0681031822640903,-0.8758541276354925,-0.6554387868840776,0.9955665904863198,0.9890173381074688,-1.0562187064617143,-0.2778440430541571
-0.4641342596604145,-0.8376546705728132,0.9638882908946699,0.6208022288289613,-0.24409084851644144,0.735275092738428,-0.18334938061657122,-0.6790412603952891
1.4374618093950822,-0.2855606785338016,-0.8758541276354925,2.1321280475819706,-1.0228715734259102,-0.5256685143505887,-2.2185606334973205,5.130294446704302
0.1927072317163714,-0.8376546705728132,0.7880156955639612,1.2819201630698251,0.8441837281929024,-1.2040406397249663,-0.3612866181702133,-0.2778440430541571
0.3380730021954786,2.2099041654825307,-0.8758541276354925,-0.30699293257582166,0.4236757773778546,0.961830668960787,-1.9984575877395148,-0.2778440430541571
-1.3013833363867677,1.1266376379449334,1.3478223650516281,0.41312849966124077,0.32275386918224314,-0.07255736190587059,-1.6126589906808875,-0.2778440430541571
1.8947382397101538,-0.8376546705728132,-0.8758541276354925,2.1321280475819706,-1.0228715734259102,-0.5256685143505887,-2.2185606334973205,5.130294446704302
-0.3849051013131927,1.0080827175491878,-0.8758541276354925,0.166893429283406,-1.0228715734259102,0.8802706615207354,-0.4837034806984325,-0.614849705620708
-0.17503928697911764,0.3362715019732957,0.3370603229211186,-0.5160604451607752,0.6591602298342815,-0.4738843826426209,-0.12881823276309268,-0.2778440430541571
-0.7526516200086817,-0.8376546705728132,-0.8758541276354925,-0.09792541999086804,-1.0228715734259102,1.9729158405588567,0.8851396184807337,-0.614849705620708
-0.15578554254479884,0.4525018160867718,0.46146180502948897,0.5989662886256439,-0.18185567179581433,-1.0046717326492907,-0.4997784222425414,-0.2778440430541571
0.9801853790800106,-0.8376546705728132,-0.8758541276354925,2.1321280475819706,-1.0228715734259102,-0.5256685143505887,-1.2787948201493837,5.130294446704302
-0.40608422019094326,0.987161261008762,-0.8758541276354925,0.45958794690234156,-1.0228715734259102,-5.957751471540618e-05,-0.3006964538885703,-0.6790412603952891
1.615558945412531,-0.5587019167004705,0.3526105081846649,-0.9341954703306825,0.9350134455689529,-0.07255736190587059,-0.7594505548781555,-0.2778440430541571
-0.21836021195633495,1.1417475787796854,-0.8758541276354925,0.166893429283406,-1.0228715734259102,0.6990262005428481,-0.607356877191582,-0.614849705620708
-0.26938263470727986,1.1010669688399688,-0.8758541276354925,0.9938715901750008,-1.0228715734259102,0.06467058712024432,-0.9807901346008929,0.7171250559518502
0.5854836181764751,-0.8376546705728132,-0.8758541276354925,0.13437181621463595,-1.0228715734259102,1.2479379966473079,-0.2401062896069273,-0.614849705620708
-0.05374069704290896,-0.8376546705728132,0.5174424719782555,0.7708662434177164,0.7600821380298929,-0.5347307373994836,-0.13871050448254407,-0.2778440430541571
-0.5771537394898659,-0.20257223425677964,1.048947804286268,-1.9214587242040744,0.9804283042569781,1.3346764172581544,0.2380613946320816,0.1714968403679107
-0.8489203421802758,1.3707212975832332,-0.8758541276354925,2.1321280475819706,-1.0228715734259102,-0.5256685143505887,-1.2787948201493837,2.1614350383799255
-0.6371291534027689,0.8046796678506046,-0.8758541276354925,0.9938715901750008,-1.0228715734259102,0.010297248826877561,-0.2895676482041871,-0.6790412603952891
-0.22317364806491463,-0.8376546705728132,-0.8758541276354925,0.45958794690234156,-1.0228715734259102,-1.0719911038696492,2.1216735834122296,0.7171250559518502
-1.2522862880792547,-0.8376546705728132,1.2483011793649317,-1.1153873145709758,1.6851996298229985,0.3779645839534485,0.7008960577059412,-0.2778440430541571
-1.5613088862500715,1.1731297635903237,-0.8758541276354925,0.45958794690234156,-1.0228715734259102,-0.8130704453298104,1.465074048033605,0.7171250559518502
-0.9319039806921898,-0.8376546705728132,1.7211823132293744,-0.5815682657707272,0.24874446983879464,1.0744611554256145,0.054188794046768136,0.877603942888303
-0.6496440872850763,2.8363855585541677,-0.8758541276354925,0.166893429283406,-1.0228715734259102,0.05690296736404886,-1.0401437649176055,-0.614849705620708
0.17152811283862082,-0.8376546705728132,-0.8758541276354925,0.18083126345573677,-1.0228715734259102,1.5198046881141387,-0.054626194867202923,-0.614849705620708
-1.278278843065585,-0.8376546705728132,1.9060740160129401,0.9102445851410188,0.2891132331170393,-1.9238400704657186,1.1781981681694988,-0.2778440430541571
-0.011382459287407807,0.5199153982725879,0.5392127313472205,0.3945447207648002,0.154550688856224,-0.33795103690920547,-1.3332023146063692,-0.2778440430541571
0.5084686404391999,1.138260669356281,-0.8758541276354925,0.5989662886256439,0.32275386918224314,-2.092138498516614,0.35343001356019066,-0.2778440430541571
1.615558945412531,-0.5587019167004705,0.3526105081846649,-0.9341954703306825,0.9350134455689529,-0.07255736190587059,-0.7594505548781555,-0.2778440430541571
0.9801853790800106,0.26653331350521,-0.8758541276354925,2.1321280475819706,-1.0228715734259102,-0.5256685143505887,-2.2185606334973205,0.7171250559518502
-1.3687714419068835,1.0452764180655,1.083469215571341,-0.46960099791967447,0.6591602298342815,-0.6421828106935161,-0.11645289311377771,-0.2778440430541571
1.4037677566350242,-0.5819479795231657,1.1767703271526186,-0.6554387868840776,0.47750079508218074,-1.9497321363197027,-0.2895676482041871,-0.2778440430541571
0.365028244403525,1.6113180477981288,-0.8758541276354925,0.166893429283406,-1.0228715734259102,0.05690296736404886,-1.0401437649176055,-0.614849705620708
-1.1463906936905013,1.332365293925786,-0.8758541276354925,-0.3023469878517118,0.8778243642581065,0.22002298224414765,0.19144406415416443,-0.2778440430541571
1.1438422067717204,-0.6377385302976343,1.5810751440048225,-0.7018982341251785,2.4757545773552887,-0.07255736190587059,-1.7363123871740371,-0.2778440430541571
0.9753719429714308,0.9197476788229457,-0.8758541276354925,-1.3105169929835987,1.6515589937577946,2.0933139467798814,-2.0825418973548557,-0.6790412603952891
-0.11727805367616123,0.48737091032081464,-0.8758541276354925,2.1321280475819706,-1.0228715734259102,-0.5256685143505887,-1.2787948201493837,3.6057450208080004
-1.0073786588747196,-0.2559219484348652,1.8225695211476964,-0.8055028014728327,0.06540300328343379,0.43492712883221424,0.2483246265410135,0.877603942888303
-1.0522398834066824,-0.346930284385717,1.0562563913601348,-1.1047016417055218,0.7987688695048774,1.4007011851858122,0.28109277661169785,-0.2778440430541571
0.16873631989564442,-0.8376546705728132,0.6113655909700753,-0.4909723436505812,0.4690906360658797,-0.22609731241999523,1.0607274415010068,-0.6790412603952891
2.289440000613689,-0.8376546705728132,-0.8758541276354925,-0.9341954703306825,0.35639450524744687,-2.2215988277865333,0.35343001356019066,-0.2778440430541571
0.9416778902113729,-0.8376546705728132,-0.8758541276354925,1.5095714545512193,-1.0228715734259102,0.3999728399293354,-0.13673205013865405,0.877603942888303
-1.0972936453829885,-0.8376546705728132,2.2357379436001215,-0.04217408330154761,1.0964884986819312,-1.5963054374128232,0.8975049581300487,-0.2778440430541571
0.11713628481167042,-0.8376546705728132,0.6197626910123903,-0.651722031104789,0.5599203534419301,-0.14790327354096436,1.132446411467033,0.1714968403679107
1.4374618093950822,-0.2855606785338016,-0.8758541276354925,2.1321280475819706,-1.0228715734259102,-0.5256685143505887,-2.2185606334973205,3.6057450208080004
-0.6364552723475678,-0.8376546705728132,1.0153594041170082,-0.08352299134612669,-0.06579547737086106,1.1003532212795983,0.07298411031372805,-0.2778440430541571
0.5277223848735186,-0.6342516208742299,1.658826070322554,-0.7018982341251785,1.9879653544098326,0.3028775929768958,-1.501370933837053,-0.2778440430541571
-0.733397875574363,-0.7098013250479894,1.3167219945245354,1.1100202082777528,-0.7335621032651573,-0.3962081850806692,0.3410646739108757,0.1714968403679107
0.22928934614157723,-0.8376546705728132,-0.8758541276354925,0.9706418665544504,-1.0228715734259102,0.01806486858307302,0.538910108299915,-0.2778440430541571
-0.3863491321457664,-0.8376546705728132,0.5875738075168494,0.21149449863486314,0.154550688856224,-0.29380506462816336,0.9099939511758567,0.1714968403679107
0.5854836181764751,-0.8376546705728132,-0.8758541276354925,0.6918851831078455,-1.0228715734259102,-0.05961132897887864,0.09375788092457656,-0.614849705620708
0.5084686404391999,-0.8376546705728132,-0.8758541276354925,0.45958794690234156,-1.0228715734259102,0.6783125478596622,0.5883714668971748,-0.614849705620708
-0.011382459287407807,-0.8376546705728132,-0.8758541276354925,0.41312849966124077,-1.0228715734259102,-0.05961132897887864,1.0211583546231984,-0.502514484765191
-0.4830991979282185,3.1385843752492053,-0.8758541276354925,0.166893429283406,-1.0228715734259102,-0.21755293068818096,-1.22562385965733,-0.2778440430541571
-0.7189575672486238,2.7108568193116134,-0.8758541276354925,0.9938715901750008,-1.0228715734259102,-0.11916308044304189,-1.773408406121982,-0.6790412603952891
0.1619012406214614,-0.8376546705728132,-0.8758541276354925,0.13437181621463595,-1.0228715734259102,1.2479379966473079,-0.054626194867202923,-0.2778440430541571
-0.8423740690726073,-0.8376546705728132,1.0741391044132134,-0.927691147716929,0.28406713770725867,1.5198046881141387,0.3782843462553136,-0.502514484765191
-1.2051146142151736,0.34789453338464327,-0.8758541276354925,0.45958794690234156,-1.0228715734259102,-1.0952939631382341,2.0981794380785312,-0.2778440430541571
-1.0722637776183737,2.0704277885463593,-0.8758541276354925,0.9938715901750008,-1.0228715734259102,0.03877852126626043,-0.9993381440748653,-0.2778440430541571
-0.011382459287407807,-0.8376546705728132,-0.8758541276354925,0.41312849966124077,-1.0228715734259102,-0.05961132897887864,1.0211583546231984,-0.6790412603952891
0.5277223848735186,-0.8376546705728132,-0.8758541276354925,0.45958794690234156,-1.0228715734259102,-0.5360253406921817,0.8554628033223781,-0.2778440430541571
-0.8038665802039697,-0.8376546705728132,0.6872504950561812,-0.5546217863708895,0.23528821541271325,0.3287696588308797,1.5874909105618227,-0.6790412603952891
-0.5373947572329973,-0.8376546705728132,0.627382281791528,0.33368284487895805,-0.2726853891718647,-0.0715216792717107,1.1982300184013892,0.1714968403679107
-0.4469984271138707,-0.8376546705728132,1.0153594041170082,-0.3785404813271165,0.10745379836493858,1.0848179817672103,0.06222626481882398,0.1714968403679107
-1.166607125346536,1.9053807425052236,-0.8758541276354925,0.45958794690234156,-1.0228715734259102,-0.48165200239881634,0.09623094885444011,-0.2778440430541571
0.33518494053033066,0.8476848840725907,-0.8758541276354925,-0.19084431447306965,0.32275386918224314,0.38055379053884747,-1.0438533668123995,-0.2778440430541571
-1.6354358023221989,1.049925630630039,-0.8758541276354925,0.9938715901750008,-1.0228715734259102,-0.44540311020323803,0.9346009770779936,-0.614849705620708
-0.4253379646252621,0.9755382295974143,-0.8758541276354925,0.3202096051790392,-0.03888296851869811,0.10868709907201664,-0.16591425171103755,-0.2778440430541571
-1.0185458306466244,-0.6794652130643722,1.8045313062419828,-1.177642973874051,-0.3265104068761909,0.4362217321249123,1.026104490482924,-0.2778440430541571
0.9320510179942135,0.25258567581159286,-0.8758541276354925,-2.578859902665651,2.9130828462029377,-1.5600565452172448,2.710263750719622,-0.6790412603952891
1.8369770064071973,0.524564610837127,-0.8758541276354925,-2.0585140935653214,4.393270833071907,-1.5600565452172448,0.8294955900588165,-0.2778440430541571
-1.038569724858316,0.9697267138917406,-0.8758541276354925,0.166893429283406,-1.0228715734259102,0.6990262005428481,-0.607356877191582,-0.614849705620708
-0.829666597745957,2.5097783758952996,-0.8758541276354925,0.45958794690234156,-1.0228715734259102,-0.5541497867899715,-0.7087526623159639,-0.2778440430541571
-0.8456472056264416,-0.8376546705728132,1.0707180636552331,-0.7200174185492071,0.6389758481951593,1.3773983259172273,0.315097460647314,-0.6790412603952891
1.0754914140298883,1.3590982661718856,-0.8758541276354925,-1.682192570912405,2.6775983937465115,-0.36125389617779036,-0.21784867823816093,-0.614849705620708
1.0629764801475816,0.2909416794690399,-0.8758541276354925,-1.1246792040191955,1.0123869085189217,-1.5600565452172448,1.8830225281804513,-0.2778440430541571
-0.2713080091507116,-0.8376546705728132,0.6121431002332526,0.4521544353437656,-0.126348622288228,-0.3068805578844251,1.035996762202377,-0.2778440430541571
-0.3868304757566245,-0.8376546705728132,-0.8758541276354925,0.18083126345573677,-1.0228715734259102,1.895239642996905,0.1926805981190962,-0.614849705620708
1.615558945412531,-0.5587019167004705,0.3526105081846649,-0.9341954703306825,0.9299673501591722,-0.07255736190587059,-0.7594505548781555,0.1714968403679107
-1.0895921476092607,0.655904865785355,1.1783253456789733,-0.3274350893619059,0.3362101236083247,0.42974871566141626,-0.33160980301185766,-0.2778440430541571
0.9320510179942135,0.25258567581159286,-0.8758541276354925,-2.578859902665651,2.9130828462029377,-1.5600565452172448,2.710263750719622,-0.614849705620708
-1.183935495337423,1.2998208059740128,1.3509324021043372,0.5432149519363235,0.524597685573466,-1.2040406397249663,-0.9263826401439074,-0.2778440430541571
0.3380730021954786,2.2099041654825307,-0.8758541276354925,-0.30699293257582166,0.4236757773778546,0.961830668960787,-1.9984575877395148,-0.614849705620708
-0.5771537394898659,-0.20257223425677964,1.048947804286268,-1.9214587242040744,0.9804283042569781,1.3346764172581544,0.2380613946320816,-0.502514484765191
0.4160506671544694,-0.8376546705728132,1.113014567572079,0.018223198111883963,0.9114650003233102,-1.3270279525313897,0.07768293938046768,-0.2778440430541571
0.4651477154619826,-0.8376546705728132,1.268516420207542,0.7848040775900472,0.793722774095097,-2.220304224493834,0.23595928689169857,-0.2778440430541571
-1.2840549663958807,-0.8376546705728132,1.2016506235742928,-0.06075786219798687,0.8441837281929024,0.08926804968152872,0.4709007402286827,-0.2778440430541571
-1.0992190198264202,1.0568994494768476,1.1145695860984335,0.6918851831078455,0.32275386918224314,-0.15023355946782227,-1.6373896699795174,-0.2778440430541571
0.27742370722737425,-0.8376546705728132,-0.8758541276354925,0.5060473941434424,-1.0228715734259102,-0.05961132897887864,0.4770834100533402,2.1614350383799255
1.1727228234231986,-0.8376546705728132,-0.8758541276354925,0.22729071069683757,-1.0228715734259102,0.6783125478596622,-0.3513943464507619,-0.2778440430541571
1.8369770064071973,0.524564610837127,-0.8758541276354925,-2.0585140935653214,4.393270833071907,-1.5600565452172448,0.8294955900588165,-0.614849705620708
-0.766129241112705,0.7012346882896108,-0.8758541276354925,0.45958794690234156,-1.0228715734259102,0.07502741346183728,0.6440154953190921,-0.2778440430541571
-1.0895921476092607,0.655904865785355,1.1783253456789733,-0.3274350893619059,0.3362101236083247,0.42974871566141626,-0.33160980301185766,-0.502514484765191
-0.3714274802091695,3.3396628186655186,-0.8758541276354925,0.166893429283406,-1.0228715734259102,-0.4013865982514657,-1.3492772561504796,-0.2778440430541571
0.9801853790800106,-0.8376546705728132,-0.8758541276354925,2.1321280475819706,-1.0228715734259102,-0.5256685143505887,-1.2787948201493837,2.1614350383799255
-0.3916439118652042,1.922815289622245,-0.8758541276354925,2.1321280475819706,-1.0228715734259102,-0.5256685143505887,-2.2185606334973205,5.130294446704302
-0.6226888450770298,-0.8376546705728132,1.8336101526848145,-1.2775307854424167,0.9383775091754734,1.0317392467665416,0.02550120606035822,0.877603942888303
-0.42716707034652235,-0.8376546705728132,0.5948823945907161,0.7332340911524247,-0.2546876488769806,-0.3309601791286303,0.9736754503698285,-0.2778440430541571
0.7780210625196632,-0.6168170737572085,1.3167219945245354,-1.3058710482594889,0.8122251239309589,-0.3962081850806692,0.3410646739108757,-0.2778440430541571
-1.3783983141240428,-0.8376546705728132,1.7054766261131928,-0.09792541999086804,0.6591602298342815,-0.15023355946782227,0.3905260325081355,-0.2778440430541571
0.27742370722737425,-0.8376546705728132,-0.8758541276354925,0.5060473941434424,-1.0228715734259102,-0.05961132897887864,0.4770834100533402,0.7171250559518502
0.5084686404391999,-0.8376546705728132,-0.8758541276354925,0.45958794690234156,-1.0228715734259102,-1.2118082594811617,0.6378328254944347,-0.6790412603952891
0.4381924732539361,2.449338612556292,-0.8758541276354925,0.07862047952531553,0.7096211839320873,-0.38714596203177426,-1.403684750607465,-0.614849705620708
-1.0073786588747196,-0.2559219484348652,1.8225695211476964,-0.8055028014728327,0.06540300328343379,0.43492712883221424,0.2483246265410135,0.1714968403679107
-0.8423740690726073,-0.8376546705728132,1.0741391044132134,-0.927691147716929,0.28406713770725867,1.5198046881141387,0.3782843462553136,0.1714968403679107
-0.6226888450770298,-0.8376546705728132,1.8336101526848145,-1.0638173281333534,0.9383775091754734,0.9191087603017112,-0.01876670988418983,0.877603942888303
-0.8456472056264416,-0.8376546705728132,1.0707180636552331,-0.7200174185492071,0.6389758481951593,1.3773983259172273,0.315097460647314,-0.2778440430541571
0.6817523403480691,-0.8376546705728132,-0.8758541276354925,0.45958794690234156,-1.0228715734259102,0.963125272253485,0.40289137215745047,-0.2778440430541571
-1.2532489753009706,-0.8376546705728132,1.9542795903299335,-0.05146597274976724,1.5001761314643773,-1.7296495765608395,1.3673878648040172,-0.2778440430541571
0.26105802445820336,1.5276322216364262,-0.8758541276354925,0.9938715901750008,-1.0228715734259102,-0.093271014589058,-1.7610430664726668,-0.6790412603952891
-0.8423740690726073,-0.8376546705728132,1.0741391044132134,-0.927691147716929,0.28406713770725867,1.5198046881141387,0.3782843462553136,-0.2778440430541571
-1.0895921476092607,-0.8374222099445863,1.3566859706518493,-0.85010387082429,-1.0228715734259102,0.4271595090760188,1.5763621048774397,-0.502514484765191
-0.26938263470727986,1.1010669688399688,-0.8758541276354925,0.9938715901750008,-1.0228715734259102,0.06467058712024432,-0.9807901346008929,-0.6790412603952891
0.4218267904847653,-0.8376546705728132,-0.8758541276354925,0.9706418665544504,-1.0228715734259102,0.01806486858307302,0.3286993342615607,-0.2778440430541571
-1.2166668608757647,1.2324072237881964,1.2809565684183788,-0.6786685105046281,2.0552466265402405,-0.37031611922668534,-0.9746074647762354,-0.2778440430541571
-0.829666597745957,2.5097783758952996,-0.8758541276354925,0.45958794690234156,-1.0228715734259102,-0.5541497867899715,-0.7087526623159639,-0.614849705620708
-1.0895921476092607,0.655904865785355,1.1783253456789733,-0.3274350893619059,0.3362101236083247,0.42974871566141626,-0.33160980301185766,-0.6790412603952891
-0.05181532259947719,0.38392593075982084,0.39615102692259446,1.2819201630698251,0.4909570495082623,-0.8881574363063631,-1.158851025551028,-0.2778440430541571
1.1727228234231986,-0.8376546705728132,-0.8758541276354925,0.22729071069683757,-1.0228715734259102,0.6783125478596622,-0.3513943464507619,-0.614849705620708
-0.25811919421320323,-0.8376546705728132,0.9632662834841279,0.2946569091964332,0.04521862164431147,0.722329059811436,-0.19398357271498226,-0.2778440430541571
-0.5771537394898659,-0.20257223425677964,1.048947804286268,-1.9214587242040744,0.9804283042569781,1.3346764172581544,0.2380613946320816,-0.6790412603952891
0.9801853790800106,-0.8376546705728132,-0.8758541276354925,2.1321280475819706,-1.0228715734259102,-0.5256685143505887,-1.2787948201493837,0.7171250559518502
-1.6354358023221989,1.049925630630039,-0.8758541276354925,0.9938715901750008,-1.0228715734259102,-0.44540311020323803,0.9346009770779936,-0.2778440430541571
-0.6203783957449115,-0.8376546705728132,1.8413852453165875,-1.2691680849390197,0.6860727386864446,1.0472744862789327,0.03625905155526229,0.877603942888303
0.5084686404391999,-0.8376546705728132,-0.8758541276354925,0.45958794690234156,-1.0228715734259102,0.0698490002910408,0.6378328254944347,-0.2778440430541571
-0.3863491321457664,-0.8376546705728132,0.5875738075168494,0.21149449863486314,0.154550688856224,-0.29380506462816336,0.9099939511758567,-0.2778440430541571
-0.8423740690726073,-0.8376546705728132,1.0741391044132134,-0.927691147716929,0.28406713770725867,1.5198046881141387,0.3782843462553136,0.877603942888303
0.7481777586464687,-0.8376546705728132,1.326052105682663,0.5199852283157731,0.8273634101603007,-2.216420414615737,0.06160799783635739,-0.2778440430541571
-1.3341147019251096,1.596208106963377,-0.8758541276354925,0.45958794690234156,-1.0228715734259102,0.963125272253485,0.41402017784183365,-0.6790412603952891
1.8947382397101538,-0.8376546705728132,0.04160680291373896,-1.8633844151526984,-0.7032855308064737,1.623372951530074,-1.6373896699795174,-0.2778440430541571
-0.40608422019094326,0.987161261008762,-0.8758541276354925,0.45958794690234156,-1.0228715734259102,-5.957751471540618e-05,-0.3006964538885703,-0.2778440430541571
-1.1569802531293767,-0.8376546705728132,2.1564319987560356,1.760452469653164,0.8273634101603007,-0.9658336338683148,-0.7470852152288405,-0.2778440430541571
-0.6092112239730066,-0.21233558064231167,1.0195579541381654,-1.2301421492564948,0.5935609895071339,0.5397899955408478,0.08856443827186478,-0.6790412603952891
-0.6226888450770298,-0.8376546705728132,1.8336101526848145,-1.0638173281333534,0.9383775091754734,0.9191087603017112,-0.01876670988418983,0.1714968403679107
0.08488626288418621,0.5687321302002479,0.5858632871378594,0.2737501579379384,0.4909570495082623,-0.8881574363063631,-0.9572959892671947,-0.2778440430541571
-1.3302639530382458,1.0685224808881952,1.1145695860984335,2.5502630727518776,-0.013652491469795174,-1.3412685887510811,-1.451909575239793,-0.2778440430541571
-1.0611928745686408,-0.34855750878330566,1.6717327240912976,-2.80418822178499,-0.06074938196108058,1.1145938574992913,0.08275272863668641,0.1714968403679107
0.26105802445820336,1.5276322216364262,-0.8758541276354925,0.9938715901750008,-1.0228715734259102,-0.093271014589058,-1.7610430664726668,-0.614849705620708
1.8947382397101538,0.5431614610952832,-0.8758541276354925,-0.04682002802565742,0.47413673147566043,-1.5600565452172448,0.09994055074923404,-0.614849705620708
0.3053416366571363,0.822114214967626,0.8533264736708557,-0.6647306763322973,2.694418711779113,-0.7599917103291431,-1.5112632055565043,-0.2778440430541571
-0.8489203421802758,1.3707212975832332,-0.8758541276354925,2.1321280475819706,-1.0228715734259102,-0.5256685143505887,-1.2787948201493837,-0.2778440430541571
-1.4977715296168195,1.2998208059740128,-0.8758541276354925,0.9938715901750008,-1.0228715734259102,-0.1864824516633991,0.3299358682264925,0.7171250559518502
-0.010901115676549727,-0.8376546705728132,0.6385784151812813,-0.9992386964682238,0.9669720498308966,0.016770265290373534,1.2636426651462649,0.877603942888303
-1.214741486432333,1.231244920647062,1.2856216239974427,-0.6554387868840776,2.0047856724424347,-0.37031611922668534,-0.9696613289165097,-0.2778440430541571
-1.0895921476092607,-0.8374222099445863,1.3566859706518493,-0.85010387082429,-1.0228715734259102,0.4271595090760188,1.5763621048774397,0.877603942888303
1.1900511934140856,0.26304640408180574,-0.8758541276354925,-1.6125034000507539,0.8946446822907084,-0.33406722703110847,0.9729335299908702,0.7331729446454954
1.8947382397101538,0.5431614610952832,-0.8758541276354925,-0.04682002802565742,0.47413673147566043,-1.5600565452172448,0.09994055074923404,-0.6790412603952891
0.6913792125652285,-0.8376546705728132,-0.8758541276354925,0.9706418665544504,-1.0228715734259102,0.01806486858307302,0.019565843028686816,-0.502514484765191
-0.25811919421320323,-0.8376546705728132,0.9632662834841279,0.5032598273089762,-0.05570328655129997,0.9191087603017112,-0.23639668771213335,0.877603942888303
-0.4641342596604145,-0.8376546705728132,0.9638882908946699,0.6208022288289613,-0.24409084851644144,0.735275092738428,-0.18334938061657122,0.1714968403679107
-1.0522398834066824,-0.346930284385717,1.0562563913601348,-1.1047016417055218,0.7987688695048774,1.4007011851858122,0.28109277661169785,-0.502514484765191
-0.6316418362389882,-0.8376546705728132,0.6852289709719201,-1.0573130055195998,0.7213954065549084,0.4038566498074324,1.6120979364639596,-0.502514484765191
1.4037677566350242,-0.5819479795231657,1.1767703271526186,-0.19084431447306965,0.40349139573873244,-1.9497321363197027,-0.2895676482041871,0.1714968403679107
1.1900511934140856,0.26304640408180574,-0.8758541276354925,-1.6125034000507539,0.8946446822907084,-0.33406722703110847,0.9729335299908702,-0.2778440430541571
0.0174981573640704,0.6617163814910288,0.6791643987191371,-0.46960099791967447,0.4909570495082623,-1.9108940375387267,0.3905260325081355,-0.2778440430541571
1.1053347179030828,-0.8376546705728132,-0.8758541276354925,0.45958794690234156,-1.0228715734259102,-0.41433263117845764,0.15063844331142565,-0.2778440430541571
0.4218267904847653,-0.8376546705728132,-0.8758541276354925,0.9706418665544504,-1.0228715734259102,0.01806486858307302,0.3286993342615607,2.1614350383799255
-0.23280052028207404,-0.8376546705728132,-0.8758541276354925,0.7383446303489464,-1.0228715734259102,-0.05961132897887864,1.107715732168403,2.1614350383799255
0.3380730021954786,2.2099041654825307,-0.8758541276354925,-0.30699293257582166,0.4236757773778546,0.961830668960787,-1.9984575877395148,0.1714968403679107
0.3910207993898553,1.6322395043385547,-0.8758541276354925,-1.226889987949618,1.382433905236164,-1.5600565452172448,1.322872642066483,-0.2778440430541571
0.7395135736510255,-0.6168170737572085,0.6325138429284982,-1.724006073429396,1.1856361842547216,-0.07255736190587059,1.2066384493629227,-0.2778440430541571
0.3063043238788524,-0.8376546705728132,-0.8758541276354925,0.45958794690234156,-1.0228715734259102,0.5100141198087669,0.6996595237410095,-0.6790412603952891
-0.766129241112705,0.7012346882896108,-0.8758541276354925,0.45958794690234156,-1.0228715734259102,0.07502741346183728,0.6440154953190921,-0.6790412603952891
-0.7526516200086817,0.7082085071364193,-0.8758541276354925,0.45958794690234156,-1.0228715734259102,-0.093271014589058,0.40536444008731404,-0.614849705620708
-1.3966893713366457,1.605506532092455,-0.8758541276354925,0.631487901694414,-0.5014417144152508,-0.3004075414209291,0.27058223790977987,-0.2778440430541571
0.537349257090678,-0.6330893177330952,1.5810751440048225,0.3202096051790392,1.5506370855621832,-0.07255736190587059,-1.7363123871740371,-0.2778440430541571
-0.9255502450288646,-0.3121774204657876,1.0208019689592494,-0.5527634084812445,0.3547124734441867,1.1236560805481863,0.08943001204731604,0.1714968403679107
0.6817523403480691,-0.8376546705728132,-0.8758541276354925,0.45958794690234156,-1.0228715734259102,0.963125272253485,0.41402017784183365,-0.6790412603952891
-0.5711850787152271,-0.8376546705728132,1.0543903691285093,-1.0972681301469458,0.882870459667887,1.3735145160391302,0.26575975544654723,0.877603942888303
-1.079098856892557,-0.8376546705728132,1.6630246203437116,-0.26239186322436453,-0.26763929376208406,1.1132992542065903,0.08250542184370034,-0.6790412603952891
-0.1663751019836744,0.33045998626762185,0.3417253785001824,0.8591391931758082,0.4236757773778546,-1.399525736922545,-0.1473662422370651,-0.2778440430541571
-1.2532489753009706,1.196375826413019,-0.8758541276354925,-0.5160604451607752,-0.6864652127738718,0.35466172468486357,0.6749288444423795,-0.2778440430541571
1.0283197401658075,-0.8376546705728132,-0.8758541276354925,0.18083126345573677,-1.0228715734259102,-0.08550339483286254,-0.12881823276309268,-0.6790412603952891
-0.9319039806921898,-0.8376546705728132,1.7211823132293744,-0.5815682657707272,0.24874446983879464,1.0744611554256145,0.054188794046768136,0.1714968403679107
-0.2713080091507116,-0.8376546705728132,0.6121431002332526,0.4521544353437656,-0.126348622288228,-0.3068805578844251,1.035996762202377,0.877603942888303
-0.7526516200086817,0.7082085071364193,-0.8758541276354925,0.45958794690234156,-1.0228715734259102,-0.093271014589058,0.40536444008731404,-0.2778440430541571
-0.2490699343290734,-0.8376546705728132,0.6597266671397043,-1.66593176437802,1.3605674917937813,0.19620228165848205,1.429338216447085,0.877603942888303
-0.6092112239730066,-0.21233558064231167,1.0195579541381654,-1.2301421492564948,0.5935609895071339,0.5397899955408478,0.08856443827186478,-0.502514484765191
-0.40608422019094326,-0.8376546705728132,-0.8758541276354925,0.5060473941434424,-1.0228715734259102,-0.05961132897887864,1.379753204453332,-0.614849705620708
-1.2089653631020374,1.936762927315862,-0.8758541276354925,0.831263524831148,0.036808462628010546,0.3779645839534485,-1.106916599023906,-0.2778440430541571
1.8369770064071973,0.524564610837127,-0.8758541276354925,-2.0585140935653214,4.393270833071907,-1.5600565452172448,0.8294955900588165,0.7331729446454954
0.5748940587375996,1.3590982661718856,-0.8758541276354925,-0.3348686009204819,0.5750586396712719,-0.36125389617779036,-0.21784867823816093,-0.2778440430541571
2.3760818505681236,-0.8376546705728132,-0.8758541276354925,0.3202096051790392,-1.0228715734259102,1.9729158405588567,-1.9836191801603362,-0.6790412603952891
-1.1377265086950579,1.3474752347605379,1.3944729208422668,0.9706418665544504,0.8273634101603007,-1.859109905830759,-0.7841812341767853,-0.2778440430541571
0.522908948764939,0.8186273055442216,-0.8758541276354925,2.1321280475819706,-1.0228715734259102,-0.5256685143505887,-2.2185606334973205,2.1614350383799255
0.9416778902113729,-0.8376546705728132,-0.8758541276354925,1.5095714545512193,-1.0228715734259102,0.3999728399293354,-0.13673205013865405,0.1714968403679107
-1.2436221030838113,0.529213823401666,0.5500978610317029,0.03680697700832455,0.17137100688882584,-0.24862340971296135,0.08510214317005553,-0.2778440430541571
0.5748940587375996,1.3590982661718856,-0.8758541276354925,-0.3348686009204819,0.5750586396712719,-0.36125389617779036,-0.21784867823816093,0.1714968403679107
1.0475734846001263,-0.6051940423458609,0.5858632871378594,-1.1664927065361865,1.3857979688426842,-0.447992316788637,0.8851396184807337,0.1714968403679107
-1.0185458306466244,-0.6794652130643722,1.8045313062419828,-1.177642973874051,-0.3265104068761909,0.4362217321249123,1.026104490482924,-0.502514484765191
-1.6960850972903032,0.9406691353633715,-0.8758541276354925,0.45958794690234156,-1.0228715734259102,-1.1082399960652263,2.0845775644642845,0.7171250559518502
-0.6203783957449115,-0.8376546705728132,1.8413852453165875,-1.2691680849390197,0.6860727386864446,1.0472744862789327,0.03625905155526229,-0.6790412603952891
1.8947382397101538,-0.8376546705728132,-0.8758541276354925,2.1321280475819706,-1.0228715734259102,-0.5256685143505887,-2.2185606334973205,2.1614350383799255
-1.1473533809122172,0.8941770097179811,0.9279673629358779,-0.33022265619637203,1.5001761314643773,-0.2538018228837578,-0.6605278376836358,-0.2778440430541571
0.4218267904847653,0.8941770097179811,-0.8758541276354925,0.18083126345573677,0.32275386918224314,-0.2796938887377417,-0.7965465738261003,-0.2778440430541571
-0.11727805367616123,0.46412484749811944,0.47701199029303526,-0.19084431447306965,0.6591602298342815,-0.8104812387444115,-0.3513943464507619,-0.2778440430541571
-0.25811919421320323,-0.8376546705728132,0.9632662834841279,0.5032598273089762,-0.05570328655129997,0.9191087603017112,-0.23639668771213335,-0.502514484765191
1.1438422067717204,-0.8376546705728132,-0.8758541276354925,0.166893429283406,-1.0228715734259102,0.8802706615207354,-0.4837034806984325,-0.2778440430541571
-0.049889948156045416,-0.8376546705728132,0.5236625460836741,0.7848040775900472,0.8273634101603007,-0.5386145472775806,-0.14118357241240762,-0.2778440430541571
1.8947382397101538,-0.8376546705728132,-0.8758541276354925,2.1321280475819706,-1.0228715734259102,-0.5256685143505887,-2.2185606334973205,0.7171250559518502
-0.8423740690726073,-0.8376546705728132,1.0741391044132134,-0.927691147716929,0.28406713770725867,1.5198046881141387,0.3782843462553136,-0.6790412603952891
-0.4469984271138707,-0.8376546705728132,1.0153594041170082,-0.3785404813271165,0.10745379836493858,1.0848179817672103,0.06222626481882398,-0.6790412603952891
-1.4072789307755211,1.5683128315761428,1.6277256997954614,-0.14438486723196883,-0.18185567179581433,-1.367160654605065,-0.4626824032945965,-0.2778440430541571
0.6913792125652285,-0.8376546705728132,-0.8758541276354925,0.9706418665544504,-1.0228715734259102,0.01806486858307302,0.019565843028686816,0.7171250559518502
0.17152811283862082,-0.8376546705728132,-0.8758541276354925,0.45958794690234156,-1.0228715734259102,1.4550745234791789,-0.10408755346446275,-0.2778440430541571
-1.1473533809122172,1.591558894398838,1.6277256997954614,0.8777229720722488,0.154550688856224,-1.613135280217912,-1.2911601597986986,-0.2778440430541571
0.8126778025014372,1.3590982661718856,-0.8758541276354925,-0.7994630733314899,0.9282853183559121,-0.36125389617779036,-0.21784867823816093,0.7331729446454954
0.16873631989564442,-0.8376546705728132,0.6113655909700753,-0.4909723436505812,0.4690906360658797,-0.22609731241999523,1.0607274415010068,-0.2778440430541571
0.9320510179942135,-0.8376546705728132,-0.8758541276354925,0.18083126345573677,-1.0228715734259102,0.8466109759105575,-0.19064493100966745,-0.614849705620708
-0.24724082860781316,-0.8376546705728132,-0.8758541276354925,0.166893429283406,-1.0228715734259102,1.7994389993371633,0.13456350176731535,-0.614849705620708
0.2446923416890325,0.7884074238747178,-0.8758541276354925,1.4584660625860089,0.019988144595408687,-0.9981987161857946,-0.6296144885603484,-0.2778440430541571
0.6143642348279533,-0.3959794769416039,-0.8758541276354925,2.1321280475819706,-1.0228715734259102,-0.5256685143505887,-1.2787948201493837,5.130294446704302
1.4133946288521837,0.39787356845343796,-0.8758541276354925,-1.3291007718800392,1.752480901953406,-1.5600565452172448,1.4057204177168938,0.1714968403679107
-0.6203783957449115,-0.8376546705728132,1.8413852453165875,-1.2691680849390197,0.6860727386864446,1.0472744862789327,0.03625905155526229,-0.2778440430541571
-0.25811919421320323,-0.8376546705728132,0.9632662834841279,0.2946569091964332,0.04521862164431147,0.722329059811436,-0.19398357271498226,-0.6790412603952891
0.19174454449465578,-0.8376546705728132,0.7880156955639612,0.19941504235217736,0.0031678265628066814,-1.2118082594811617,0.5166524969311487,-0.2778440430541571
0.9253122074422021,-0.8376546705728132,-0.8758541276354925,0.3759609418683596,0.10408973475841826,0.5255493593211579,-0.5319283053307605,-0.2778440430541571
-0.8456472056264416,-0.8376546705728132,1.0707180636552331,-0.9411643874168478,0.6389758481951593,1.4952072255528528,0.36072556395328687,-0.6790412603952891
2.4367311455362275,-0.8376546705728132,-0.8758541276354925,-1.872676304600918,3.7204581117678304,-1.5600565452172448,1.4873316594023727,-0.2778440430541571
0.6913792125652285,-0.8376546705728132,-0.8758541276354925,0.18083126345573677,-1.0228715734259102,1.0019633710344609,-0.042260855217887965,-0.2778440430541571
-0.5119798145796967,-0.8376546705728132,-0.8758541276354925,-0.05146597274976724,-1.0228715734259102,1.8175634454349534,0.7367555426889543,-0.2778440430541571
-0.6364552723475678,-0.8376546705728132,1.0153594041170082,-0.08352299134612669,-0.06579547737086106,1.1003532212795983,0.07298411031372805,-0.6790412603952891
-0.2490699343290734,-0.8376546705728132,0.6597266671397043,-1.66593176437802,1.3605674917937813,0.19620228165848205,1.429338216447085,-0.502514484765191
0.19078185727293964,-0.8376546705728132,0.7880156955639612,-0.8412765758484808,1.163769770812339,-0.2538018228837578,0.13085389987252144,-0.2778440430541571
0.18115498505578023,-0.8376546705728132,-0.8758541276354925,0.18083126345573677,-1.0228715734259102,0.8725030417645414,-0.4874130825932264,-0.614849705620708
0.33518494053033066,-0.8376546705728132,0.881316807145239,-0.19084431447306965,0.32275386918224314,0.38055379053884747,-1.0438533668123995,-0.2778440430541571
-1.166607125346536,1.9053807425052236,-0.8758541276354925,0.45958794690234156,-1.0228715734259102,-0.48165200239881634,0.09623094885444011,-0.6790412603952891
-1.166607125346536,1.9053807425052236,-0.8758541276354925,0.45958794690234156,-1.0228715734259102,-0.48165200239881634,0.09623094885444011,-0.614849705620708
0.5277223848735186,-0.8376546705728132,-0.8758541276354925,0.45958794690234156,-1.0228715734259102,-0.5360253406921817,0.8554628033223781,-0.6790412603952891
-1.4072789307755211,1.562501315870469,1.6261706812691068,-0.14903081195607865,-0.09775408163280476,-1.3684552578977645,-0.4676285391543222,-0.2778440430541571
1.4374618093950822,-0.2855606785338016,-0.8758541276354925,2.1321280475819706,-1.0228715734259102,-0.5256685143505887,-2.2185606334973205,-0.614849705620708
-1.1877862442242866,1.294009290268339,-0.8758541276354925,0.5199852283157731,0.5077773675408641,0.9683036854242829,-0.9486402515126737,-0.2778440430541571
1.5481708398924152,1.2196218892357142,-0.8758541276354925,0.18083126345573677,0.8441837281929024,-1.1354266652119096,-0.8101484474403471,0.7331729446454954
-1.2243683586494924,-0.8376546705728132,1.9853799608570262,-0.7018982341251785,0.9955665904863198,0.23814742834193608,-0.017530175919258054,-0.2778440430541571
-0.8038665802039697,-0.8376546705728132,0.6872504950561812,-0.7660122713178974,0.23528821541271325,0.43751633541761176,1.6381888031240144,-0.502514484765191
-1.3341147019251096,1.596208106963377,-0.8758541276354925,0.45958794690234156,-1.0228715734259102,0.963125272253485,0.41402017784183365,0.7171250559518502
1.1053347179030828,-0.8376546705728132,-0.8758541276354925,0.45958794690234156,-1.0228715734259102,-0.41433263117845764,0.15063844331142565,0.7171250559518502
-0.3916439118652042,1.922815289622245,-0.8758541276354925,2.1321280475819706,-1.0228715734259102,-0.5256685143505887,-2.2185606334973205,-0.614849705620708
0.18885648282950787,0.7570252390640791,0.7864606770376067,0.8916608062445796,-0.013652491469795174,-1.2195758792373572,-1.4605653129943141,-0.2778440430541571
0.4218267904847653,-0.8376546705728132,0.9279673629358779,0.6454257358667448,0.6591602298342815,-2.0015162680276704,0.4894487497026552,-0.2778440430541571
1.9428726007959507,-0.8376546705728132,-0.8758541276354925,0.45958794690234156,-1.0228715734259102,-0.4712951760572219,-0.7569774869482919,0.7171250559518502
0.19078185727293964,-0.8376546705728132,0.7880156955639612,0.18083126345573677,-0.013652491469795174,-1.2118082594811617,0.5141794290012851,-0.2778440430541571
2.0487681951847043,-0.5354558538777753,1.036818659780702,0.8777229720722488,-0.3618330747446548,-1.9497321363197027,-0.9201999703192499,-0.6790412603952891
-0.010901115676549727,-0.8376546705728132,0.6385784151812813,-0.9992386964682238,0.9669720498308966,0.016770265290373534,1.2636426651462649,0.1714968403679107
2.135410045139139,-0.8376546705728132,-0.8758541276354925,0.831263524831148,-1.0228715734259102,1.9729158405588567,-1.9836191801603362,-0.7111370377825796
-1.5613088862500715,1.1731297635903237,-0.8758541276354925,0.45958794690234156,-1.0228715734259102,-0.8130704453298104,1.465074048033605,-0.6790412603952891
-0.2713080091507116,-0.8376546705728132,0.6121431002332526,0.2468036785380993,-0.09270798622302413,-0.20383013578556874,1.0850871606101562,-0.6790412603952891
0.9801853790800106,0.26653331350521,-0.8758541276354925,2.1321280475819706,-1.0228715734259102,-0.5256685143505887,-2.2185606334973205,3.6057450208080004
0.3063043238788524,-0.8376546705728132,-0.8758541276354925,0.45958794690234156,-1.0228715734259102,-0.033719263124894754,0.9469663167273086,-0.2778440430541571
-1.0669689978989363,0.6721771097612418,1.1242107009618323,-0.3088513104654653,0.28743120131377914,0.4362217321249123,-0.33160980301185766,0.877603942888303
-1.311972895825643,1.098742362557699,1.141004901046462,-0.39991182705802325,0.8105430921276988,-1.1652025409439903,0.14692884141663032,-0.2778440430541571
1.0283197401658075,-0.8376546705728132,1.238971068206804,-1.1200332592950857,2.341192033094473,-0.901103469233355,-0.06699153451651788,-0.2778440430541571
-0.2713080091507116,-0.8376546705728132,0.6121431002332526,0.2468036785380993,-0.09270798622302413,-0.20383013578556874,1.0850871606101562,0.877603942888303
0.522908948764939,0.8186273055442216,-0.8758541276354925,2.1321280475819706,-1.0228715734259102,-0.5256685143505887,-2.2185606334973205,0.7171250559518502
-1.151204129799081,0.8930147065768463,0.9279673629358779,-0.32557671147226225,1.5001761314643773,-0.24991801300566083,-0.6642374395784297,-0.2778440430541571
-1.1377265086950579,0.6500933500796812,1.0212684745171559,-0.0050065255086664375,0.05362878066061255,-1.9238400704657186,1.3055611665574423,-0.2778440430541571
1.0475734846001263,-0.6051940423458609,0.5858632871378594,-1.1664927065361865,0.9299673501591722,-0.447992316788637,0.8851396184807337,-0.614849705620708
0.3063043238788524,0.822114214967626,-0.8758541276354925,-0.6600847316081875,0.6591602298342815,-0.7548132971583467,0.37816069285882054,-0.2778440430541571
0.33518494053033066,0.8476848840725907,-0.8758541276354925,-0.19084431447306965,0.32275386918224314,-1.367160654605065,0.6254674858451197,-0.2778440430541571
0.6817523403480691,-0.8376546705728132,-0.8758541276354925,0.45958794690234156,-1.0228715734259102,1.0796395685964124,0.43998739110539536,-0.614849705620708
-0.02100933150456721,0.5106169731435098,0.5236625460836741,-0.09792541999086804,0.4909570495082623,-1.3283225558240892,-0.06699153451651788,-0.2778440430541571
-0.8456472056264416,-0.8376546705728132,1.0707180636552331,-0.9411643874168478,0.6389758481951593,1.4952072255528528,0.36072556395328687,0.877603942888303
-1.2436221030838113,1.9053807425052236,-0.8758541276354925,-0.28376320895527124,1.163769770812339,-1.626081313144904,1.4786759216478518,-0.2778440430541571
-1.2436221030838113,0.5338630359662051,0.5547629166107667,0.04145292173243436,0.154550688856224,-0.2538018228837578,0.0813925412752616,-0.2778440430541571
0.7780210625196632,-0.6168170737572085,1.3167219945245354,-1.3058710482594889,0.8122251239309589,-0.3962081850806692,0.3410646739108757,-0.614849705620708
-1.2253310458712083,-0.8376546705728132,1.9838249423306715,-0.7204820130216191,0.9282853183559121,0.24073663492733505,-0.0150571079893945,-0.2778440430541571
-1.0992190198264202,-0.8376546705728132,2.234182925073767,-0.05146597274976724,1.163769770812339,-1.60018924729092,0.8975049581300487,-0.2778440430541571
0.5854836181764751,-0.8376546705728132,-0.8758541276354925,0.6918851831078455,-1.0228715734259102,-0.05961132897887864,0.09375788092457656,2.1614350383799255
0.25624458834962366,-0.8376546705728132,0.6729443246137186,0.6454257358667448,0.6255195937690777,-0.17094721215100966,-0.8435348644934966,-0.2778440430541571
-0.5373947572329973,-0.8376546705728132,0.627382281791528,0.33368284487895805,-0.2726853891718647,-0.0715216792717107,1.1982300184013892,-0.2778440430541571
0.5084686404391999,-0.8376546705728132,-0.8758541276354925,0.45958794690234156,-1.0228715734259102,0.6783125478596622,0.5883714668971748,1.1985617167612086
0.3910207993898553,1.6322395043385547,-0.8758541276354925,-1.226889987949618,1.382433905236164,-1.5600565452172448,1.322872642066483,0.7331729446454954
-1.0125771698719856,0.5106169731435098,-0.8758541276354925,0.45958794690234156,-1.0228715734259102,-0.33406722703110847,1.0310506263426498,0.7171250559518502
0.5084686404391999,-0.8376546705728132,-0.8758541276354925,0.45958794690234156,-1.0228715734259102,0.6783125478596622,0.5883714668971748,-0.2778440430541571
0.17152811283862082,-0.8376546705728132,-0.8758541276354925,0.45958794690234156,-1.0228715734259102,1.4550745234791789,-0.10408755346446275,0.7171250559518502
0.9320510179942135,0.25258567581159286,-0.8758541276354925,-2.578859902665651,2.9130828462029377,-1.5600565452172448,2.710263750719622,-0.2778440430541571
-0.2713080091507116,-0.8376546705728132,0.6121431002332526,0.2468036785380993,-0.09270798622302413,-0.20383013578556874,1.0850871606101562,-0.502514484765191
-1.5613088862500715,1.1731297635903237,-0.8758541276354925,0.45958794690234156,-1.0228715734259102,-0.8130704453298104,1.465074048033605,-0.614849705620708
1.5481708398924152,1.2196218892357142,-0.8758541276354925,0.18083126345573677,0.8441837281929024,-1.1354266652119096,-0.8101484474403471,-0.614849705620708
-1.0895921476092607,-0.8374222099445863,1.3566859706518493,-0.85010387082429,-1.0228715734259102,0.4271595090760188,1.5763621048774397,0.1714968403679107
-0.8038665802039697,-0.8376546705728132,0.6872504950561812,-0.5546217863708895,0.23528821541271325,0.3287696588308797,1.5874909105618227,-0.2778440430541571
0.1619012406214614,-0.8376546705728132,-0.8758541276354925,0.13437181621463595,-1.0228715734259102,1.2479379966473079,-0.054626194867202923,-0.614849705620708
-0.40608422019094326,-0.8376546705728132,-0.8758541276354925,0.5060473941434424,-1.0228715734259102,-0.05961132897887864,1.379753204453332,5.130294446704302
-0.25205426471639286,-0.8376546705728132,-0.8758541276354925,0.18083126345573677,-1.0228715734259102,1.7916713795809696,0.13085389987252144,-0.614849705620708
-0.907644262704948,0.5873289804584041,-0.8758541276354925,0.9938715901750008,-1.0228715734259102,-0.17353641873640718,0.3286993342615607,-0.614849705620708
0.4381924732539361,2.449338612556292,-0.8758541276354925,0.07862047952531553,0.7096211839320873,-0.38714596203177426,-1.403684750607465,-0.2778440430541571
0.24854309057589605,0.045695716689605356,-0.8758541276354925,2.1321280475819706,-1.0228715734259102,-0.5256685143505887,-1.2787948201493837,0.7171250559518502
2.4367311455362275,-0.8376546705728132,-0.8758541276354925,-1.872676304600918,3.7204581117678304,-1.5600565452172448,1.4873316594023727,0.7331729446454954
-0.8456472056264416,-0.8376546705728132,1.0707180636552331,-0.7200174185492071,0.6389758481951593,1.3773983259172273,0.315097460647314,-0.502514484765191
-1.2522862880792547,-0.8376546705728132,1.9558346088562881,-0.032882193853326656,1.5001761314643773,-1.730944179853539,1.371097466698811,-0.2778440430541571
-0.6205709331892547,0.3019835593098202,-0.4947190868259728,-0.0184797652085853,0.13100224361058135,1.206510691280933,0.147918068588576,-0.2778440430541571
-0.907644262704948,0.5873289804584041,-0.8758541276354925,0.9938715901750008,-1.0228715734259102,-0.17353641873640718,0.3286993342615607,-0.2778440430541571
-0.16541241476195823,0.32464847056194807,0.3370603229211186,0.8777229720722488,0.4909570495082623,-1.405998753386041,-0.15354891206172258,-0.2778440430541571
0.34481181274749007,-0.8376546705728132,0.881316807145239,-0.562519892401876,0.6591602298342815,-0.6162907448395323,0.11848856022320647,-0.2778440430541571
-0.11727805367616123,0.48737091032081464,-0.8758541276354925,2.1321280475819706,-1.0228715734259102,-0.5256685143505887,-1.2787948201493837,-0.2778440430541571
0.24854309057589605,0.7895697270158526,-0.8758541276354925,1.4816957862065592,-0.013652491469795174,-1.0046717326492907,-0.6357971583850058,-0.2778440430541571
-0.3916439118652042,1.922815289622245,-0.8758541276354925,2.1321280475819706,-1.0228715734259102,-0.5256685143505887,-2.2185606334973205,-0.2778440430541571
1.615558945412531,-0.5587019167004705,0.3526105081846649,-0.9341954703306825,0.9350134455689529,-0.07255736190587059,-0.7594505548781555,-0.6790412603952891
-0.907644262704948,0.5873289804584041,-0.8758541276354925,0.9938715901750008,-1.0228715734259102,-0.17353641873640718,0.3286993342615607,0.7171250559518502
-0.25811919421320323,-0.8376546705728132,0.9632662834841279,0.2946569091964332,-0.05570328655129997,0.722329059811436,-0.19398357271498226,0.1714968403679107
-0.2490699343290734,-0.8376546705728132,0.6597266671397043,-1.66593176437802,1.3605674917937813,0.19620228165848205,1.429338216447085,0.1714968403679107
0.9994391235143294,-0.8376546705728132,-0.8758541276354925,0.18083126345573677,-1.0228715734259102,1.7916713795809696,0.13085389987252144,-0.614849705620708
-0.8855024566054815,0.6047635275754255,-0.8758541276354925,0.166893429283406,-1.0228715734259102,1.434360870795993,-0.11274329121898378,-0.2778440430541571
-1.166607125346536,1.9053807425052236,-0.8758541276354925,0.45958794690234156,-1.0228715734259102,-0.48165200239881634,0.09623094885444011,0.7171250559518502
-0.3868304757566245,-0.8376546705728132,-0.8758541276354925,0.18083126345573677,-1.0228715734259102,1.895239642996905,0.1926805981190962,-0.2778440430541571
2.135410045139139,-0.8376546705728132,-0.8758541276354925,0.831263524831148,-1.0228715734259102,1.9729158405588567,-1.9836191801603362,-0.6790412603952891
-0.9319039806921898,-0.8376546705728132,1.7211823132293744,-0.5815682657707272,0.24874446983879464,1.0744611554256145,0.054188794046768136,-0.2778440430541571
-0.03063620372172661,-0.8376546705728132,-0.8758541276354925,0.04145292173243436,-1.0228715734259102,1.4939126222601546,0.4276220514560804,-0.2778440430541571
-0.27997219414615515,-0.8376546705728132,0.6597266671397043,-1.1149227200985639,1.1301291347471352,0.19620228165848205,1.429338216447085,-0.2778440430541571
-1.0703384031749419,0.03872189784279686,1.721026811376739,-0.8398827924312477,0.3076155829529014,0.4491677650519042,-0.04102432125295619,-0.2778440430541571
1.0629764801475816,0.2909416794690399,-0.8758541276354925,-1.1246792040191955,1.0123869085189217,-1.5600565452172448,1.8830225281804513,0.7331729446454954
2.3760818505681236,-0.8376546705728132,-0.8758541276354925,0.3202096051790392,-1.0228715734259102,1.9729158405588567,-1.9836191801603362,-0.502514484765191
-0.26938263470727986,1.1010669688399688,-0.8758541276354925,0.9938715901750008,-1.0228715734259102,0.06467058712024432,-0.9807901346008929,-0.614849705620708
-1.282129591952449,-0.8376546705728132,1.9076290345392948,0.9241824193133495,0.32275386918224314,-1.9238400704657186,1.1819077700642928,-0.2778440430541571
-1.3716595035720314,1.5276322216364262,-0.8758541276354925,0.166893429283406,-1.0228715734259102,1.3411494337216503,-0.17456998946555857,-0.614849705620708
1.9428726007959507,-0.8376546705728132,-0.8758541276354925,0.45958794690234156,-1.0228715734259102,-0.4738843826426209,-0.6481624980343208,-0.6790412603952891
1.4037677566350242,-0.5819479795231657,1.1767703271526186,-0.6554387868840776,0.47750079508218074,-1.9497321363197027,-0.2895676482041871,-0.6790412603952891
0.9320510179942135,0.25258567581159286,-0.8758541276354925,-2.578859902665651,2.9130828462029377,-1.5600565452172448,2.710263750719622,0.7331729446454954
1.4133946288521837,0.39787356845343796,-0.8758541276354925,-1.4266656110863507,2.1057075806380463,-0.4738843826426209,0.3744510909640266,0.7331729446454954
-1.1858608697808548,-0.8376546705728132,1.3478223650516281,0.5060473941434424,0.4909570495082623,-1.2377003253351455,1.1695424304149777,-0.2778440430541571
0.056005646232708005,0.5536221893654961,-0.8758541276354925,-0.6415009527117469,0.18819132492142784,-0.028540849954098273,0.25698036429553456,-0.2778440430541571
1.0283197401658075,-0.8376546705728132,-0.8758541276354925,0.18083126345573677,-1.0228715734259102,-0.08550339483286254,-0.12881823276309268,-0.2778440430541571
-1.3976520585583616,1.4869516116967094,-0.8758541276354925,0.45958794690234156,-1.0228715734259102,-0.585220265814752,0.8134206485147076,0.7171250559518502
-0.5711850787152271,-0.8376546705728132,1.0543903691285093,-1.0972681301469458,0.882870459667887,1.3735145160391302,0.26575975544654723,0.1714968403679107
1.0475734846001263,-0.6051940423458609,0.5858632871378594,-1.1664927065361865,0.9299673501591722,-0.447992316788637,0.8851396184807337,-0.2778440430541571
-0.6226888450770298,-0.8376546705728132,1.8336101526848145,-1.2775307854424167,0.9383775091754734,1.0317392467665416,0.02550120606035822,-0.6790412603952891
-0.4641342596604145,-0.8376546705728132,0.9638882908946699,0.6208022288289613,-0.24409084851644144,0.735275092738428,-0.18334938061657122,-0.502514484765191
1.0754914140298883,1.3590982661718856,-0.8758541276354925,-1.682192570912405,2.6775983937465115,-0.36125389617779036,-0.21784867823816093,-0.2778440430541571
-1.3302639530382458,0.7082085071364193,0.7258149545097761,0.831263524831148,0.154550688856224,-0.7328050411824598,-0.2524716292562422,-0.2778440430541571
0.45070740713624347,-0.8376546705728132,-0.8758541276354925,0.08791236897353516,-1.0228715734259102,1.170261799085356,0.11848856022320647,-0.2778440430541571
0.9224241457770541,1.361422872454155,-0.8758541276354925,-0.5578739476777662,0.6759805478668833,-0.6020501086198409,-0.20671987255377633,0.7331729446454954
-1.199338490884878,0.8383864589435124,0.8704316774607566,1.7650984143772739,0.6759805478668833,-0.6395936041081172,-1.428415429906095,-0.2778440430541571
-1.079098856892557,-0.8376546705728132,1.6630246203437116,-0.26239186322436453,-0.26763929376208406,1.1132992542065903,0.08250542184370034,-0.2778440430541571
-0.03063620372172661,-0.8376546705728132,-0.8758541276354925,0.04145292173243436,-1.0228715734259102,1.4939126222601546,0.4276220514560804,-0.614849705620708
0.11713628481167042,-0.8376546705728132,0.6197626910123903,-0.651722031104789,0.5599203534419301,-0.14790327354096436,1.132446411467033,0.877603942888303
-0.25388337043765313,-0.8376546705728132,0.6782313876033244,-1.6710423035745419,1.0544377036004264,0.4323379222468153,1.5622656176772207,0.1714968403679107
-1.0073786588747196,-0.2559219484348652,1.8225695211476964,-0.8055028014728327,0.06540300328343379,0.43492712883221424,0.2483246265410135,-0.502514484765191
1.5481708398924152,1.2196218892357142,-0.8758541276354925,0.18083126345573677,0.8441837281929024,-1.1354266652119096,-0.8101484474403471,-0.2778440430541571
-0.6364552723475678,-0.8376546705728132,1.0153594041170082,-0.08352299134612669,-0.06579547737086106,1.1003532212795983,0.07298411031372805,0.1714968403679107
-1.0611928745686408,-0.34855750878330566,1.6717327240912976,-2.80418822178499,-0.06074938196108058,1.1145938574992913,0.08275272863668641,-0.2778440430541571
-1.0185458306466244,-0.6794652130643722,1.8045313062419828,-1.177642973874051,-0.3265104068761909,0.4362217321249123,1.026104490482924,0.877603942888303
-0.4469984271138707,-0.8376546705728132,1.0153594041170082,-0.3785404813271165,0.10745379836493858,1.0848179817672103,0.06222626481882398,-0.502514484765191
-1.0047794033760864,0.24758777230471343,1.6106204960055606,-0.4538047858577,0.6137453711462564,0.44787316175920616,-0.33160980301185766,-0.2778440430541571
1.1053347179030828,-0.8376546705728132,-0.8758541276354925,0.45958794690234156,-1.0228715734259102,-0.4221002509346531,-0.19064493100966745,-0.2778440430541571
-1.1800847464505593,1.9925534780903307,-0.8758541276354925,-0.08398758581853727,0.7769024560624948,0.6394744490786863,-0.9362749118633588,-0.2778440430541571
-1.1762339975636955,1.231244920647062,2.032030516647665,1.806911916894265,0.154550688856224,-1.5354590826559604,-1.9712538405110211,-0.2778440430541571
-1.2051146142151736,0.8476848840725907,-0.8758541276354925,-0.19084431447306965,0.32275386918224314,0.35466172468486357,0.6007368065464898,-0.2778440430541571
0.104140007318505,0.7198315385477669,-0.8758541276354925,0.5989662886256439,-0.013652491469795174,-0.6292367777665242,-0.16591425171103755,-0.2778440430541571
0.9320510179942135,0.25258567581159286,-0.8758541276354925,-2.578859902665651,2.9130828462029377,-1.5600565452172448,2.710263750719622,0.1714968403679107
-1.3177490191559385,1.6264279886328807,-0.8758541276354925,0.9938715901750008,-1.0228715734259102,-0.010416403856309845,-0.3081156576781595,-0.614849705620708
-1.0047794033760864,0.24758777230471343,1.6106204960055606,-0.4538047858577,0.6137453711462564,0.44787316175920616,-0.33160980301185766,-0.502514484765191
0.3063043238788524,-0.8376546705728132,-0.8758541276354925,0.45958794690234156,-1.0228715734259102,-0.033719263124894754,0.9469663167273086,2.1614350383799255
2.135410045139139,-0.8376546705728132,-0.8758541276354925,0.831263524831148,-1.0228715734259102,1.9729158405588567,-1.9836191801603362,3.6057450208080004
0.6913792125652285,-0.8376546705728132,-0.8758541276354925,0.9706418665544504,-1.0228715734259102,0.01806486858307302,0.019565843028686816,-0.2778440430541571
0.3380730021954786,0.8476848840725907,-0.8758541276354925,-0.16761459085251923,0.32275386918224314,-1.364571448019666,0.6254674858451197,-0.2778440430541571
-0.46692605260339065,-0.8376546705728132,0.9615557631051378,0.6096519614910967,0.008213921972587298,0.718445249933336,-0.19522010667991405,0.877603942888303
-1.0125771698719856,0.5106169731435098,-0.8758541276354925,0.45958794690234156,-1.0228715734259102,-0.33406722703110847,1.0310506263426498,-0.614849705620708
-1.2041519269934577,0.8476848840725907,0.881316807145239,-0.16761459085251923,0.32275386918224314,0.379259187246148,-1.0475629687071935,-0.2778440430541571
-0.3868304757566245,-0.8376546705728132,-0.8758541276354925,0.13437181621463595,-1.0228715734259102,1.882293610069913,0.1926805981190962,-0.2778440430541571
-1.2917564641696082,-0.8376546705728132,1.8454282934851094,-1.1200332592950857,2.0047856724424347,-0.38326215215367726,0.8727742788314188,-0.2778440430541571
-1.2041519269934577,0.8476848840725907,0.881316807145239,-0.16761459085251923,0.32275386918224314,-1.364571448019666,0.6254674858451197,-0.2778440430541571
-1.3177490191559385,1.6264279886328807,-0.8758541276354925,0.9938715901750008,-1.0228715734259102,-0.010416403856309845,-0.3081156576781595,-0.2778440430541571
-1.0799652753921014,2.1843334963775662,-0.8758541276354925,0.04145292173243436,1.163769770812339,-1.4707289180210006,0.6625635047930646,-0.2778440430541571
0.6817523403480691,-0.8376546705728132,-0.8758541276354925,0.45958794690234156,-1.0228715734259102,0.963125272253485,0.40289137215745047,-0.614849705620708
-1.0185458306466244,-0.6794652130643722,1.8045313062419828,-1.177642973874051,-0.3265104068761909,0.4362217321249123,1.026104490482924,-0.6790412603952891
0.4150879799327538,1.0708470871704647,-0.8758541276354925,0.38989877604069034,-0.24913694392622207,-1.3283225558240892,0.00720050337937186,-0.2778440430541571
0.104140007318505,-0.8376546705728132,-0.8758541276354925,0.45958794690234156,-1.0228715734259102,-0.7690539333780366,1.5071162028412755,-0.6790412603952891
-0.9255502450288646,-0.3121774204657876,1.0208019689592494,-0.5527634084812445,0.3547124734441867,1.1236560805481863,0.08943001204731604,-0.2778440430541571
-0.25205426471639286,0.28977937632790524,0.305959952394026,0.5525068413845432,0.32275386918224314,-1.7814337082688072,0.5883714668971748,-0.2778440430541571
-1.0047794033760864,0.24758777230471343,1.6106204960055606,-0.4538047858577,0.6137453711462564,0.44787316175920616,-0.33160980301185766,0.877603942888303
0.056005646232708005,-0.663309199402599,1.3167219945245354,-0.14438486723196883,-0.10448220884584553,-1.6908114777798637,0.3410646739108757,-0.6790412603952891
1.8947382397101538,0.5431614610952832,-0.8758541276354925,-0.04682002802565742,0.47413673147566043,-1.5600565452172448,0.09994055074923404,-0.2778440430541571
-1.3177490191559385,1.6264279886328807,-0.8758541276354925,0.9938715901750008,-1.0228715734259102,-0.010416403856309845,-0.3081156576781595,0.7171250559518502
-0.6321231798498459,-0.8376546705728132,0.6849179672666493,-1.058706788936833,0.4421781272137169,0.45564078151540016,1.6096248685340975,-0.2778440430541571
0.5566030015249969,-0.8376546705728132,-0.8758541276354925,-0.0050065255086664375,-0.5182620324478526,0.17341726370697635,0.538910108299915,-0.2778440430541571
0.45070740713624347,-0.8376546705728132,-0.8758541276354925,0.08791236897353516,-1.0228715734259102,1.170261799085356,0.11848856022320647,-0.614849705620708
-1.5613088862500715,1.1731297635903237,-0.8758541276354925,0.45958794690234156,-1.0228715734259102,-0.8130704453298104,1.465074048033605,-0.2778440430541571
-1.282129591952449,0.5106169731435098,0.9746179187265168,0.08791236897353516,-0.06411344556760089,-1.8073257741227913,1.3179265062067573,-0.2778440430541571
0.08777432454933413,0.5629206144945741,0.5843082686115048,0.2551663790414978,0.524597685573466,-0.8829790231355666,-0.9585325232321266,-0.2778440430541571
-1.1473533809122172,1.3358522033491904,-0.8758541276354925,-0.28376320895527124,0.8273634101603007,0.22520139541494413,0.1926805981190962,-0.2778440430541571
-0.6321231798498459,-0.8376546705728132,0.6849179672666493,-1.058706788936833,0.4421781272137169,0.45564078151540016,1.6096248685340975,0.1714968403679107
0.3063043238788524,-0.8376546705728132,-0.8758541276354925,0.45958794690234156,-1.0228715734259102,-0.033719263124894754,0.9469663167273086,5.050055003236076
-1.3976520585583616,1.4869516116967094,-0.8758541276354925,0.45958794690234156,-1.0228715734259102,-0.585220265814752,0.8134206485147076,-0.6790412603952891
0.18269528461052598,-0.8376546705728132,0.9519146482417393,-0.33951454564459166,0.5784227032777922,0.6498312754202793,-0.24690722641404994,-0.2778440430541571
-1.0125771698719856,0.5106169731435098,-0.8758541276354925,0.45958794690234156,-1.0228715734259102,-0.33406722703110847,1.0310506263426498,-0.6790412603952891
-0.9641540026196738,0.671014806620107,0.9683978446210981,-0.1007129868253342,-0.4223862196620218,0.4491677650519042,-0.32913673508199554,-0.2778440430541571
-1.166607125346536,1.649674051455576,1.4877740324235447,0.831263524831148,0.4909570495082623,-1.9885702351006784,-0.8583732720726751,-0.2778440430541571
0.6817523403480691,-0.8376546705728132,-0.8758541276354925,0.45958794690234156,-1.0228715734259102,1.0796395685964124,0.43998739110539536,-0.2778440430541571
2.183544406224936,-0.8376546705728132,0.057156988177285255,0.5989662886256439,-1.0228715734259102,0.743042712494622,-1.773408406121982,-0.2778440430541571
-0.25811919421320323,-0.8376546705728132,0.9632662834841279,0.2946569091964332,0.04521862164431147,0.722329059811436,-0.19398357271498226,0.1714968403679107
0.5084686404391999,-0.8376546705728132,-0.8758541276354925,0.45958794690234156,-1.0228715734259102,0.0698490002910408,0.6378328254944347,2.1614350383799255
-0.907644262704948,0.5873289804584041,-0.8758541276354925,0.9938715901750008,-1.0228715734259102,-0.17353641873640718,0.3286993342615607,-0.6790412603952891
-0.7526516200086817,0.7082085071364193,-0.8758541276354925,0.45958794690234156,-1.0228715734259102,-0.093271014589058,0.40536444008731404,-0.6790412603952891
-0.010901115676549727,-0.8376546705728132,0.6385784151812813,-0.9992386964682238,0.9669720498308966,0.016770265290373534,1.2636426651462649,-0.2778440430541571
-0.2713080091507116,1.254490983469757,0.6014134724014056,-1.0735738120539848,0.5666484806549709,-1.4577828850940087,0.3286993342615607,-0.2778440430541571
-0.9641540026196738,0.671014806620107,0.9683978446210981,-0.1007129868253342,-0.4223862196620218,0.4491677650519042,-0.32913673508199554,-0.6790412603952891
-0.3863491321457664,-0.8376546705728132,0.5875738075168494,0.21149449863486314,0.154550688856224,-0.29380506462816336,0.9099939511758567,0.877603942888303
-1.3649206930200197,1.0406272055009609,1.0803591785186315,-0.48818477681611505,0.7264415019646892,-0.6473612238643126,-0.111506757254052,-0.2778440430541571
-1.2753907814004373,1.1684805510257847,-0.8758541276354925,-0.009652470232776255,-0.450980760317445,0.1708280571215774,0.5364370403700515,-0.2778440430541571
1.0475734846001263,-0.6051940423458609,0.5858632871378594,-1.1664927065361865,0.9299673501591722,-0.447992316788637,0.8851396184807337,0.1714968403679107
-0.5711850787152271,-0.8376546705728132,1.0543903691285093,-1.0972681301469458,0.882870459667887,1.3735145160391302,0.26575975544654723,-0.2778440430541571
0.7780210625196632,-0.6168170737572085,1.3167219945245354,-1.3058710482594889,0.8122251239309589,-0.3962081850806692,0.3410646739108757,0.1714968403679107
-1.3976520585583616,1.4869516116967094,-0.8758541276354925,0.45958794690234156,-1.0228715734259102,-0.585220265814752,0.8134206485147076,-0.2778440430541571
0.3428864383040583,-0.8376546705728132,0.8750967330398204,-0.5671658371259859,0.6759805478668833,-0.6124069349614353,0.11725202625827469,-0.2778440430541571
-1.3013833363867677,1.1312868505094724,1.343157309472564,0.39919066548891,0.3900351413126509,-0.0673789487350741,-1.60647632085623,-0.2778440430541571
-0.9066815754832321,0.1619260308030815,2.078681072438304,1.4352363389654583,-0.013652491469795174,-0.6421828106935161,-1.8599657836671866,-0.2778440430541571
0.6913792125652285,-0.8376546705728132,-0.8758541276354925,0.18083126345573677,-1.0228715734259102,1.0019633710344609,-0.042260855217887965,-0.614849705620708
0.21003560170725843,-0.8376546705728132,0.990168103990063,1.3887768917243577,0.6591602298342815,-1.2247542924081536,-0.5616051204891161,-0.2778440430541571
-1.26287584751813,0.49899394173216227,0.5081123608201279,0.9241824193133495,0.4909570495082623,-1.4577828850940087,0.6872941840916945,-0.2778440430541571
0.09451313510134561,1.3939673604059284,-0.8758541276354925,0.45958794690234156,-1.0228715734259102,-0.5256685143505887,-0.6877315849121293,-0.6790412603952891
-1.1858608697808548,1.2893600777038,-0.8758541276354925,0.5060473941434424,0.4909570495082623,0.963125272253485,-0.9449306496178798,-0.2778440430541571
0.11569225397909619,1.4114019075229498,-0.8758541276354925,0.166893429283406,-1.0228715734259102,0.3313588654162787,-0.8546636701778811,-0.614849705620708
-1.118472764260739,1.371883600724368,1.427128309895714,-0.15367675668018846,2.13934821670325,-1.741301006195132,-0.395909569188296,-0.2778440430541571
0.5854836181764751,-0.8376546705728132,-0.8758541276354925,0.6918851831078455,-1.0228715734259102,-0.05961132897887864,0.09375788092457656,-0.2778440430541571
2.3760818505681236,-0.8376546705728132,-0.8758541276354925,0.3202096051790392,-1.0228715734259102,1.9729158405588567,-1.9836191801603362,3.6057450208080004
1.5481708398924152,1.2196218892357142,-0.8758541276354925,0.18083126345573677,0.8441837281929024,-1.1354266652119096,-0.8101484474403471,-0.6790412603952891
-0.6371291534027689,-0.8376546705728132,1.0644979895498146,-1.0735738120539848,0.29584136033008007,1.4602529366499768,0.3230112780228754,-0.2778440430541571
0.3063043238788524,-0.8376546705728132,-0.8758541276354925,0.45958794690234156,-1.0228715734259102,0.5100141198087669,0.6996595237410095,-0.614849705620708
0.5748940587375996,1.3590982661718856,-0.8758541276354925,-0.3348686009204819,0.5750586396712719,-0.36125389617779036,-0.21784867823816093,0.7331729446454954
0.104140007318505,-0.8376546705728132,-0.8758541276354925,0.45958794690234156,-1.0228715734259102,-0.7690539333780366,1.5071162028412755,-0.2778440430541571
-0.3916439118652042,1.922815289622245,-0.8758541276354925,2.1321280475819706,-1.0228715734259102,-0.5256685143505887,-2.2185606334973205,3.6057450208080004
-1.149278755355649,1.9309514116101882,-0.8758541276354925,0.166893429283406,-1.0228715734259102,0.8802706615207354,-0.4837034806984325,-0.2778440430541571
-0.8038665802039697,-0.8376546705728132,0.6872504950561812,-0.7660122713178974,0.23528821541271325,0.43751633541761176,1.6381888031240144,-0.6790412603952891
0.09451313510134561,1.3939673604059284,-0.8758541276354925,0.45958794690234156,-1.0228715734259102,-0.5256685143505887,-0.6877315849121293,-0.2778440430541571
0.33518494053033066,-0.8376546705728132,-0.8758541276354925,-0.19084431447306965,0.32275386918224314,0.35466172468486357,0.6007368065464898,-0.2778440430541571
-1.2532489753009706,-0.8376546705728132,1.2545212534703503,-1.1200332592950857,1.6683793117903964,0.38055379053884747,0.6996595237410095,-0.2778440430541571
-1.2725027197352894,1.835642554037138,-0.8758541276354925,0.9241824193133495,-0.5182620324478526,-1.8850019716847428,1.2190037890122376,-0.2778440430541571
-1.29368183861304,0.7465645107938665,0.7755755473531242,-0.1861983697489598,0.23865227901923355,-0.4026812015441652,0.010910105274165785,-0.2778440430541571
0.6913792125652285,-0.8376546705728132,-0.8758541276354925,0.9706418665544504,-1.0228715734259102,0.01806486858307302,0.019565843028686816,-0.614849705620708
1.0629764801475816,0.2909416794690399,-0.8758541276354925,-1.1246792040191955,1.0123869085189217,-1.5600565452172448,1.8830225281804513,-0.614849705620708
-0.3849051013131927,1.0080827175491878,-0.8758541276354925,0.166893429283406,-1.0228715734259102,0.8802706615207354,-0.4837034806984325,-0.2778440430541571
-0.6371291534027689,-0.8376546705728132,1.0644979895498146,-1.0735738120539848,0.29584136033008007,1.4602529366499768,0.3230112780228754,-0.6790412603952891
1.0283197401658075,-0.8376546705728132,-0.8758541276354925,0.18083126345573677,-1.0228715734259102,-0.08550339483286254,-0.12881823276309268,-0.502514484765191
0.5854836181764751,-0.8376546705728132,-0.8758541276354925,0.6918851831078455,-1.0228715734259102,-0.05961132897887864,0.09375788092457656,-0.6790412603952891
-1.2051146142151736,0.34789453338464327,-0.8758541276354925,0.45958794690234156,-1.0228715734259102,-1.0952939631382341,2.0981794380785312,-0.614849705620708
1.615558945412531,-0.5587019167004705,0.3526105081846649,-0.9341954703306825,0.7096211839320873,-0.07255736190587059,-0.7594505548781555,0.1714968403679107
-1.3716595035720314,1.5276322216364262,-0.8758541276354925,0.166893429283406,-1.0228715734259102,1.3411494337216503,-0.17456998946555857,-0.2778440430541571
0.34481181274749007,0.8476848840725907,0.881316807145239,-0.14438486723196883,0.32275386918224314,-1.3412685887510811,-1.0314880271630844,-0.2778440430541571
-0.6205709331892547,0.3019835593098202,-0.4947190868259728,-0.0184797652085853,0.13100224361058135,1.206510691280933,0.147918068588576,-0.502514484765191
-0.6226888450770298,-0.8376546705728132,1.8336101526848145,-1.0638173281333534,0.9383775091754734,0.9191087603017112,-0.01876670988418983,-0.6790412603952891
2.3760818505681236,-0.8376546705728132,-0.8758541276354925,0.3202096051790392,-1.0228715734259102,1.9729158405588567,-1.9836191801603362,0.7171250559518502
-0.9641540026196738,0.671014806620107,0.9683978446210981,-0.1007129868253342,-0.4223862196620218,0.4491677650519042,-0.32913673508199554,-0.502514484765191
0.6817523403480691,-0.8376546705728132,-0.8758541276354925,0.45958794690234156,-1.0228715734259102,0.963125272253485,0.40289137215745047,0.7171250559518502
0.17152811283862082,-0.8376546705728132,0.7880156955639612,1.806911916894265,0.8273634101603007,-1.9885702351006784,0.056661861976631686,-0.2778440430541571
-0.46692605260339065,-0.8376546705728132,0.9615557631051378,0.6096519614910967,0.008213921972587298,0.718445249933336,-0.19522010667991405,-0.2778440430541571
-0.766129241112705,0.7012346882896108,-0.8758541276354925,0.45958794690234156,-1.0228715734259102,0.07502741346183728,0.6440154953190921,5.050055003236076
0.6817523403480691,-0.8376546705728132,-0.8758541276354925,0.45958794690234156,-1.0228715734259102,0.963125272253485,0.40289137215745047,5.050055003236076
-0.829666597745957,2.5097783758952996,-0.8758541276354925,0.45958794690234156,-1.0228715734259102,-0.5541497867899715,-0.7087526623159639,-0.6790412603952891
-1.118472764260739,1.649674051455576,1.6743762555861001,0.9241824193133495,0.6591602298342815,-1.9756242021736865,-1.155141423656234,-0.2778440430541571
0.21003560170725843,-0.8376546705728132,-0.8758541276354925,0.08791236897353516,-1.0228715734259102,1.3256141942092594,0.26687263601498595,-0.2778440430541571
0.6913792125652285,-0.8376546705728132,-0.8758541276354925,0.9706418665544504,-1.0228715734259102,0.01806486858307302,0.019565843028686816,2.1614350383799255
0.16960273839518905,-0.8376546705728132,-0.8758541276354925,0.166893429283406,-1.0228715734259102,1.5379291342119286,-0.050916592972409,-0.2778440430541571
2.135410045139139,-0.8376546705728132,-0.8758541276354925,0.831263524831148,-1.0228715734259102,1.9729158405588567,-1.9836191801603362,-0.502514484765191
-0.7526516200086817,0.7082085071364193,-0.8758541276354925,0.45958794690234156,-1.0228715734259102,-0.093271014589058,0.40536444008731404,0.7171250559518502
1.1900511934140856,0.26304640408180574,-0.8758541276354925,-1.6125034000507539,0.8946446822907084,-0.33406722703110847,0.9729335299908702,-0.614849705620708
-0.049889948156045416,0.38276362761868615,0.3992610639753038,1.295857997242156,0.4909570495082623,-0.8881574363063631,-1.155141423656234,-0.2778440430541571
2.520484933825515,-0.8376546705728132,-0.8758541276354925,-0.4231415506785736,-1.0228715734259102,1.9729158405588567,-1.9836191801603362,-0.614849705620708
-0.05181532259947719,1.2765747431513177,-0.8758541276354925,0.166893429283406,-1.0228715734259102,0.5151925329795634,-0.7310102736847316,-0.2778440430541571
-0.8038665802039697,-0.8376546705728132,0.6872504950561812,-0.5546217863708895,0.23528821541271325,0.3287696588308797,1.5874909105618227,-0.502514484765191
0.7780210625196632,-0.6168170737572085,1.3167219945245354,-1.3058710482594889,0.8122251239309589,-0.3962081850806692,0.3410646739108757,-0.6790412603952891
0.9801853790800106,0.26653331350521,-0.8758541276354925,2.1321280475819706,-1.0228715734259102,-0.5256685143505887,-2.2185606334973205,2.1614350383799255
-0.766129241112705,0.7012346882896108,-0.8758541276354925,0.45958794690234156,-1.0228715734259102,0.07502741346183728,0.6440154953190921,2.1614350383799255
1.1053347179030828,-0.8376546705728132,-0.8758541276354925,0.45958794690234156,-1.0228715734259102,-0.4221002509346531,-0.19064493100966745,-0.6790412603952891
0.19078185727293964,-0.8376546705728132,0.7880156955639612,1.295857997242156,0.8273634101603007,-1.1988622265541697,-0.36375968610007686,-0.2778440430541571
-1.0611928745686408,-0.34855750878330566,1.6717327240912976,-2.80418822178499,-0.06074938196108058,1.1145938574992913,0.08275272863668641,-0.6790412603952891
0.3910207993898553,1.6322395043385547,-0.8758541276354925,-1.226889987949618,1.382433905236164,-1.5600565452172448,1.322872642066483,0.1714968403679107
0.6143642348279533,-0.3959794769416039,-0.8758541276354925,2.1321280475819706,-1.0228715734259102,-0.5256685143505887,-1.2787948201493837,2.1614350383799255
-1.2725027197352894,1.1731297635903237,-0.8758541276354925,-0.0050065255086664375,-0.5182620324478526,0.17341726370697635,0.538910108299915,-0.2778440430541571
-0.6321231798498459,-0.8376546705728132,0.6849179672666493,-1.058706788936833,0.4421781272137169,0.45564078151540016,1.6096248685340975,-0.6790412603952891
1.4037677566350242,-0.5819479795231657,1.1767703271526186,-0.6554387868840776,0.47750079508218074,-1.9497321363197027,-0.2895676482041871,-0.614849705620708
2.135410045139139,-0.8376546705728132,-0.8758541276354925,0.831263524831148,-1.0228715734259102,1.9729158405588567,-1.9836191801603362,0.7171250559518502
0.06563251844986741,1.3707212975832332,-0.8758541276354925,-0.8877360230895817,0.25547259705183545,0.7559887454216139,-1.0933147254096593,-0.2778440430541571
0.16873631989564442,-0.8376546705728132,0.6113655909700753,-0.4909723436505812,0.4690906360658797,-0.22609731241999523,1.0607274415010068,0.1714968403679107
-0.6226888450770298,-0.8376546705728132,1.8336101526848145,-1.0638173281333534,0.9383775091754734,0.9191087603017112,-0.01876670988418983,-0.2778440430541571
-0.7189575672486238,2.7108568193116134,-0.8758541276354925,0.9938715901750008,-1.0228715734259102,-0.11916308044304189,-1.773408406121982,-0.2778440430541571
-0.2713080091507116,-0.8376546705728132,0.6121431002332526,0.4521544353437656,-0.126348622288228,-0.3068805578844251,1.035996762202377,-0.6790412603952891
-0.011382459287407807,-0.8376546705728132,-0.8758541276354925,0.41312849966124077,-1.0228715734259102,-0.05961132897887864,1.0211583546231984,5.050055003236076
0.056005646232708005,-0.663309199402599,1.3167219945245354,-0.14438486723196883,-0.10448220884584553,-1.6908114777798637,0.3410646739108757,0.1714968403679107
0.9753719429714308,0.9197476788229457,-0.8758541276354925,-1.3105169929835987,1.6515589937577946,2.0933139467798814,-2.0825418973548557,0.1714968403679107
0.3063043238788524,-0.8376546705728132,-0.8758541276354925,0.45958794690234156,-1.0228715734259102,-0.020773230197902812,0.9543855205168978,-0.6790412603952891
1.0475734846001263,-0.6051940423458609,0.5858632871378594,-1.1664927065361865,1.3201987285155368,-0.447992316788637,0.8851396184807337,0.1714968403679107
-0.40608422019094326,0.987161261008762,-0.8758541276354925,0.45958794690234156,-1.0228715734259102,-5.957751471540618e-05,-0.3006964538885703,-0.614849705620708
1.4133946288521837,0.39787356845343796,-0.8758541276354925,-1.4266656110863507,2.1057075806380463,-0.4738843826426209,0.3744510909640266,0.1714968403679107
-1.0934428964961247,-0.8376546705728132,1.4628937360018708,-0.023590304405107024,0.945105636388514,0.6563042918837753,-0.5504763148047329,-0.2778440430541571
0.104140007318505,-0.8376546705728132,-0.8758541276354925,0.45958794690234156,-1.0228715734259102,-0.7690539333780366,1.5071162028412755,-0.614849705620708
0.09451313510134561,0.5687321302002479,-0.8758541276354925,-0.23730376171417045,0.154550688856224,-0.8363733045983953,0.6872941840916945,-0.2778440430541571
-1.295607213056472,-0.8376546705728132,1.843873274958755,-1.101449480398645,1.9879653544098326,-0.38714596203177426,0.8789569486560763,-0.2778440430541571
-0.11727805367616123,0.48737091032081464,-0.8758541276354925,2.1321280475819706,-1.0228715734259102,-0.5256685143505887,-1.2787948201493837,2.1614350383799255
0.9224241457770541,-0.8376546705728132,-0.8758541276354925,0.36666905242014,0.154550688856224,0.5229601527357589,-0.5368744411904862,-0.2778440430541571
0.24854309057589605,0.045695716689605356,-0.8758541276354925,2.1321280475819706,-1.0228715734259102,-0.5256685143505887,-1.2787948201493837,-0.2778440430541571
0.07814745233217474,1.4974123399669221,-0.8758541276354925,-1.737943907601727,0.8610040462255043,0.4142134761490268,0.3744510909640266,0.7331729446454954
0.6143642348279533,-0.3959794769416039,-0.8758541276354925,2.1321280475819706,-1.0228715734259102,-0.5256685143505887,-1.2787948201493837,0.7171250559518502
-0.733397875574363,-0.7098013250479894,1.3167219945245354,1.1100202082777528,-0.7335621032651573,-0.3962081850806692,0.3410646739108757,-0.6790412603952891
0.749140445868185,0.5454860673775527,-0.8758541276354925,-1.027114364812884,0.49600314491804276,1.1443697332313723,-1.4395442355904782,-0.2778440430541571
-0.4641342596604145,-0.8376546705728132,0.9638882908946699,0.6208022288289613,-0.24409084851644144,0.735275092738428,-0.18334938061657122,-0.2778440430541571
0.5084686404391999,-0.8376546705728132,-0.8758541276354925,0.45958794690234156,-1.0228715734259102,0.0698490002910408,0.6378328254944347,0.7171250559518502
-0.46692605260339065,-0.8376546705728132,0.9615557631051378,0.6096519614910967,0.008213921972587298,0.718445249933336,-0.19522010667991405,-0.502514484765191
2.3760818505681236,-0.8376546705728132,-0.8758541276354925,0.3202096051790392,-1.0228715734259102,1.9729158405588567,-1.9836191801603362,-0.614849705620708
-0.3916439118652042,1.922815289622245,-0.8758541276354925,2.1321280475819706,-1.0228715734259102,-0.5256685143505887,-2.2185606334973205,0.7171250559518502
-1.1858608697808548,-0.8376546705728132,1.3478223650516281,0.5060473941434424,0.4909570495082623,0.963125272253485,-0.9449306496178798,-0.2778440430541571
-0.5771537394898659,-0.20257223425677964,1.048947804286268,-1.9214587242040744,0.9804283042569781,1.3346764172581544,0.2380613946320816,-0.2778440430541571
0.9994391235143294,-0.8376546705728132,-0.8758541276354925,0.18083126345573677,-1.0228715734259102,0.963125272253485,-0.42558638434665164,-0.614849705620708
1.1438422067717204,-0.8376546705728132,-0.8758541276354925,0.18083126345573677,-1.0228715734259102,0.8725030417645414,-0.4874130825932264,-0.2778440430541571
2.135410045139139,-0.8376546705728132,-0.8758541276354925,0.831263524831148,-1.0228715734259102,1.9729158405588567,-1.9836191801603362,-0.614849705620708
-0.27997219414615515,-0.8376546705728132,0.6597266671397043,-1.1149227200985639,1.1301291347471352,0.19620228165848205,1.429338216447085,-0.6790412603952891
0.3063043238788524,-0.8376546705728132,-0.8758541276354925,0.45958794690234156,-1.0228715734259102,0.5100141198087669,0.6996595237410095,1.1985617167612086
-0.25811919421320323,-0.8376546705728132,0.9632662834841279,0.2946569091964332,-0.05570328655129997,0.722329059811436,-0.19398357271498226,-0.502514484765191
2.135410045139139,-0.8376546705728132,-0.8758541276354925,0.831263524831148,-1.0228715734259102,1.9729158405588567,-1.9836191801603362,-0.2778440430541571
1.0475734846001263,-0.6051940423458609,0.5858632871378594,-1.1664927065361865,1.3857979688426842,-0.447992316788637,0.8851396184807337,-0.2778440430541571
1.615558945412531,-0.5587019167004705,0.3526105081846649,-0.9341954703306825,0.9350134455689529,-0.07255736190587059,-0.7594505548781555,-0.614849705620708
0.42375216492819706,-0.8376546705728132,0.9217472888304593,0.6454257358667448,0.7264415019646892,-2.00281087132037,0.49439488556238087,-0.2778440430541571
0.3063043238788524,0.8244388212498954,-0.8758541276354925,-0.6554387868840776,0.6591602298342815,-0.7586971070364437,0.37816069285882054,-0.2778440430541571
0.4603342793534029,-0.8376546705728132,1.2700714387338965,0.7848040775900472,0.8273634101603007,-2.2215988277865333,0.22977661706704108,-0.2778440430541571
-0.9255502450288646,-0.3121774204657876,1.0208019689592494,-0.5527634084812445,0.3547124734441867,1.1236560805481863,0.08943001204731604,0.877603942888303
-1.0611928745686408,-0.34855750878330566,1.6717327240912976,-2.80418822178499,-0.06074938196108058,1.1145938574992913,0.08275272863668641,-0.502514484765191
-0.5373947572329973,-0.8376546705728132,0.627382281791528,0.33368284487895805,-0.2726853891718647,-0.0715216792717107,1.1982300184013892,-0.502514484765191
-0.7189575672486238,0.7395906919470577,-0.8758541276354925,0.166893429283406,-1.0228715734259102,1.3411494337216503,-0.17456998946555857,-0.2778440430541571
2.520484933825515,-0.8376546705728132,-0.8758541276354925,-0.4231415506785736,-1.0228715734259102,1.9729158405588567,-1.9836191801603362,-0.2778440430541571
-1.0703384031749419,0.03872189784279686,1.721026811376739,-0.8398827924312477,0.3076155829529014,0.4491677650519042,-0.04102432125295619,-0.502514484765191
0.5084686404391999,-0.8376546705728132,-0.8758541276354925,0.45958794690234156,-1.0228715734259102,0.6783125478596622,0.5883714668971748,-0.6790412603952891
2.0487681951847043,-0.5354558538777753,1.036818659780702,0.8777229720722488,-0.3618330747446548,-1.9497321363197027,-0.9201999703192499,-0.2778440430541571
0.845409168039779,1.3358522033491904,-0.8758541276354925,0.41312849966124077,0.154550688856224,-1.9238400704657186,-0.20301027065898242,-0.2778440430541571
2.3760818505681236,-0.8376546705728132,-0.8758541276354925,0.3202096051790392,-1.0228715734259102,1.9729158405588567,-1.9836191801603362,2.1614350383799255
0.8126778025014372,1.3590982661718856,-0.8758541276354925,-0.7994630733314899,0.9282853183559121,-0.36125389617779036,-0.21784867823816093,-0.614849705620708
0.5874089926199069,-0.8376546705728132,-0.8758541276354925,0.166893429283406,-1.0228715734259102,1.2505272032327068,-0.23639668771213335,-0.2778440430541571
-1.0047794033760864,0.24758777230471343,1.6106204960055606,-0.4538047858577,0.6137453711462564,0.44787316175920616,-0.33160980301185766,-0.6790412603952891
2.520484933825515,-0.8376546705728132,-0.8758541276354925,-0.9341954703306825,-0.6023636226108623,1.0666935356694205,-1.204602782253494,-0.2778440430541571
-1.1877862442242866,-0.8376546705728132,1.3447123279989188,0.5199852283157731,0.5077773675408641,0.9683036854242829,-0.9486402515126737,-0.2778440430541571
0.45648353046653933,1.0964177562754296,-0.8758541276354925,-0.3766821034374728,0.47413673147566043,-1.1781485738709825,0.20504593776841118,-0.2778440430541571
0.11569225397909619,1.4114019075229498,-0.8758541276354925,0.166893429283406,-1.0228715734259102,0.3313588654162787,-0.8546636701778811,-0.2778440430541571
1.1900511934140856,0.26304640408180574,-0.8758541276354925,-1.6125034000507539,0.8946446822907084,-0.33406722703110847,0.9729335299908702,-0.6790412603952891
-0.6205709331892547,0.3019835593098202,-0.4947190868259728,-0.0184797652085853,0.13100224361058135,1.206510691280933,0.147918068588576,-0.6790412603952891
-0.8489203421802758,1.3707212975832332,-0.8758541276354925,2.1321280475819706,-1.0228715734259102,-0.5256685143505887,-1.2787948201493837,5.130294446704302
2.520484933825515,-0.8376546705728132,-0.8758541276354925,-0.4231415506785736,-1.0228715734259102,1.9729158405588567,-1.9836191801603362,-0.6790412603952891
0.104140007318505,-0.8376546705728132,-0.8758541276354925,0.45958794690234156,-1.0228715734259102,-0.7690539333780366,1.5071162028412755,0.7171250559518502
-1.0703384031749419,0.03872189784279686,1.721026811376739,-0.8398827924312477,0.3076155829529014,0.4491677650519042,-0.04102432125295619,0.1714968403679107
1.615558945412531,-0.5587019167004705,0.3526105081846649,-0.9341954703306825,0.9299673501591722,-0.07255736190587059,-0.7594505548781555,-0.614849705620708
1.655029121502885,-0.2565031000054326,-0.8758541276354925,0.831263524831148,-0.5182620324478526,1.9651482208026627,-1.9811461122304725,-0.2778440430541571
1.4133946288521837,0.39787356845343796,-0.8758541276354925,-1.4266656110863507,2.1057075806380463,-0.4738843826426209,0.3744510909640266,-0.614849705620708
-0.5771537394898659,-0.20257223425677964,1.048947804286268,-1.9214587242040744,0.9804283042569781,1.3346764172581544,0.2380613946320816,0.877603942888303
-0.22317364806491463,0.31302543915060044,0.3215101376575723,0.3202096051790392,-0.013652491469795174,-0.6939669424014839,-0.30193298785350203,-0.2778440430541571
-0.8855024566054815,0.6047635275754255,-0.8758541276354925,0.166893429283406,-1.0228715734259102,1.434360870795993,-0.11274329121898378,-0.614849705620708
-0.5711850787152271,-0.8376546705728132,1.0543903691285093,-1.0972681301469458,0.882870459667887,1.3735145160391302,0.26575975544654723,-0.6790412603952891
-0.25205426471639286,-0.8376546705728132,-0.8758541276354925,0.13437181621463595,-1.0228715734259102,1.7916713795809696,0.13085389987252144,-0.614849705620708
-0.6371291534027689,-0.8376546705728132,1.0644979895498146,-1.0735738120539848,0.29584136033008007,1.4602529366499768,0.3230112780228754,-0.502514484765191
-0.8489203421802758,1.3707212975832332,-0.8758541276354925,2.1321280475819706,-1.0228715734259102,-0.5256685143505887,-1.2787948201493837,0.7171250559518502
0.18269528461052598,-0.8376546705728132,0.9519146482417393,-0.33951454564459166,0.5784227032777922,0.6498312754202793,-0.24690722641404994,-0.6790412603952891
0.27742370722737425,-0.8376546705728132,-0.8758541276354925,0.5060473941434424,-1.0228715734259102,-0.05961132897887864,0.4770834100533402,-0.2778440430541571
-1.0073786588747196,-0.2559219484348652,1.8225695211476964,-0.8055028014728327,0.06540300328343379,0.43492712883221424,0.2483246265410135,-0.6790412603952891
-1.0522398834066824,-0.346930284385717,1.0562563913601348,-1.1047016417055218,0.7987688695048774,1.4007011851858122,0.28109277661169785,0.1714968403679107
-0.42716707034652235,-0.8376546705728132,0.5948823945907161,0.7332340911524247,-0.2546876488769806,-0.3309601791286303,0.9736754503698285,-0.502514484765191
-0.1269049258933206,0.4525018160867718,0.46146180502948897,0.5989662886256439,-0.013652491469795174,-1.8073257741227913,0.20504593776841118,-0.2778440430541571
-0.13171836200190032,0.4525018160867718,0.46923689766126214,0.6221960122461944,-0.03047280950239703,-1.8125041872935876,0.20999207362813688,-0.2778440430541571
0.26105802445820336,1.5276322216364262,-0.8758541276354925,0.9938715901750008,-1.0228715734259102,-0.093271014589058,-1.7610430664726668,-0.2778440430541571
-1.311010208603927,1.103391575122238,1.1456699566255262,-0.3766821034374728,0.8273634101603007,-1.160024127773194,0.14321923952183638,-0.2778440430541571
1.4037677566350242,-0.5819479795231657,1.1767703271526186,-0.19084431447306965,0.40349139573873244,-1.172970160700186,-0.2895676482041871,-0.6790412603952891
0.3823566143944115,-0.8376546705728132,1.091244308203114,1.2819201630698251,-0.06411344556760089,-1.4513098686305128,-0.45526319950500727,-0.2778440430541571
0.7780210625196632,-0.6168170737572085,1.3167219945245354,-1.3058710482594889,0.8122251239309589,-0.3962081850806692,0.3410646739108757,-0.614849705620708
0.749140445868185,-0.8376546705728132,1.3322721797880817,0.5060473941434424,0.8273634101603007,-2.2215988277865333,0.056661861976631686,-0.2778440430541571
-0.6371291534027689,-0.8376546705728132,1.0644979895498146,-1.0735738120539848,0.29584136033008007,1.4602529366499768,0.3230112780228754,0.1714968403679107
-0.3858677885349086,-0.8376546705728132,-0.8758541276354925,0.166893429283406,-1.0228715734259102,1.892650436411506,0.19639020001389013,-0.614849705620708
-1.2339952308666517,1.917003773916571,-0.8758541276354925,-0.3766821034374728,0.9955665904863198,1.2479379966473079,-1.2169681219028088,-0.2778440430541571
0.9936630001840335,-0.8376546705728132,-0.8758541276354925,0.166893429283406,-1.0228715734259102,1.7088167688482199,0.13456350176731535,-0.614849705620708
-0.26938263470727986,1.1010669688399688,-0.8758541276354925,0.9938715901750008,-1.0228715734259102,0.06467058712024432,-0.9807901346008929,-0.2778440430541571
0.3322968788651827,-0.8376546705728132,-0.8758541276354925,-0.1861983697489598,0.32275386918224314,0.35077791480676657,0.6032098744763533,-0.2778440430541571
-0.4641342596604145,-0.8376546705728132,0.9638882908946699,0.6208022288289613,-0.24409084851644144,0.735275092738428,-0.18334938061657122,0.877603942888303
0.9994391235143294,-0.8376546705728132,-0.8758541276354925,0.13437181621463595,-1.0228715734259102,0.963125272253485,-0.42558638434665164,-0.614849705620708
0.3063043238788524,-0.8376546705728132,-0.8758541276354925,0.45958794690234156,-1.0228715734259102,0.5100141198087669,0.6996595237410095,-0.2778440430541571
2.0487681951847043,-0.5354558538777753,1.036818659780702,1.295857997242156,-0.3618330747446548,-1.172970160700186,-0.9201999703192499,-0.2778440430541571
-1.4977715296168195,1.2998208059740128,-0.8758541276354925,0.9938715901750008,-1.0228715734259102,-0.1864824516633991,0.3299358682264925,-0.6790412603952891
1.1053347179030828,-0.8376546705728132,-0.8758541276354925,0.45958794690234156,-1.0228715734259102,-0.41433263117845764,0.15063844331142565,-0.6790412603952891
0.24854309057589605,0.045695716689605356,-0.8758541276354925,2.1321280475819706,-1.0228715734259102,-0.5256685143505887,-1.2787948201493837,2.1614350383799255
0.7395135736510255,-0.6168170737572085,0.6325138429284982,-1.724006073429396,1.0376173855678246,-0.07255736190587059,1.2066384493629227,-0.2778440430541571
-0.4830991979282185,3.1385843752492053,-0.8758541276354925,0.166893429283406,-1.0228715734259102,-0.21755293068818096,-1.22562385965733,-0.614849705620708
-1.2051146142151736,0.8476848840725907,0.881316807145239,-0.19084431447306965,0.32275386918224314,0.38055379053884747,-1.0438533668123995,-0.2778440430541571
0.5084686404391999,-0.8376546705728132,-0.8758541276354925,0.45958794690234156,-1.0228715734259102,0.0698490002910408,0.6378328254944347,-0.6790412603952891
-0.25811919421320323,-0.8376546705728132,0.9632662834841279,0.2946569091964332,-0.05570328655129997,0.722329059811436,-0.19398357271498226,-0.2778440430541571
-1.3341147019251096,1.596208106963377,-0.8758541276354925,0.45958794690234156,-1.0228715734259102,0.963125272253485,0.41402017784183365,-0.2778440430541571
-0.02996232266652552,-0.8376546705728132,1.0111608540958505,-1.051273277378257,0.6423399118016796,1.0485690895716306,0.05047919215197421,0.1714968403679107
1.615558945412531,-0.5587019167004705,0.3526105081846649,-0.9341954703306825,0.9350134455689529,-0.07255736190587059,-0.7594505548781555,0.1714968403679107
-0.5373947572329973,-0.8376546705728132,0.627382281791528,0.33368284487895805,-0.2726853891718647,-0.0715216792717107,1.1982300184013892,-0.6790412603952891
0.11713628481167042,-0.8376546705728132,0.6197626910123903,-0.651722031104789,0.5599203534419301,-0.14790327354096436,1.132446411467033,-0.502514484765191
-1.2551743497444023,1.1975381295541536,-0.8758541276354925,-0.5067685557125556,-0.652824576708668,0.35466172468486357,0.681111514267037,-0.2778440430541571
-0.8456472056264416,-0.8376546705728132,1.0707180636552331,-0.9411643874168478,0.6389758481951593,1.4952072255528528,0.36072556395328687,-0.502514484765191
-1.0669689978989363,0.6721771097612418,1.1242107009618323,-0.3088513104654653,0.28743120131377914,0.4362217321249123,-0.33160980301185766,-0.6790412603952891
-1.118472764260739,1.3707212975832332,1.4255732913693595,-0.14438486723196883,2.1729888527684538,-1.7425956094878314,-0.4008557050480217,-0.2778440430541571
-1.0073786588747196,-0.2559219484348652,1.8225695211476964,-0.8055028014728327,0.06540300328343379,0.43492712883221424,0.2483246265410135,-0.2778440430541571
-0.733397875574363,-0.7098013250479894,1.3167219945245354,1.1100202082777528,-0.7335621032651573,-0.3962081850806692,0.3410646739108757,-0.2778440430541571
-0.6092112239730066,-0.21233558064231167,1.0195579541381654,-1.2301421492564948,0.5935609895071339,0.5397899955408478,0.08856443827186478,0.1714968403679107
0.22928934614157723,-0.8376546705728132,-0.8758541276354925,0.9706418665544504,-1.0228715734259102,0.01806486858307302,0.538910108299915,-0.502514484765191
-0.30182519407910685,-0.8376546705728132,1.069163045128878,-1.802987133739267,0.9938845586830596,1.4783773827477638,0.3397044865494509,0.1714968403679107
-1.3976520585583616,1.4869516116967094,-0.8758541276354925,0.45958794690234156,-1.0228715734259102,-0.585220265814752,0.8134206485147076,-0.614849705620708
1.8947382397101538,0.5431614610952832,-0.8758541276354925,-0.04682002802565742,0.47413673147566043,-1.5600565452172448,0.09994055074923404,0.1714968403679107
-0.40608422019094326,0.987161261008762,-0.8758541276354925,0.45958794690234156,-1.0228715734259102,-5.957751471540618e-05,-0.3006964538885703,0.7171250559518502
0.33518494053033066,1.0336533866541524,-0.8758541276354925,-0.19084431447306965,0.6591602298342815,-0.7198590082554678,-0.17827959136035249,-0.2778440430541571
0.8126778025014372,1.3590982661718856,-0.8758541276354925,-0.7994630733314899,0.9282853183559121,-0.36125389617779036,-0.21784867823816093,-0.614849705620708
2.289440000613689,-0.8376546705728132,-0.8758541276354925,-0.9341954703306825,0.36648669606700807,-2.2215988277865333,0.35343001356019066,-0.2778440430541571
0.5748940587375996,1.3590982661718856,-0.8758541276354925,-0.3348686009204819,0.5750586396712719,-0.36125389617779036,-0.21784867823816093,-0.6790412603952891
1.615558945412531,-0.5587019167004705,0.3526105081846649,-0.9341954703306825,0.9350134455689529,-0.07255736190587059,-0.7594505548781555,0.1714968403679107
-0.009553353566147543,0.29931026208521017,-0.49549659608915014,-0.994592751744114,0.8593220144222442,1.153431956280267,0.11181127681257684,-0.6790412603952891
-0.6201858583005685,0.30209978962393375,-0.49456358497333736,-0.017085981791352223,0.09567957574211734,1.2090998978663319,0.14964921613947993,0.877603942888303
1.0475734846001263,-0.6051940423458609,0.5858632871378594,-1.1664927065361865,0.9299673501591722,-0.447992316788637,0.8851396184807337,-0.6790412603952891
0.07814745233217474,1.4974123399669221,-0.8758541276354925,-1.737943907601727,0.8610040462255043,0.4142134761490268,0.3744510909640266,-0.2778440430541571
0.9320510179942135,-0.8376546705728132,-0.8758541276354925,0.18083126345573677,-1.0228715734259102,0.8466109759105575,-0.19064493100966745,-0.2778440430541571
1.4374618093950822,-0.2855606785338016,-0.8758541276354925,2.1321280475819706,-1.0228715734259102,-0.5256685143505887,-2.2185606334973205,2.1614350383799255
0.3063043238788524,-0.8376546705728132,-0.8758541276354925,0.45958794690234156,-1.0228715734259102,0.5100141198087669,0.6996595237410095,0.7171250559518502
0.3380730021954786,2.2099041654825307,-0.8758541276354925,-0.30699293257582166,0.4236757773778546,0.961830668960787,-1.9984575877395148,-0.6790412603952891
0.5748940587375996,1.3590982661718856,-0.8758541276354925,-0.3348686009204819,0.5750586396712719,-0.36125389617779036,-0.21784867823816093,-0.614849705620708
-1.0522398834066824,-0.346930284385717,1.0562563913601348,-1.1047016417055218,0.7987688695048774,1.4007011851858122,0.28109277661169785,-0.6790412603952891
-1.2051146142151736,0.8476848840725907,0.881316807145239,-0.19084431447306965,0.32275386918224314,-1.367160654605065,0.6254674858451197,-0.2778440430541571
-1.0895921476092607,0.655904865785355,1.1783253456789733,-0.3274350893619059,0.3362101236083247,0.42974871566141626,-0.33160980301185766,0.877603942888303
0.07814745233217474,1.4974123399669221,-0.8758541276354925,-1.737943907601727,0.8610040462255043,0.4142134761490268,0.3744510909640266,-0.614849705620708
