Batch_ID,Raw_CaO,Raw_SiO2,Raw_Al2O3,Raw_Fe2O3,Raw_MgO,Raw_SO3,LOI,Clinker_CaO,Clinker_SiO2,Clinker_Al2O3,Clinker_Fe2O3,LSF,SM,AM,Kiln_Temp_C,Feed_Rate_tph,Fan_Speed_rpm,Sec_Air_Temp_C,Fineness_90um_pct,Free_CaO_pct,C3S_pct,C2S_pct,C3A_pct,C4AF_pct,Blaine_cm2g,Gypsum_SO3_pct,WC_Ratio,Strength_3d_MPa,Strength_7d_MPa,Strength_28d_MPa
BATCH_0001,42.2,13.99,3.28,2.3,1.28,0.35,35.25,65.17,21.61,5.07,3.56,0.9459,2.5048,1.4264,1400.0,166.1,969.4,958.0,13.72,0.59,58.01,18.19,7.42,10.82,3493.0,2.58,0.459,29.63,53.41,74.44
BATCH_0002,42.71,13.87,2.85,2.18,1.28,0.37,35.53,66.25,21.51,4.43,3.37,0.9781,2.7569,1.3124,1398.9,207.8,1099.3,877.7,13.73,1.162,65.29,12.41,6.03,10.27,3652.2,2.21,0.44,34.01,56.93,74.92
BATCH_0003,42.29,12.85,3.43,1.99,1.13,0.31,34.68,64.74,19.67,5.25,3.05,1.0217,2.3689,1.7226,1380.4,182.0,1129.1,955.5,13.84,1.46,67.1,5.78,8.76,9.28,3548.2,2.61,0.435,36.16,54.8,71.22
BATCH_0004,43.93,14.61,3.18,2.3,1.47,0.34,35.15,67.74,22.53,4.9,3.55,0.9503,2.6672,1.3815,1432.6,203.1,1098.2,982.6,8.57,0.717,62.13,17.74,6.99,10.8,3621.8,2.71,0.483,30.44,55.0,75.13
BATCH_0005,42.49,14.25,3.14,2.01,1.5,0.52,35.32,65.69,22.03,4.85,3.11,0.945,2.7657,1.5568,1429.0,184.7,1168.6,927.0,12.04,0.793,57.51,19.77,7.58,9.48,3535.8,2.69,0.518,30.14,48.36,71.46
BATCH_0006,42.89,13.32,3.15,2.18,1.78,0.42,34.94,65.93,20.47,4.84,3.35,1.0094,2.4977,1.4452,1429.0,178.9,1004.1,918.9,12.59,1.254,68.54,6.99,7.17,10.2,3551.9,2.89,0.479,32.34,55.97,72.67
BATCH_0007,42.48,14.63,3.62,2.38,1.22,0.41,34.98,65.33,22.5,5.57,3.66,0.9066,2.4384,1.5226,1402.7,193.8,1185.3,954.9,12.51,0.908,46.81,29.19,8.57,11.13,3762.3,2.43,0.496,28.02,53.07,71.76
BATCH_0008,42.5,13.61,3.44,1.85,1.45,0.53,34.78,65.15,20.86,5.28,2.84,0.9783,2.5683,1.8578,1363.7,182.8,1113.0,951.3,10.64,0.861,61.32,13.55,9.18,8.65,3730.5,2.89,0.488,34.05,53.76,72.97
BATCH_0009,43.4,14.31,3.25,1.86,1.61,0.53,34.82,66.59,21.95,4.99,2.85,0.9608,2.8006,1.7518,1445.7,165.7,1062.4,874.8,13.65,0.772,61.19,16.78,8.4,8.67,3706.1,3.08,0.454,34.3,54.43,74.16
BATCH_0010,43.13,14.0,3.28,2.27,1.4,0.55,34.99,66.34,21.54,5.05,3.48,0.9665,2.5241,1.4492,1410.7,220.8,1131.3,885.7,10.89,1.212,60.13,16.4,7.49,10.6,3544.1,3.01,0.494,31.1,51.42,68.11
BATCH_0011,42.37,13.49,3.41,2.12,1.53,0.58,36.2,66.41,21.15,5.35,3.32,0.9796,2.4391,1.6111,1428.1,167.9,1152.9,922.1,13.81,0.941,62.52,13.47,8.56,10.1,3360.2,3.21,0.507,31.05,53.0,70.32
BATCH_0012,43.66,16.11,3.37,2.33,1.59,0.47,36.33,68.57,25.3,5.29,3.65,0.8617,2.8274,1.4487,1409.0,191.4,1061.4,910.5,11.77,0.854,40.5,41.99,7.85,11.12,4178.7,2.24,0.501,26.52,53.54,78.92
BATCH_0013,44.6,13.88,3.36,1.85,1.88,0.58,34.75,68.36,21.27,5.16,2.83,1.0116,2.6632,1.823,1467.7,192.4,1100.8,937.7,14.07,0.819,72.09,6.6,8.88,8.61,3488.9,2.3,0.457,38.49,57.02,74.41
BATCH_0014,44.79,14.04,2.82,2.28,1.82,0.5,35.0,68.91,21.6,4.34,3.51,1.0135,2.7507,1.2357,1366.8,172.7,1163.3,891.7,13.17,1.371,74.34,5.86,5.56,10.69,3368.3,2.78,0.383,35.0,57.8,74.57
BATCH_0015,44.59,14.59,3.16,2.01,1.41,0.63,35.3,68.91,22.56,4.89,3.1,0.9701,2.8237,1.5753,1434.2,193.6,1089.9,922.4,13.47,0.964,65.14,15.52,7.7,9.44,3125.7,3.18,0.462,34.94,55.39,73.01
BATCH_0016,43.45,13.43,3.14,2.0,1.28,0.48,35.27,67.13,20.74,4.85,3.09,1.0186,2.6127,1.5677,1432.5,169.6,1145.0,932.3,13.72,0.985,72.52,5.0,7.61,9.41,3392.8,2.63,0.502,35.05,54.5,71.32
BATCH_0017,42.6,14.5,3.67,2.01,1.32,0.43,35.24,65.78,22.39,5.66,3.11,0.9201,2.5532,1.8219,1420.4,194.0,1073.8,958.0,12.14,0.956,49.41,26.91,9.74,9.46,3532.2,2.62,0.537,29.74,47.82,68.38
BATCH_0018,44.24,14.27,3.39,2.23,1.4,0.31,35.16,68.23,22.01,5.22,3.43,0.9728,2.5432,1.5219,1422.7,169.8,1148.8,914.1,11.26,0.56,66.81,12.72,8.04,10.44,3703.2,2.63,0.455,36.1,58.39,75.92
BATCH_0019,43.7,14.32,3.55,2.0,1.27,0.54,34.65,66.87,21.92,5.43,3.07,0.9571,2.5804,1.7692,1348.7,203.6,1084.9,919.8,11.48,1.349,57.0,19.84,9.19,9.33,3917.8,3.03,0.495,32.27,52.08,71.41
BATCH_0020,43.4,13.81,3.23,1.95,1.4,0.45,36.24,68.07,21.65,5.06,3.05,0.9909,2.6683,1.66,1470.8,194.4,1207.7,889.3,13.81,0.854,68.65,10.29,8.26,9.28,4147.5,2.56,0.455,36.83,56.57,77.55
BATCH_0021,41.48,14.02,3.37,2.29,1.55,0.55,35.67,64.48,21.79,5.24,3.57,0.9262,2.4742,1.4696,1444.5,178.0,1096.3,908.7,12.94,0.424,52.42,22.92,7.85,10.85,3685.2,2.77,0.488,31.35,49.8,71.21
BATCH_0022,43.2,13.83,3.06,2.22,1.19,0.39,35.05,66.52,21.29,4.72,3.42,0.9854,2.6142,1.3778,1424.2,187.7,1135.6,875.0,10.2,0.925,66.93,10.54,6.71,10.42,3683.1,2.58,0.527,32.99,55.6,71.38
BATCH_0023,44.12,13.9,2.89,2.05,1.7,0.49,35.6,68.52,21.58,4.49,3.18,1.0092,2.8137,1.4143,1404.8,174.9,1013.5,977.8,13.83,1.067,73.66,6.31,6.53,9.67,3650.0,2.15,0.465,37.46,58.74,75.72
BATCH_0024,41.67,13.77,3.32,2.09,0.99,0.39,36.4,65.51,21.65,5.21,3.29,0.9494,2.5453,1.5836,1374.3,190.0,1118.3,882.4,11.73,0.904,57.04,19.03,8.24,10.02,3584.3,3.09,0.45,32.96,53.79,72.22
BATCH_0025,41.91,13.69,3.22,1.64,1.38,0.4,34.85,64.33,21.01,4.94,2.52,0.9691,2.8155,1.9576,1438.0,198.1,1142.6,895.2,11.4,0.884,60.09,14.9,8.82,7.68,3463.2,2.43,0.551,30.18,50.06,63.96
BATCH_0026,43.72,13.99,4.12,2.32,1.37,0.3,35.99,68.31,21.85,6.44,3.63,0.9583,2.1693,1.7744,1363.8,183.1,1062.2,863.1,11.53,0.907,58.47,18.54,10.93,11.05,4021.8,3.06,0.48,36.54,57.06,74.14
BATCH_0027,42.8,14.75,3.08,1.97,1.68,0.27,35.67,66.54,22.93,4.79,3.06,0.925,2.9207,1.5682,1353.0,194.1,1101.4,925.1,11.96,1.184,54.04,24.97,7.53,9.3,3485.5,2.61,0.469,29.48,51.74,71.79
BATCH_0028,43.24,13.3,3.28,2.09,1.35,0.31,36.29,67.88,20.88,5.15,3.28,1.0165,2.4765,1.57,1399.8,191.3,1125.0,880.9,12.65,1.324,71.59,5.85,8.1,9.98,3182.6,2.96,0.46,34.77,53.3,68.01
BATCH_0029,42.79,13.62,2.74,2.26,1.17,0.43,35.52,66.35,21.12,4.25,3.5,0.9977,2.722,1.2138,1517.4,155.8,1092.6,903.7,11.6,0.3,72.95,5.5,5.34,10.66,3876.6,3.03,0.458,40.16,56.34,75.55
BATCH_0030,43.53,13.44,3.23,2.07,1.63,0.43,36.36,68.41,21.11,5.07,3.25,1.0162,2.5379,1.5593,1431.8,173.8,1075.6,902.7,13.09,0.815,74.08,5.0,7.93,9.89,3672.4,3.42,0.506,35.65,58.54,72.98
BATCH_0031,42.59,12.46,3.52,1.93,1.08,0.4,35.38,65.91,19.28,5.44,2.99,1.0551,2.2879,1.8203,1411.6,192.3,1144.6,923.8,11.17,1.199,74.28,5.0,9.36,9.09,3641.3,2.97,0.454,36.88,59.08,77.85
BATCH_0032,43.36,13.95,3.06,1.93,1.57,0.31,35.57,67.3,21.65,4.75,3.0,0.9858,2.7941,1.5866,1422.5,172.8,1123.9,933.3,14.06,0.828,68.48,10.41,7.53,9.12,3532.5,2.51,0.467,35.22,57.45,72.76
BATCH_0033,44.45,14.41,2.71,2.16,1.19,0.35,35.94,69.38,22.49,4.23,3.37,0.988,2.96,1.257,1426.0,192.5,1055.5,827.0,12.77,1.381,71.15,10.8,5.52,10.24,3549.3,2.81,0.533,32.88,53.9,72.05
BATCH_0034,44.89,14.61,3.68,2.0,1.2,0.39,34.81,68.86,22.41,5.64,3.06,0.9631,2.5736,1.841,1422.0,196.4,1015.4,981.2,12.26,0.863,62.56,17.04,9.77,9.32,3347.0,2.3,0.505,32.55,52.11,69.72
BATCH_0035,41.85,13.64,2.86,2.07,1.4,0.27,35.98,65.36,21.31,4.47,3.23,0.9736,2.766,1.3827,1448.2,177.6,1154.0,846.2,10.97,0.59,65.88,11.4,6.38,9.84,3400.2,2.75,0.48,33.27,53.42,72.73
BATCH_0036,43.38,13.71,3.03,1.99,1.39,0.35,36.0,67.78,21.43,4.73,3.11,1.0012,2.7326,1.5211,1395.1,181.6,1087.3,980.2,8.52,0.927,71.53,7.47,7.27,9.46,3911.5,2.18,0.47,36.16,56.09,74.86
BATCH_0037,42.87,13.76,3.35,1.95,1.38,0.4,35.79,66.77,21.43,5.21,3.03,0.9788,2.6003,1.7197,1395.3,169.1,1104.9,914.8,13.25,0.785,64.66,12.65,8.68,9.22,3512.3,2.73,0.504,32.14,54.7,72.37
BATCH_0038,42.23,14.17,3.38,2.04,1.47,0.27,35.29,65.26,21.9,5.22,3.15,0.9373,2.6162,1.6574,1452.3,177.2,1073.9,962.0,11.44,0.3,57.24,19.6,8.5,9.58,3210.8,2.98,0.442,34.46,51.5,76.83
BATCH_0039,44.07,13.78,3.1,2.37,1.83,0.47,35.09,67.9,21.23,4.77,3.65,1.0052,2.5201,1.3082,1398.2,173.7,1035.6,924.0,10.06,0.884,72.12,6.47,6.48,11.11,4101.4,3.02,0.466,37.87,61.41,80.07
BATCH_0040,41.54,13.03,3.01,2.11,1.5,0.33,35.83,64.74,20.31,4.69,3.28,1.0017,2.5465,1.431,1426.5,168.7,1069.4,863.7,11.12,0.451,69.68,5.66,6.89,9.98,3356.0,3.12,0.452,38.3,56.57,73.55
BATCH_0041,43.75,12.89,3.2,1.97,1.06,0.5,35.97,68.32,20.13,4.99,3.07,1.0617,2.4946,1.625,1407.7,183.6,1109.0,906.6,15.46,1.45,79.08,5.0,8.04,9.35,3210.5,2.68,0.495,35.83,54.41,74.61
BATCH_0042,42.55,13.65,3.18,2.22,1.44,0.27,35.68,66.15,21.22,4.94,3.46,0.9784,2.5272,1.4287,1433.3,189.2,1128.0,963.2,13.75,1.024,64.5,12.2,7.24,10.52,3582.5,2.3,0.493,33.0,54.36,69.43
BATCH_0043,43.6,13.67,3.54,2.08,1.31,0.49,36.33,68.48,21.47,5.56,3.27,0.9936,2.4316,1.6981,1370.8,187.5,1047.9,971.1,12.11,1.251,66.29,11.55,9.19,9.96,3703.1,2.22,0.46,36.27,57.8,74.98
BATCH_0044,43.27,14.44,3.04,2.38,1.86,0.36,35.73,67.33,22.47,4.74,3.71,0.9483,2.6608,1.2783,1404.4,201.8,1179.0,899.1,11.87,0.966,60.69,18.63,6.28,11.28,3263.9,2.52,0.45,30.38,53.75,73.51
BATCH_0045,42.24,14.21,3.15,1.93,1.86,0.33,35.27,65.25,21.95,4.87,2.99,0.9423,2.7943,1.6282,1460.8,204.3,1021.5,923.0,11.72,0.573,58.02,19.16,7.84,9.1,3738.8,2.61,0.465,32.92,55.11,72.9
BATCH_0046,42.45,14.08,3.03,2.23,1.44,0.25,36.02,66.35,22.01,4.74,3.48,0.9535,2.6769,1.3628,1474.2,206.9,1069.4,904.5,12.93,0.792,61.65,16.59,6.68,10.59,3764.6,3.4,0.475,32.18,53.46,73.32
BATCH_0047,42.44,13.8,3.41,1.89,0.7,0.31,35.95,66.26,21.54,5.32,2.95,0.9659,2.6047,1.8055,1462.2,185.1,1166.2,874.7,10.04,0.474,62.79,14.38,9.11,8.97,3660.0,2.89,0.508,34.34,55.85,74.47
BATCH_0048,44.16,14.5,3.61,2.23,1.37,0.41,36.17,69.19,22.72,5.66,3.49,0.9519,2.4813,1.6211,1462.2,167.7,1118.4,904.3,12.54,0.577,61.74,18.56,9.1,10.63,3647.8,2.81,0.439,35.95,58.98,81.54
BATCH_0049,43.44,13.56,3.36,2.11,1.64,0.26,36.06,67.94,21.21,5.26,3.3,1.0016,2.4784,1.5934,1426.1,186.1,1090.7,903.8,11.96,0.924,70.47,7.63,8.35,10.04,3147.5,3.09,0.466,34.38,55.43,71.06
BATCH_0050,44.61,13.76,3.03,2.48,1.11,0.18,34.55,68.16,21.02,4.63,3.78,1.019,2.4975,1.225,1435.4,172.5,1048.9,948.3,12.87,0.75,77.3,5.0,5.88,11.51,3279.9,3.06,0.5,34.79,58.72,71.36
BATCH_0051,44.01,13.68,2.99,1.97,1.41,0.38,35.3,68.01,21.14,4.62,3.04,1.0198,2.7612,1.5191,1453.3,174.9,1125.3,918.8,12.9,0.722,76.29,5.0,7.09,9.25,3776.9,3.02,0.494,37.82,57.02,76.65
BATCH_0052,43.38,14.23,3.17,2.39,1.26,0.58,34.57,66.29,21.74,4.85,3.65,0.9599,2.558,1.3287,1418.6,158.5,1106.4,892.8,13.76,0.58,61.96,15.59,6.68,11.11,3488.5,2.23,0.466,29.87,52.46,75.02
BATCH_0053,43.53,14.09,3.19,1.99,1.35,0.36,35.89,67.91,21.97,4.98,3.1,0.9769,2.7203,1.6078,1504.1,179.7,1126.2,991.3,11.19,0.3,68.74,11.14,7.96,9.43,3532.7,2.77,0.475,34.75,57.73,73.86
BATCH_0054,42.69,14.14,3.62,2.28,1.41,0.34,35.88,66.57,22.06,5.65,3.56,0.9396,2.3953,1.5842,1444.4,185.9,1144.8,945.4,14.07,0.678,56.1,20.92,8.93,10.84,3929.3,2.86,0.542,30.83,56.25,72.55
BATCH_0055,42.27,13.48,3.39,2.33,1.99,0.39,34.66,64.7,20.64,5.18,3.56,0.9757,2.3606,1.4556,1387.3,191.3,1043.6,942.6,11.75,1.115,60.41,13.58,7.71,10.83,3872.8,2.77,0.508,33.37,50.56,69.42
BATCH_0056,43.4,14.43,3.71,2.01,1.62,0.4,35.24,67.02,22.28,5.72,3.1,0.9404,2.5253,1.845,1414.0,193.3,1132.6,856.9,14.71,1.274,53.71,23.36,9.92,9.44,3443.6,2.92,0.495,30.33,51.18,69.4
BATCH_0057,43.49,13.63,2.7,2.09,1.37,0.51,36.44,68.43,21.44,4.26,3.29,1.0172,2.8417,1.2942,1341.8,183.5,1042.2,932.8,13.06,1.504,73.96,5.66,5.71,10.01,3801.8,2.43,0.513,33.4,52.84,71.9
BATCH_0058,43.27,13.03,3.5,2.0,1.09,0.36,34.65,66.21,19.94,5.35,3.06,1.0306,2.3691,1.7483,1472.5,192.8,1082.6,906.0,12.02,1.095,71.64,5.0,9.01,9.32,3695.5,2.93,0.511,35.67,55.13,71.59
BATCH_0059,43.24,13.39,3.16,1.89,1.36,0.44,35.04,66.57,20.61,4.87,2.91,1.0173,2.649,1.6697,1399.4,180.1,1107.0,938.1,12.3,1.239,70.52,5.88,7.96,8.87,3074.8,3.68,0.454,34.12,52.44,71.75
BATCH_0060,42.64,14.95,3.14,2.14,1.57,0.45,35.85,66.46,23.3,4.9,3.34,0.9068,2.8278,1.4662,1425.3,185.5,1220.2,917.7,12.8,0.925,50.03,29.06,7.33,10.17,3876.4,3.16,0.499,28.39,55.85,71.79
BATCH_0061,44.1,13.65,3.3,2.39,1.51,0.44,34.71,67.56,20.91,5.06,3.66,1.0086,2.399,1.3834,1361.0,166.0,1152.3,942.8,13.58,1.335,69.59,7.44,7.22,11.13,3922.4,2.72,0.484,33.88,54.27,70.76
BATCH_0062,42.31,12.51,3.01,1.84,1.73,0.5,35.89,65.99,19.51,4.69,2.86,1.0623,2.5823,1.6391,1395.9,213.8,1149.1,907.0,8.75,1.638,75.87,5.0,7.59,8.71,3252.6,2.31,0.511,36.5,55.91,71.26
BATCH_0063,42.97,14.04,3.14,2.21,1.39,0.3,36.13,67.28,21.97,4.92,3.46,0.9655,2.6215,1.4219,1389.5,165.2,1148.5,895.3,9.63,0.667,64.8,14.11,7.19,10.53,3978.6,3.03,0.462,33.6,57.84,76.96
BATCH_0064,43.29,13.0,3.02,2.16,1.08,0.44,35.86,67.5,20.27,4.71,3.37,1.045,2.5079,1.3954,1419.3,188.3,1111.2,974.6,12.69,1.094,77.89,5.0,6.77,10.27,3630.6,2.96,0.481,36.68,57.05,74.61
BATCH_0065,44.23,13.62,3.12,2.25,1.55,0.33,35.72,68.82,21.19,4.85,3.5,1.0207,2.5373,1.3853,1448.1,171.6,1191.0,886.9,12.86,0.637,77.48,5.0,6.93,10.65,4155.7,2.43,0.496,37.88,60.14,79.65
BATCH_0066,43.24,13.71,3.49,2.54,1.29,0.26,34.69,66.21,21.0,5.34,3.89,0.9776,2.2735,1.3725,1416.9,218.7,1059.8,985.6,15.02,1.364,61.81,13.57,7.57,11.84,3742.2,3.29,0.469,32.56,53.36,70.53
BATCH_0067,42.67,13.68,2.97,2.11,1.28,0.47,34.95,65.6,21.03,4.57,3.24,0.9868,2.6937,1.4109,1456.1,181.6,1123.1,1004.7,10.74,0.344,68.42,8.68,6.63,9.86,3773.7,3.38,0.472,37.85,57.46,74.28
BATCH_0068,43.68,13.25,3.25,1.82,1.38,0.31,36.42,68.7,20.83,5.11,2.86,1.0358,2.6139,1.7889,1394.3,198.5,1154.6,944.4,10.86,1.188,76.69,5.0,8.71,8.7,3903.3,2.84,0.55,36.76,57.24,73.04
BATCH_0069,43.65,14.15,2.88,1.92,1.26,0.38,34.76,66.91,21.69,4.41,2.95,0.9849,2.9473,1.4978,1423.1,190.6,1057.6,856.0,15.73,1.041,67.82,11.01,6.71,8.96,3809.1,2.81,0.488,34.34,55.46,75.09
BATCH_0070,43.27,13.74,3.48,2.04,1.45,0.43,36.36,68.0,21.59,5.46,3.21,0.9841,2.4903,1.7022,1396.6,194.9,1091.3,889.8,13.3,1.08,65.11,12.78,9.04,9.76,3607.0,2.8,0.513,33.81,54.27,73.23
BATCH_0071,42.61,14.12,2.44,2.11,1.33,0.3,35.71,66.29,21.96,3.8,3.29,0.9722,3.0994,1.156,1437.8,180.8,1009.9,894.1,8.17,0.422,69.68,10.39,4.51,10.0,3670.8,2.56,0.496,32.56,54.63,75.42
BATCH_0072,43.01,14.69,3.24,2.03,1.28,0.37,34.62,65.78,22.48,4.96,3.11,0.9277,2.7845,1.5963,1406.4,182.6,1108.0,920.1,13.16,1.058,53.28,24.25,7.89,9.46,3837.4,2.35,0.403,34.1,54.65,77.03
BATCH_0073,44.29,13.61,3.46,2.25,1.39,0.38,35.24,68.38,21.01,5.35,3.48,1.0128,2.381,1.5377,1406.3,179.8,1143.2,888.1,12.66,0.878,72.51,5.55,8.29,10.58,3351.5,2.79,0.421,39.14,55.96,75.34
BATCH_0074,43.04,14.83,2.79,1.78,1.69,0.38,35.15,66.37,22.86,4.3,2.74,0.9354,3.2475,1.5689,1396.6,195.6,1069.7,993.0,13.52,1.025,57.81,21.94,6.76,8.34,4139.3,2.62,0.502,32.73,57.53,78.26
BATCH_0075,42.13,13.84,3.23,2.44,1.35,0.41,34.63,64.45,21.17,4.94,3.74,0.953,2.4401,1.32,1428.3,173.2,1059.9,972.0,11.03,0.327,59.86,15.53,6.75,11.38,3770.1,3.15,0.466,33.07,56.11,73.39
BATCH_0076,44.1,13.35,2.77,2.4,1.34,0.37,36.03,68.93,20.86,4.34,3.75,1.0435,2.5796,1.1555,1466.5,188.3,1122.8,1006.6,11.53,0.918,82.17,5.0,5.14,11.42,3614.3,2.88,0.526,36.81,58.82,77.8
BATCH_0077,43.7,13.67,3.02,1.84,1.05,0.21,34.76,66.98,20.96,4.63,2.83,1.0137,2.8105,1.6388,1440.3,182.2,1075.8,906.7,12.82,0.857,73.86,5.0,7.49,8.6,3264.9,3.07,0.489,35.03,56.43,70.54
BATCH_0078,43.64,14.24,3.4,2.33,1.44,0.27,35.42,67.58,22.05,5.26,3.62,0.9598,2.4838,1.4558,1434.0,170.2,1073.6,943.5,14.36,0.753,62.73,15.9,7.83,11.0,3677.2,3.31,0.487,36.52,56.3,70.93
BATCH_0079,43.5,14.34,3.01,2.2,1.35,0.4,35.88,67.83,22.36,4.7,3.42,0.9624,2.753,1.3724,1449.0,166.1,1164.4,903.1,12.89,0.3,66.72,13.78,6.66,10.42,3780.0,3.23,0.465,34.26,58.68,80.19
BATCH_0080,42.49,14.19,3.16,2.18,1.22,0.36,34.51,64.89,21.67,4.83,3.33,0.9455,2.6533,1.4486,1445.3,174.4,1186.3,904.0,12.84,0.697,57.88,18.45,7.16,10.15,3245.4,2.27,0.434,33.15,53.0,77.56
BATCH_0081,43.31,13.39,3.76,2.48,1.73,0.5,35.78,67.45,20.85,5.85,3.86,0.9933,2.1469,1.5171,1398.1,192.4,1099.6,972.5,14.17,1.183,64.3,11.26,8.98,11.74,3837.0,3.0,0.397,37.49,57.82,75.6
BATCH_0082,43.13,13.73,3.65,2.23,1.2,0.59,35.37,66.72,21.24,5.65,3.44,0.9742,2.3344,1.6414,1462.7,188.7,1088.7,881.6,11.94,0.779,61.56,14.45,9.15,10.48,4071.1,3.26,0.465,34.21,57.76,73.04
BATCH_0083,44.13,13.68,3.09,2.18,1.36,0.54,35.1,67.99,21.08,4.76,3.36,1.0159,2.5965,1.4169,1381.1,179.2,1110.3,904.9,8.19,0.82,74.09,5.0,6.93,10.22,3825.0,3.03,0.491,35.19,58.2,74.06
BATCH_0084,43.11,13.68,2.94,1.93,1.35,0.44,35.81,67.16,21.31,4.58,3.01,1.0007,2.8079,1.5179,1452.0,168.0,1174.6,909.2,12.47,0.487,72.5,6.4,7.02,9.17,2993.9,3.07,0.502,33.07,53.88,71.5
BATCH_0085,43.1,13.44,3.47,1.92,1.18,0.46,36.37,67.74,21.12,5.45,3.01,1.0017,2.497,1.8085,1373.3,216.2,1104.0,933.9,11.29,1.415,66.56,10.34,9.34,9.16,3493.3,2.64,0.499,32.68,55.29,75.48
BATCH_0086,43.59,14.22,3.25,2.03,1.23,0.41,34.73,66.78,21.78,4.98,3.1,0.968,2.6926,1.6051,1382.5,136.2,1121.8,956.2,8.96,0.3,65.4,13.11,7.95,9.45,3754.8,3.42,0.481,34.44,57.04,78.38
BATCH_0087,42.63,14.16,2.99,2.0,1.63,0.32,34.6,65.19,21.65,4.57,3.06,0.9573,2.8407,1.4952,1369.4,181.4,1082.0,940.5,12.98,1.127,59.77,16.99,6.94,9.3,3584.7,2.58,0.483,32.46,51.79,71.79
BATCH_0088,42.82,14.49,3.23,1.81,1.58,0.33,35.81,66.71,22.57,5.04,2.82,0.9384,2.8712,1.7844,1485.6,196.2,1077.6,971.2,12.6,0.625,58.09,20.89,8.57,8.59,3721.2,2.55,0.461,34.68,55.87,75.3
BATCH_0089,43.47,14.26,3.14,1.87,1.25,0.42,34.87,66.74,21.89,4.82,2.87,0.9681,2.847,1.6816,1426.7,183.6,1126.1,920.2,12.9,0.831,63.63,14.76,7.93,8.72,3887.2,3.23,0.444,35.08,57.93,76.6
BATCH_0090,43.72,14.0,3.26,2.03,1.47,0.37,35.55,67.84,21.72,5.06,3.15,0.9844,2.6468,1.6056,1425.9,199.8,1049.7,965.6,14.48,1.165,66.29,12.25,8.07,9.58,3069.5,2.62,0.519,30.94,50.04,67.57
BATCH_0091,42.69,13.55,3.0,1.69,1.55,0.53,35.92,66.63,21.15,4.68,2.64,1.0009,2.8867,1.7716,1366.9,198.7,1094.8,969.0,12.56,1.445,67.01,10.09,7.94,8.05,3693.1,2.56,0.516,31.6,53.05,71.69
BATCH_0092,43.98,12.99,3.24,2.49,1.2,0.33,36.17,68.91,20.36,5.07,3.9,1.0502,2.2691,1.3015,1438.0,182.7,1117.5,939.6,13.45,1.234,79.67,5.0,6.85,11.86,3702.5,2.73,0.5,39.02,58.09,74.19
BATCH_0093,43.33,14.46,3.28,2.09,1.36,0.31,35.42,67.09,22.39,5.07,3.23,0.9465,2.6962,1.5694,1412.2,186.3,1078.2,950.0,12.79,0.922,59.15,19.58,7.97,9.84,3822.2,2.64,0.5,31.94,55.33,72.69
BATCH_0094,43.0,13.59,3.19,2.04,1.56,0.24,35.58,66.75,21.1,4.96,3.17,0.9951,2.5968,1.5663,1383.1,164.0,1147.5,988.4,12.34,0.919,68.76,8.61,7.78,9.63,3617.5,3.15,0.452,35.77,58.27,75.62
BATCH_0095,43.79,15.41,2.66,1.96,1.69,0.36,36.26,68.7,24.18,4.17,3.08,0.9195,3.3365,1.3539,1451.0,183.5,1205.3,875.5,14.33,0.978,57.88,25.66,5.84,9.37,3346.4,3.03,0.451,30.59,54.14,70.96
BATCH_0096,43.31,14.13,3.21,2.44,1.28,0.42,35.8,67.47,22.01,5.01,3.8,0.9623,2.5001,1.3174,1394.0,160.2,1069.4,918.5,11.86,0.594,64.03,14.81,6.84,11.56,3248.4,2.78,0.435,34.27,55.69,71.93
BATCH_0097,44.18,13.45,3.34,2.65,1.48,0.38,34.51,67.46,20.54,5.11,4.04,1.0178,2.2459,1.2637,1392.7,177.1,1055.7,930.7,12.66,0.792,73.52,5.0,6.69,12.3,3595.4,3.12,0.468,35.26,55.03,71.29
BATCH_0098,43.44,14.11,2.73,2.28,1.3,0.41,35.32,67.16,21.81,4.21,3.52,0.9818,2.8184,1.196,1476.4,193.5,1086.6,884.4,9.27,0.3,71.28,8.75,5.21,10.72,3547.2,2.5,0.476,35.21,56.62,74.24
BATCH_0099,44.3,14.49,3.55,1.75,1.44,0.48,36.38,69.64,22.78,5.58,2.76,0.9634,2.7316,2.0265,1433.4,189.5,1102.9,890.2,9.95,0.51,64.69,16.52,10.14,8.39,4269.5,2.65,0.421,39.95,63.93,85.15
BATCH_0100,42.62,14.87,2.84,2.28,1.6,0.33,36.19,66.79,23.3,4.45,3.58,0.9162,2.9001,1.2444,1468.7,176.2,1114.4,930.4,12.3,0.496,56.31,24.31,5.75,10.89,3798.4,2.28,0.519,28.68,55.57,76.11
BATCH_0101,42.97,13.07,2.91,2.01,1.41,0.38,35.25,66.37,20.19,4.5,3.11,1.0379,2.6543,1.4452,1370.6,198.2,1092.5,891.4,14.17,1.468,74.44,5.0,6.65,9.46,3192.8,3.18,0.537,31.59,51.96,66.04
BATCH_0102,43.69,13.8,3.07,2.08,1.38,0.36,34.56,66.76,21.09,4.69,3.18,1.0002,2.6818,1.4769,1410.9,204.0,1128.0,908.2,13.55,1.24,68.81,8.56,7.05,9.66,3893.3,2.91,0.477,35.57,54.0,72.17
BATCH_0103,43.36,13.09,3.67,2.15,1.36,0.52,35.58,67.32,20.32,5.7,3.34,1.0213,2.2487,1.7078,1382.8,166.9,1036.9,885.4,12.59,1.154,69.52,5.82,9.46,10.16,3840.4,2.25,0.475,34.98,56.49,77.93
BATCH_0104,44.19,14.98,2.83,2.2,1.31,0.39,35.3,68.3,23.15,4.38,3.4,0.9451,2.9769,1.2873,1512.6,157.5,1112.7,938.7,14.13,0.3,64.96,17.36,5.84,10.34,3677.0,2.68,0.488,33.37,57.77,75.85
BATCH_0105,43.09,13.1,3.2,2.18,1.45,0.5,36.39,67.74,20.59,5.02,3.42,1.0278,2.437,1.4673,1369.3,167.4,1132.0,891.0,12.86,0.845,74.93,5.0,7.52,10.42,4279.0,2.72,0.516,37.53,59.91,79.57
BATCH_0106,43.02,13.71,3.14,2.33,1.52,0.11,36.41,67.66,21.56,4.94,3.66,0.9852,2.507,1.3502,1443.0,182.9,1099.1,904.5,14.19,1.033,68.48,10.15,6.9,11.13,3406.8,2.92,0.451,32.48,54.72,75.34
BATCH_0107,42.72,14.31,3.35,2.24,1.48,0.34,34.92,65.64,21.99,5.15,3.45,0.9376,2.5571,1.4955,1444.4,197.7,1129.2,938.0,11.35,0.691,56.2,20.66,7.83,10.49,3394.9,2.79,0.431,30.13,54.43,73.29
BATCH_0108,41.5,13.93,3.2,1.94,1.53,0.49,34.72,63.57,21.34,4.9,2.97,0.941,2.7113,1.6526,1363.7,168.6,1061.5,882.4,13.74,1.017,53.15,21.07,7.97,9.03,3533.9,2.2,0.499,28.1,51.33,70.19
BATCH_0109,42.43,14.0,3.2,2.3,1.84,0.27,35.22,65.5,21.61,4.94,3.55,0.9526,2.5442,1.3919,1397.3,182.8,1044.7,951.3,13.77,1.11,58.38,17.92,7.09,10.81,3659.1,3.21,0.445,32.38,53.5,75.39
BATCH_0110,42.57,13.55,3.04,2.13,1.24,0.51,35.49,66.0,21.01,4.72,3.3,0.9904,2.6201,1.4282,1420.0,179.9,1083.6,926.2,13.74,0.849,66.86,9.8,6.91,10.05,3435.5,2.71,0.44,33.36,55.03,75.46
BATCH_0111,43.06,14.37,3.13,2.25,1.39,0.6,36.08,67.36,22.48,4.9,3.52,0.9473,2.6688,1.3913,1474.9,160.1,1126.1,887.3,12.79,0.3,61.55,18.0,7.03,10.72,3336.2,3.12,0.486,31.88,53.86,73.76
BATCH_0112,43.2,14.16,2.77,1.64,1.29,0.28,35.22,66.69,21.86,4.27,2.53,0.981,3.2128,1.6863,1402.2,177.8,1077.3,978.1,12.99,1.02,67.66,11.63,7.03,7.71,3755.6,2.46,0.511,33.6,56.21,71.22
BATCH_0113,42.53,13.55,3.58,2.26,1.62,0.26,35.72,66.16,21.08,5.57,3.52,0.9731,2.3183,1.5837,1474.2,168.6,1109.6,914.1,11.18,0.3,64.3,11.92,8.81,10.71,3164.0,2.84,0.434,33.13,55.49,69.17
BATCH_0114,45.37,14.27,3.19,2.05,1.4,0.45,35.31,70.14,22.06,4.94,3.16,1.0055,2.7226,1.5601,1378.7,196.7,1135.8,948.7,13.16,1.4,72.46,8.58,7.73,9.63,3768.2,2.98,0.469,35.18,57.7,78.35
BATCH_0115,44.09,12.99,3.4,2.24,0.95,0.31,35.2,68.04,20.04,5.25,3.45,1.0522,2.3045,1.5215,1406.1,177.3,1062.8,888.1,15.01,1.32,77.73,5.0,8.07,10.5,3426.2,2.79,0.496,35.82,56.34,72.49
BATCH_0116,42.86,13.61,3.58,2.21,1.18,0.42,34.95,65.89,20.92,5.51,3.4,0.9776,2.348,1.6208,1437.4,197.1,1179.0,879.4,11.28,0.621,62.97,12.48,8.85,10.35,3541.5,2.94,0.51,33.0,53.42,71.53
BATCH_0117,42.22,13.71,3.21,2.22,1.4,0.24,34.79,64.75,21.02,4.92,3.4,0.9667,2.525,1.4486,1401.5,183.4,1142.1,895.3,15.78,0.929,61.07,14.19,7.3,10.35,3459.1,2.78,0.474,30.52,53.98,72.03
BATCH_0118,41.76,14.08,3.81,1.83,1.44,0.33,34.98,64.23,21.65,5.86,2.81,0.9245,2.4983,2.0835,1434.9,180.3,1067.9,939.5,15.21,0.821,48.77,25.28,10.76,8.55,3779.9,2.41,0.451,32.53,56.78,74.71
BATCH_0119,43.76,13.68,3.39,1.85,1.26,0.29,35.5,67.84,21.2,5.25,2.86,1.0046,2.6125,1.8355,1436.4,190.7,1092.3,885.1,12.47,0.86,70.86,7.33,9.08,8.71,3401.0,2.9,0.457,33.98,54.76,71.26
BATCH_0120,41.52,14.4,2.99,2.26,1.01,0.49,36.01,64.88,22.51,4.68,3.53,0.9147,2.7423,1.3261,1377.6,191.0,1100.7,881.8,11.89,1.138,49.77,26.99,6.43,10.74,3626.5,2.98,0.539,25.2,51.97,68.96
BATCH_0121,43.9,13.63,3.62,2.02,1.33,0.05,35.06,67.61,20.98,5.58,3.11,1.002,2.4149,1.7947,1434.3,160.1,1072.5,879.0,11.95,0.656,70.92,6.66,9.53,9.46,3602.8,3.01,0.518,35.13,55.22,74.31
BATCH_0122,43.81,14.52,2.67,2.16,1.3,0.39,35.89,68.34,22.64,4.16,3.38,0.9682,3.0051,1.2322,1432.2,172.7,1066.2,921.4,10.87,0.371,70.11,12.02,5.31,10.27,3769.8,2.46,0.5,35.46,54.77,75.09
BATCH_0123,43.98,14.15,3.06,1.87,1.69,0.23,35.15,67.81,21.82,4.72,2.89,0.9881,2.8669,1.6348,1399.1,183.4,1190.1,935.3,13.22,1.006,69.32,10.25,7.63,8.79,3742.1,2.83,0.432,37.32,59.95,78.65
BATCH_0124,45.0,15.67,3.38,2.06,1.51,0.49,34.71,68.91,23.99,5.18,3.16,0.9134,2.8769,1.6391,1408.8,206.9,1111.5,939.9,13.5,1.2,51.86,29.66,8.38,9.62,3809.7,2.61,0.463,29.68,55.81,77.46
BATCH_0125,43.77,13.85,2.48,2.09,1.49,0.35,35.95,68.34,21.63,3.88,3.26,1.015,3.0328,1.1907,1395.1,201.7,1097.0,938.2,13.66,1.269,76.43,5.0,4.76,9.91,3648.3,3.2,0.535,33.84,54.33,72.29
BATCH_0126,41.26,14.46,3.06,1.93,1.54,0.36,36.1,64.57,22.63,4.78,3.02,0.9088,2.9011,1.5857,1457.1,189.3,1134.2,865.4,14.32,0.775,49.71,27.37,7.57,9.18,3507.7,2.84,0.427,31.01,52.53,72.27
BATCH_0127,44.3,13.28,2.99,2.07,1.26,0.49,35.74,68.94,20.67,4.66,3.22,1.0517,2.6222,1.4468,1483.5,170.1,1078.4,913.5,13.31,0.64,82.87,5.0,6.9,9.8,3946.8,3.14,0.444,41.43,66.06,82.05
BATCH_0128,42.33,13.23,3.3,2.09,1.41,0.32,34.7,64.83,20.25,5.06,3.2,0.9995,2.4522,1.5802,1411.9,166.1,1144.5,961.4,9.73,0.459,68.14,6.66,7.99,9.74,3225.9,2.6,0.477,32.35,52.93,69.34
BATCH_0129,43.28,14.04,3.17,2.14,1.44,0.32,35.81,67.43,21.87,4.95,3.33,0.9725,2.6426,1.4856,1472.5,198.7,1159.5,960.5,10.14,0.646,66.24,12.73,7.47,10.13,3763.9,2.34,0.474,35.36,59.57,77.0
BATCH_0130,42.99,13.77,2.74,2.2,1.51,0.39,35.86,67.03,21.47,4.27,3.43,0.9932,2.7863,1.2441,1459.4,175.0,1128.2,879.2,12.46,0.575,71.97,7.28,5.51,10.45,3656.3,2.69,0.476,36.41,56.33,72.22
BATCH_0131,43.21,13.75,3.67,2.36,1.56,0.3,35.95,67.47,21.46,5.73,3.68,0.9726,2.2805,1.5566,1432.6,188.5,1065.1,885.2,15.06,0.994,62.38,14.48,8.96,11.2,4003.7,3.1,0.492,35.01,54.1,74.86
BATCH_0132,43.98,14.33,2.97,2.11,1.54,0.38,35.73,68.44,22.3,4.62,3.28,0.976,2.8221,1.4097,1457.6,215.5,1060.7,864.8,12.96,1.109,67.17,13.26,6.7,9.98,3542.3,3.24,0.44,35.14,55.77,78.76
BATCH_0133,43.68,13.91,3.06,1.75,1.26,0.4,35.39,67.61,21.53,4.73,2.7,0.9985,2.8971,1.7512,1447.8,179.8,1112.6,905.0,15.12,0.795,70.97,8.18,7.96,8.22,3425.2,2.65,0.496,33.35,55.71,73.09
BATCH_0134,42.9,13.43,2.87,1.93,1.99,0.52,35.87,66.9,20.95,4.48,3.02,1.0138,2.793,1.4856,1372.7,160.2,1124.1,941.9,13.32,1.069,72.04,5.7,6.77,9.18,3568.6,2.9,0.483,32.13,55.2,71.23
BATCH_0135,41.94,13.81,3.33,2.27,1.43,0.42,35.61,65.13,21.44,5.16,3.52,0.9504,2.4682,1.4653,1406.4,203.9,1044.8,934.4,11.02,1.035,56.38,18.95,7.72,10.72,3340.7,3.02,0.483,32.16,51.2,70.72
BATCH_0136,43.0,13.61,3.93,2.19,1.12,0.34,35.21,66.37,21.01,6.06,3.37,0.9717,2.2266,1.7964,1455.7,211.3,1020.7,844.8,15.31,1.203,58.54,16.08,10.36,10.27,3382.9,2.96,0.401,33.82,56.0,75.71
BATCH_0137,43.43,13.25,3.1,1.94,1.49,0.32,35.57,67.4,20.56,4.81,3.01,1.032,2.6282,1.5958,1403.5,160.7,1093.4,927.1,8.47,0.638,77.46,5.0,7.65,9.17,3588.6,2.57,0.541,37.11,55.13,75.19
BATCH_0138,43.45,14.86,3.31,2.18,1.39,0.52,34.52,66.36,22.69,5.06,3.33,0.9248,2.7061,1.5206,1458.4,170.6,1034.0,911.9,11.3,0.3,55.51,23.17,7.77,10.12,3909.4,2.66,0.479,33.12,57.65,72.46
BATCH_0139,43.37,13.46,3.14,1.97,1.34,0.53,36.44,68.23,21.18,4.94,3.1,1.0146,2.6353,1.597,1382.3,169.7,1037.3,861.2,12.22,0.967,72.83,5.78,7.86,9.42,4040.4,2.72,0.519,37.57,57.01,78.32
BATCH_0140,43.74,14.2,2.98,2.12,1.49,0.55,34.51,66.79,21.68,4.55,3.23,0.9782,2.7866,1.4079,1444.7,191.8,1104.2,976.4,13.11,0.733,66.54,11.97,6.59,9.83,3950.8,3.01,0.467,34.83,58.07,77.32
BATCH_0141,43.69,14.67,3.44,2.16,1.77,0.51,36.32,68.6,23.03,5.39,3.4,0.9377,2.62,1.5888,1416.8,161.7,1050.6,957.3,11.55,0.33,59.54,21.11,8.55,10.33,3410.5,2.59,0.506,31.88,52.53,73.72
BATCH_0142,42.38,14.71,3.35,2.31,1.27,0.49,34.65,64.86,22.51,5.13,3.53,0.9073,2.5995,1.4541,1381.8,193.4,1108.6,942.1,10.74,0.808,48.01,28.32,7.63,10.74,3749.3,2.52,0.494,27.55,53.57,70.11
BATCH_0143,43.84,14.26,2.92,2.39,1.31,0.39,36.13,68.64,22.32,4.56,3.74,0.975,2.6887,1.2213,1408.4,187.4,1073.1,922.7,10.65,1.002,67.97,12.72,5.77,11.37,3767.7,2.71,0.466,35.19,55.78,76.08
BATCH_0144,43.88,14.17,2.89,2.05,1.39,0.39,34.69,67.19,21.69,4.43,3.14,0.9866,2.8643,1.4114,1431.7,201.5,1154.1,867.5,13.43,1.288,67.46,11.3,6.43,9.56,3696.7,3.13,0.54,33.26,53.44,72.33
BATCH_0145,44.79,13.5,2.79,1.99,1.54,0.42,35.66,69.62,20.99,4.34,3.09,1.0549,2.8234,1.4044,1412.8,188.4,1026.5,925.6,14.18,1.432,82.63,5.0,6.28,9.41,3773.0,3.28,0.478,37.03,61.86,80.49
BATCH_0146,44.97,13.8,3.5,2.37,1.25,0.35,35.25,69.44,21.31,5.41,3.66,1.013,2.3506,1.4793,1463.1,205.3,1128.1,884.8,15.48,1.107,73.07,5.98,8.15,11.13,3516.2,2.9,0.527,35.38,55.31,72.06
BATCH_0147,42.32,15.64,2.87,2.04,1.07,0.45,36.42,66.56,24.6,4.51,3.2,0.8716,3.187,1.4081,1425.3,191.5,1013.0,964.5,11.29,0.684,44.32,37.08,6.54,9.75,3832.9,2.88,0.49,29.2,53.93,74.7
BATCH_0148,43.77,13.32,3.47,1.97,1.45,0.48,36.27,68.68,20.9,5.44,3.1,1.0242,2.447,1.7574,1418.8,186.8,1074.2,912.1,12.19,0.928,73.84,5.0,9.18,9.42,3555.8,2.34,0.465,36.64,57.39,74.48
BATCH_0149,41.67,13.52,3.02,2.31,1.2,0.32,36.45,65.56,21.28,4.75,3.64,0.9694,2.5387,1.3055,1406.6,171.3,1168.5,874.5,11.93,0.811,63.37,13.2,6.43,11.06,3820.3,2.69,0.422,34.8,59.38,77.13
BATCH_0150,43.37,15.42,3.3,1.9,1.38,0.22,34.77,66.49,23.63,5.07,2.91,0.8966,2.9622,1.7402,1417.2,167.5,1145.8,898.0,12.32,0.503,49.82,30.18,8.5,8.86,4034.7,2.7,0.535,31.49,54.94,75.26
BATCH_0151,44.3,13.88,2.84,2.0,1.74,0.39,35.13,68.29,21.4,4.39,3.08,1.0165,2.8654,1.4223,1303.6,158.0,1078.8,961.4,12.09,1.568,73.4,5.98,6.4,9.38,3468.5,2.21,0.465,34.75,55.71,70.45
BATCH_0152,45.2,13.7,3.29,1.8,1.7,0.28,35.66,70.25,21.3,5.11,2.79,1.0393,2.6949,1.8304,1427.6,163.5,1070.6,886.5,11.59,0.674,81.76,5.0,8.82,8.5,3462.9,3.05,0.447,39.81,63.48,78.97
BATCH_0153,43.3,13.29,3.32,2.19,1.5,0.3,35.23,66.86,20.52,5.13,3.39,1.0158,2.4107,1.5137,1396.1,169.8,1082.0,941.6,12.94,1.096,71.13,5.18,7.86,10.31,3938.5,3.01,0.476,35.03,56.2,74.09
BATCH_0154,42.36,13.4,3.29,2.06,0.95,0.19,35.47,65.64,20.77,5.09,3.2,0.9896,2.5045,1.594,1398.8,186.9,962.6,900.0,11.71,1.22,64.82,10.64,8.09,9.73,3503.7,2.91,0.484,30.31,54.74,71.26
BATCH_0155,42.61,13.8,3.22,2.0,1.64,0.38,35.52,66.09,21.4,4.99,3.1,0.9729,2.6467,1.6104,1365.6,175.5,1112.5,884.3,11.28,0.926,62.99,13.84,7.98,9.43,3905.3,2.65,0.523,32.45,55.05,71.64
BATCH_0156,43.82,14.91,3.15,2.23,1.42,0.53,34.97,67.38,22.93,4.84,3.44,0.9328,2.7707,1.409,1394.8,191.2,1090.3,917.4,12.64,1.032,56.12,23.4,7.01,10.45,3570.9,2.86,0.527,30.57,53.18,70.15
BATCH_0157,43.5,14.12,2.91,1.9,1.6,0.5,36.39,68.39,22.2,4.58,2.99,0.9826,2.9325,1.5291,1381.9,160.8,1094.6,888.0,11.27,0.607,69.93,10.89,7.06,9.11,3482.9,2.45,0.447,35.97,57.66,77.33
BATCH_0158,43.03,12.82,3.56,2.26,1.49,0.55,35.5,66.72,19.88,5.52,3.5,1.0334,2.2041,1.5792,1386.8,206.2,1146.6,910.5,14.2,1.451,70.08,5.0,8.72,10.64,3393.9,2.62,0.464,33.13,56.24,70.42
BATCH_0159,43.41,14.83,3.18,1.73,1.56,0.24,34.74,66.51,22.72,4.87,2.65,0.9343,3.0192,1.839,1377.7,176.4,1106.1,879.7,12.08,1.012,56.4,22.59,8.43,8.07,3813.0,3.18,0.537,31.7,52.74,73.46
BATCH_0160,43.09,13.86,2.86,2.58,1.7,0.46,35.15,66.45,21.37,4.41,3.98,0.9813,2.5455,1.1079,1422.5,176.8,1052.4,923.1,12.89,0.65,68.12,9.87,4.95,12.12,3683.5,2.75,0.423,34.37,57.05,80.18
BATCH_0161,41.93,14.19,2.64,2.31,1.49,0.44,34.95,64.45,21.82,4.06,3.54,0.9442,2.8693,1.1451,1344.2,175.1,1157.7,899.3,10.88,0.914,58.57,18.36,4.76,10.79,3582.9,2.54,0.517,29.46,50.66,67.86
BATCH_0162,42.83,14.49,2.64,2.02,1.44,0.44,36.12,67.04,22.69,4.13,3.17,0.9505,3.109,1.305,1402.2,180.5,975.6,893.7,13.18,0.773,63.11,17.43,5.59,9.63,3614.7,2.93,0.47,32.89,54.06,74.66
BATCH_0163,43.36,14.09,3.14,1.97,0.96,0.51,35.73,67.46,21.93,4.88,3.07,0.9743,2.7584,1.5882,1434.1,186.4,1021.9,975.2,11.8,0.71,65.68,13.31,7.73,9.35,3332.7,2.26,0.515,33.89,53.32,70.03
BATCH_0164,43.49,13.6,3.17,1.99,1.1,0.43,34.86,66.76,20.88,4.87,3.06,1.007,2.6326,1.5907,1481.4,180.3,1111.3,947.7,10.6,0.672,71.38,6.01,7.72,9.32,3650.6,3.29,0.458,38.71,58.79,76.26
BATCH_0165,43.34,14.55,3.13,2.33,1.55,0.38,34.79,66.46,22.32,4.8,3.58,0.9417,2.6638,1.3418,1442.9,172.9,1217.5,813.4,13.51,0.333,60.56,18.3,6.67,10.89,3543.6,2.77,0.525,30.65,55.52,70.13
BATCH_0166,43.08,14.15,2.99,2.27,1.73,0.51,36.11,67.43,22.14,4.68,3.55,0.9644,2.6902,1.3156,1394.5,185.4,1035.3,942.9,13.18,0.779,64.29,14.99,6.38,10.82,3309.6,2.72,0.471,30.81,54.82,73.34
BATCH_0167,42.44,13.67,2.86,2.17,1.33,0.35,34.67,64.97,20.92,4.38,3.32,0.9847,2.7172,1.3188,1399.2,178.4,1104.2,899.2,11.96,0.916,66.1,10.1,5.98,10.1,3554.4,2.81,0.46,34.73,55.03,72.08
BATCH_0168,43.24,14.07,3.49,1.9,1.49,0.37,35.3,66.82,21.74,5.39,2.93,0.9651,2.6139,1.8386,1449.6,148.1,1095.0,895.9,13.15,0.426,63.06,14.75,9.32,8.92,3423.1,2.59,0.477,32.95,56.9,73.18
BATCH_0169,43.81,13.33,3.2,1.97,1.01,0.33,34.67,67.06,20.41,4.89,3.01,1.0319,2.5817,1.6239,1443.6,144.4,1112.6,872.6,13.41,0.697,76.39,5.0,7.87,9.17,3557.0,2.75,0.456,36.07,61.68,75.39
BATCH_0170,43.11,13.55,2.92,2.22,1.14,0.48,34.61,65.94,20.72,4.46,3.4,1.0053,2.6373,1.3127,1384.9,168.7,1026.7,899.9,13.96,1.221,69.05,7.32,6.07,10.34,3844.6,2.96,0.447,34.87,55.5,77.14
BATCH_0171,42.86,13.68,3.38,2.32,1.61,0.42,35.84,66.81,21.32,5.27,3.62,0.9772,2.3974,1.4556,1410.2,152.6,1034.3,990.7,9.75,0.3,66.27,11.12,7.84,11.02,3886.2,2.86,0.508,35.94,58.99,75.34
BATCH_0172,42.34,13.39,2.97,2.27,1.58,0.45,34.53,64.68,20.46,4.53,3.46,0.9954,2.5589,1.3099,1461.4,162.3,1183.4,980.9,13.6,0.828,67.1,8.03,6.16,10.53,3185.8,2.64,0.458,33.64,51.84,72.16
BATCH_0173,42.47,14.23,3.52,2.17,1.34,0.19,35.75,66.11,22.14,5.48,3.37,0.9342,2.5015,1.6267,1412.7,188.0,1084.2,919.1,12.22,0.773,55.21,21.83,8.82,10.25,3619.0,2.72,0.523,27.96,51.74,69.57
BATCH_0174,43.37,14.36,3.2,2.67,1.07,0.51,35.83,67.58,22.38,4.99,4.17,0.9469,2.4437,1.1983,1414.0,191.6,1122.1,890.7,12.84,0.643,60.65,18.42,6.18,12.68,3750.8,2.89,0.499,33.47,55.29,74.23
BATCH_0175,43.79,13.12,3.56,2.45,1.63,0.28,35.09,67.46,20.21,5.49,3.77,1.028,2.1823,1.4564,1351.0,190.6,1062.0,931.5,14.8,1.607,71.01,5.0,8.17,11.47,3505.6,2.88,0.441,34.23,55.67,72.09
BATCH_0176,43.27,14.13,2.94,2.11,0.97,0.49,36.2,67.83,22.15,4.61,3.3,0.9731,2.7999,1.3967,1365.3,202.6,1083.5,911.5,11.56,1.261,64.76,14.66,6.63,10.05,3954.6,2.05,0.518,33.27,53.01,71.3
BATCH_0177,44.29,14.49,2.96,2.02,1.22,0.43,35.31,68.45,22.39,4.58,3.12,0.9749,2.9072,1.4664,1480.6,190.5,1151.8,952.8,12.5,0.736,68.38,12.61,6.85,9.5,3786.3,3.23,0.466,33.39,59.48,77.54
BATCH_0178,43.15,13.21,3.54,2.56,1.44,0.31,34.89,66.28,20.29,5.43,3.94,1.0059,2.1655,1.3793,1365.8,183.9,1155.2,939.0,12.5,1.206,67.22,7.46,7.73,11.98,3327.0,3.05,0.507,30.35,54.48,69.5
BATCH_0179,42.73,15.1,3.38,1.92,0.99,0.48,35.23,65.98,23.31,5.22,2.96,0.8982,2.8511,1.7639,1406.9,177.7,1138.3,960.4,14.34,0.746,46.99,31.38,8.82,9.0,3956.5,2.63,0.412,30.88,57.28,76.93
BATCH_0180,42.67,13.7,3.22,1.67,1.49,0.3,36.44,67.13,21.55,5.07,2.63,0.9849,2.7973,1.9254,1379.6,154.7,1010.3,865.8,11.44,1.061,65.94,12.06,8.98,8.02,3468.5,2.85,0.492,33.66,54.46,69.95
BATCH_0181,41.58,14.69,2.95,2.03,1.18,0.36,35.7,64.67,22.85,4.59,3.15,0.9039,2.952,1.4549,1390.6,190.1,1104.0,892.8,13.99,1.156,47.94,29.35,6.82,9.6,3138.5,3.08,0.486,28.03,49.35,67.47
BATCH_0182,41.78,13.32,3.18,2.08,1.79,0.26,36.32,65.61,20.91,4.99,3.27,0.984,2.5307,1.5242,1437.7,202.3,1213.6,903.8,13.24,1.122,64.2,11.53,7.68,9.96,3648.9,2.77,0.493,29.91,54.95,71.71
BATCH_0183,44.44,13.75,3.02,2.27,1.37,0.29,35.84,69.27,21.43,4.71,3.54,1.0192,2.5983,1.3324,1375.7,202.9,1106.6,896.4,12.15,1.562,74.75,5.06,6.5,10.76,3526.6,2.37,0.49,35.81,56.81,71.14
BATCH_0184,43.6,14.46,3.34,2.37,1.5,0.39,35.61,67.71,22.46,5.19,3.68,0.947,2.5329,1.4097,1499.5,193.3,1128.7,868.9,10.57,0.3,61.92,17.68,7.52,11.2,3636.4,2.62,0.484,35.55,57.22,73.33
BATCH_0185,42.11,13.67,3.04,1.99,1.29,0.39,34.66,64.44,20.93,4.66,3.05,0.9739,2.7157,1.5298,1430.0,142.5,981.2,906.5,12.2,0.398,64.32,11.48,7.19,9.27,3418.1,2.8,0.484,32.39,55.9,72.51
BATCH_0186,43.36,13.0,3.08,2.13,1.31,0.38,35.62,67.34,20.19,4.78,3.3,1.0456,2.4982,1.4468,1416.8,178.8,1102.6,877.6,11.42,0.786,79.02,5.0,7.07,10.05,3844.5,2.17,0.515,39.13,58.59,72.03
BATCH_0187,43.3,14.1,2.93,2.33,1.12,0.34,35.33,66.96,21.81,4.52,3.6,0.9727,2.6855,1.2572,1441.7,195.6,1029.8,1025.8,11.15,0.546,67.55,11.57,5.9,10.95,3725.7,2.7,0.465,35.63,54.79,72.86
BATCH_0188,43.65,13.48,3.57,1.92,1.74,0.23,36.46,68.69,21.21,5.61,3.03,1.0087,2.4549,1.8529,1435.2,187.1,1060.2,937.0,14.42,0.741,72.37,6.23,9.75,9.22,3725.7,2.05,0.451,40.01,58.39,74.77
BATCH_0189,40.84,13.49,3.54,1.75,1.16,0.43,35.84,63.65,21.02,5.52,2.73,0.9463,2.5465,2.0204,1509.9,159.6,1030.2,933.5,14.31,0.3,55.22,18.61,10.01,8.32,3194.7,2.93,0.498,33.12,52.97,71.22
BATCH_0190,42.2,13.78,3.04,1.79,1.47,0.65,35.72,65.65,21.44,4.73,2.78,0.9726,2.8545,1.702,1355.6,179.5,1132.0,924.9,12.33,0.997,61.65,14.94,7.83,8.46,3658.2,2.57,0.414,35.92,58.23,76.03
BATCH_0191,44.04,13.91,3.58,2.18,1.71,0.36,34.89,67.65,21.37,5.49,3.35,0.9862,2.4175,1.6416,1425.1,192.4,1071.4,888.4,11.56,0.774,66.61,11.0,8.89,10.18,3730.6,2.25,0.433,38.7,57.23,77.18
BATCH_0192,43.26,13.02,2.99,1.92,1.65,0.36,34.68,66.23,19.94,4.58,2.93,1.0475,2.6538,1.5609,1457.4,189.1,1215.2,860.8,14.39,1.253,76.46,5.0,7.17,8.93,3356.7,3.1,0.49,34.73,54.58,71.58
BATCH_0193,43.2,14.49,2.86,2.25,1.56,0.48,34.78,66.23,22.22,4.39,3.45,0.9501,2.8346,1.2702,1391.8,154.6,1128.0,927.5,14.01,0.683,61.52,17.28,5.78,10.51,3790.0,3.12,0.477,33.39,56.13,73.5
BATCH_0194,41.96,14.01,2.61,2.11,1.78,0.31,35.96,65.53,21.88,4.07,3.29,0.9596,2.971,1.2357,1390.8,191.5,1022.9,894.7,13.39,1.049,62.81,15.34,5.21,10.02,3541.0,3.02,0.493,31.51,52.58,72.35
BATCH_0195,41.84,13.11,3.19,1.95,1.34,0.35,36.41,65.8,20.61,5.02,3.07,1.0011,2.5461,1.6339,1454.7,171.2,1081.1,948.7,11.65,0.615,69.02,7.02,8.11,9.35,3682.9,2.84,0.446,38.02,61.02,75.49
BATCH_0196,42.88,13.36,3.31,2.16,1.64,0.27,35.52,66.5,20.72,5.14,3.35,1.0018,2.441,1.5316,1445.6,188.9,1092.9,933.5,14.04,1.107,68.17,7.99,7.94,10.21,3314.2,3.05,0.478,33.49,53.96,70.55
BATCH_0197,42.88,14.43,3.3,2.03,1.13,0.42,35.45,66.44,22.36,5.11,3.15,0.9386,2.7049,1.6239,1423.2,207.1,1057.0,1011.8,13.07,1.074,55.47,22.25,8.23,9.58,3451.7,2.89,0.494,31.22,50.82,73.7
BATCH_0198,42.69,14.0,3.48,2.06,1.61,0.55,36.26,66.97,21.96,5.46,3.22,0.9547,2.5291,1.693,1387.9,167.4,1093.0,932.3,11.71,0.974,58.01,19.21,9.01,9.81,3706.0,2.81,0.437,32.06,56.62,71.72
BATCH_0199,43.21,14.43,2.86,2.1,1.44,0.34,35.38,66.87,22.33,4.42,3.26,0.9561,2.9069,1.3581,1365.6,206.2,1170.0,904.7,13.27,1.348,61.16,17.88,6.21,9.91,3351.1,3.35,0.43,31.28,54.3,76.51
BATCH_0200,43.91,13.73,3.06,2.07,1.33,0.27,35.14,67.71,21.16,4.72,3.19,1.0106,2.6754,1.4809,1395.0,187.8,1116.1,926.7,11.01,1.027,73.16,5.49,7.12,9.7,3055.7,2.85,0.523,30.75,51.56,69.24
BATCH_0201,43.1,13.53,3.03,2.32,1.78,0.34,34.57,65.88,20.68,4.63,3.54,1.002,2.5302,1.3059,1459.8,180.4,1089.4,980.2,12.48,0.727,70.47,6.12,6.27,10.78,3662.1,2.31,0.489,34.14,53.51,72.09
BATCH_0202,44.1,13.5,2.97,1.95,1.05,0.45,36.14,69.06,21.14,4.64,3.05,1.0346,2.7479,1.5222,1355.9,161.6,996.2,916.6,12.27,1.156,78.2,5.0,7.14,9.28,3339.4,2.45,0.494,34.81,56.98,72.11
BATCH_0203,43.64,13.52,2.96,2.12,1.36,0.42,34.75,66.87,20.72,4.53,3.24,1.02,2.6636,1.3975,1474.9,181.0,1068.0,884.4,11.22,0.335,76.47,5.0,6.53,9.87,3833.2,2.13,0.495,36.61,58.47,75.56
BATCH_0204,43.79,14.29,2.9,2.18,1.23,0.41,35.51,67.9,22.15,4.5,3.39,0.9752,2.809,1.3287,1375.7,153.1,1080.9,915.1,11.9,0.604,68.72,11.67,6.19,10.3,3500.0,2.88,0.479,34.37,55.1,76.73
BATCH_0205,42.86,13.6,3.28,2.27,1.15,0.29,35.76,66.71,21.17,5.11,3.54,0.9852,2.448,1.4451,1370.9,199.8,1114.9,876.6,11.84,1.481,63.97,12.44,7.56,10.76,3530.5,2.7,0.457,31.55,55.89,75.1
BATCH_0206,44.18,13.52,3.16,1.81,1.3,0.45,35.89,68.92,21.09,4.92,2.83,1.0316,2.7217,1.7399,1465.4,163.4,1081.7,913.9,10.41,0.496,79.13,5.0,8.26,8.61,3419.0,2.74,0.466,37.24,59.78,77.24
BATCH_0207,43.63,13.67,3.4,1.94,1.6,0.41,34.75,66.86,20.95,5.21,2.97,1.0001,2.5615,1.7533,1474.1,216.2,1076.5,902.8,12.13,1.01,67.78,8.94,8.78,9.04,3931.5,2.6,0.491,35.47,57.62,76.92
BATCH_0208,41.82,13.68,3.29,2.14,1.03,0.31,36.26,65.61,21.47,5.16,3.35,0.9582,2.5218,1.5411,1417.8,188.0,990.2,913.5,12.71,1.017,58.96,17.06,8.01,10.19,3773.2,2.97,0.456,30.86,54.68,75.98
BATCH_0209,43.34,14.14,3.44,2.22,1.33,0.51,36.09,67.82,22.13,5.38,3.48,0.9596,2.4989,1.5445,1415.6,171.5,1072.3,997.6,11.39,0.828,61.18,17.29,8.36,10.59,3316.1,2.95,0.489,33.73,52.53,70.16
BATCH_0210,41.85,13.74,3.17,2.21,1.59,0.39,36.0,65.39,21.48,4.96,3.45,0.957,2.5532,1.4363,1484.9,183.4,1082.7,855.5,12.11,0.336,61.61,15.09,7.3,10.51,3840.1,2.94,0.445,35.31,58.57,79.63
BATCH_0211,41.53,14.32,3.03,2.14,1.6,0.35,35.96,64.85,22.36,4.73,3.34,0.9204,2.7707,1.4157,1362.4,202.6,1158.2,916.5,13.78,1.338,50.52,25.99,6.88,10.17,3624.2,2.76,0.47,29.35,50.01,71.19
BATCH_0212,45.17,14.14,3.03,1.98,1.38,0.38,35.91,70.48,22.07,4.72,3.09,1.0146,2.8265,1.5299,1459.1,182.8,1063.4,995.6,12.57,0.873,77.83,5.0,7.29,9.39,3447.9,2.91,0.489,34.08,60.58,77.31
BATCH_0213,44.51,12.9,3.22,2.12,1.15,0.44,34.83,68.3,19.8,4.95,3.26,1.0758,2.4126,1.5169,1459.1,202.6,1087.5,1020.1,9.41,0.953,83.91,5.0,7.59,9.92,3246.9,2.83,0.464,38.6,59.85,76.64
BATCH_0214,41.68,13.52,2.61,2.25,0.99,0.4,35.82,64.94,21.06,4.06,3.51,0.9821,2.7827,1.1587,1347.3,175.2,1182.2,934.4,11.2,1.135,65.59,10.9,4.83,10.67,3604.5,2.94,0.439,33.94,50.97,72.53
BATCH_0215,42.56,13.43,3.67,2.11,1.42,0.33,34.65,65.12,20.56,5.62,3.22,0.9808,2.3249,1.7441,1461.2,176.8,1074.0,856.8,12.41,0.481,63.1,11.33,9.44,9.81,4021.1,3.35,0.443,35.6,58.2,75.57
BATCH_0216,44.64,14.28,3.46,1.82,1.17,0.12,34.7,68.36,21.87,5.3,2.78,0.985,2.7071,1.9038,1391.7,194.4,1125.8,911.1,12.47,1.071,67.65,11.67,9.33,8.47,3651.2,3.03,0.432,36.63,59.64,76.01
BATCH_0217,42.35,13.82,3.61,1.77,1.45,0.35,35.62,65.79,21.47,5.61,2.75,0.9586,2.5668,2.0362,1424.3,190.6,1111.0,879.6,11.75,1.014,57.38,18.25,10.2,8.38,3682.2,3.05,0.488,33.56,53.57,70.98
BATCH_0218,43.37,13.98,2.84,2.31,1.51,0.33,34.9,66.62,21.47,4.37,3.55,0.9845,2.7121,1.2304,1366.2,177.8,1077.7,924.5,11.96,0.819,68.84,9.63,5.57,10.8,3502.9,2.71,0.499,32.25,56.86,68.7
BATCH_0219,43.15,13.5,3.22,2.11,1.42,0.31,34.54,65.92,20.62,4.93,3.23,1.0026,2.529,1.5257,1412.8,191.4,1091.0,926.5,12.75,1.16,67.84,7.94,7.59,9.82,3739.7,2.75,0.453,33.73,57.81,75.38
BATCH_0220,43.74,13.45,3.16,2.11,1.1,0.32,36.36,68.72,21.13,4.97,3.32,1.0215,2.5491,1.4946,1467.3,193.3,1096.9,929.7,12.06,0.998,75.58,5.0,7.54,10.11,3549.9,2.87,0.514,34.44,58.39,70.19
BATCH_0221,42.44,14.25,3.16,2.04,1.15,0.39,35.39,65.69,22.06,4.89,3.15,0.943,2.7444,1.5504,1379.5,154.8,1106.0,894.6,15.03,1.073,56.4,20.69,7.61,9.59,4024.4,2.6,0.484,29.2,54.59,74.59
BATCH_0222,43.15,14.0,3.47,2.1,1.52,0.56,35.24,66.63,21.62,5.35,3.24,0.9646,2.5148,1.6505,1433.3,184.7,1024.1,814.8,13.08,0.798,60.58,16.29,8.7,9.87,3471.3,2.87,0.478,33.98,54.39,71.2
BATCH_0223,42.98,13.99,3.27,2.35,1.03,0.41,35.33,66.46,21.64,5.05,3.64,0.963,2.4898,1.3887,1460.1,178.5,1052.4,895.8,11.91,0.383,63.6,14.05,7.23,11.07,3561.8,3.25,0.462,33.57,56.86,74.62
BATCH_0224,43.19,13.98,3.74,2.03,1.46,0.35,35.19,66.64,21.58,5.78,3.13,0.9605,2.4213,1.8431,1390.4,171.2,1076.1,934.4,16.02,1.05,58.21,17.94,10.0,9.54,3495.8,2.78,0.492,32.23,55.24,66.92
BATCH_0225,44.0,13.65,3.11,2.25,1.54,0.42,35.45,68.17,21.14,4.82,3.48,1.0139,2.5484,1.3833,1420.4,188.4,1012.9,905.1,10.03,0.931,73.89,5.0,6.87,10.59,3431.0,2.33,0.456,35.92,56.43,72.11
BATCH_0226,42.43,13.12,3.12,1.99,1.56,0.21,35.52,65.8,20.35,4.84,3.09,1.0153,2.5656,1.5675,1421.6,188.4,1192.8,900.7,12.99,0.803,72.01,5.0,7.61,9.4,3002.0,3.05,0.48,35.06,51.62,71.12
BATCH_0227,43.34,14.96,3.59,1.98,1.32,0.29,35.59,67.28,23.22,5.57,3.07,0.9128,2.6886,1.8129,1390.2,151.3,1095.8,980.4,13.03,0.86,50.82,28.24,9.56,9.34,3868.3,2.64,0.457,31.23,53.28,76.49
BATCH_0228,43.35,15.12,3.35,2.09,1.62,0.42,34.52,66.2,23.09,5.11,3.19,0.9087,2.7808,1.603,1427.3,163.6,1111.7,961.4,11.25,0.626,50.74,27.91,8.15,9.71,3577.1,2.53,0.51,29.12,53.66,71.81
BATCH_0229,41.5,13.44,3.79,2.15,1.59,0.31,36.43,65.29,21.15,5.95,3.39,0.9523,2.2632,1.7571,1364.9,161.7,1095.1,840.2,10.99,0.698,55.99,18.39,10.05,10.31,3269.8,2.16,0.489,31.18,53.4,68.04
BATCH_0230,42.5,13.92,3.06,2.14,1.7,0.46,35.93,66.33,21.73,4.78,3.34,0.9649,2.6774,1.4331,1437.8,173.5,1025.8,911.7,14.31,0.544,63.75,14.21,7.02,10.15,3336.2,2.84,0.45,32.41,54.67,71.55
BATCH_0231,42.67,13.06,3.29,2.09,1.17,0.31,35.91,66.58,20.37,5.13,3.26,1.0195,2.4291,1.5758,1473.7,180.5,1105.1,924.2,14.59,0.668,73.02,5.0,8.09,9.91,3500.9,2.75,0.428,36.28,60.13,77.68
BATCH_0232,42.66,14.34,3.71,2.02,1.54,0.28,35.11,65.75,22.1,5.72,3.11,0.9291,2.5029,1.8369,1446.4,183.0,1123.7,894.2,10.01,0.468,53.69,22.85,9.88,9.47,3084.1,2.7,0.508,29.85,54.14,71.35
BATCH_0233,41.43,13.75,3.21,1.83,1.17,0.32,35.54,64.27,21.33,4.97,2.84,0.9516,2.7302,1.7504,1381.5,178.4,1069.9,932.7,13.47,1.137,56.04,18.88,8.37,8.64,3497.5,2.89,0.511,30.5,54.03,70.95
BATCH_0234,42.73,13.82,3.0,2.14,1.05,0.35,35.42,66.16,21.4,4.64,3.32,0.978,2.6871,1.398,1381.8,182.0,1149.7,945.8,8.94,1.113,64.71,12.53,6.68,10.11,3673.8,2.57,0.485,33.16,53.46,72.95
BATCH_0235,42.83,13.43,3.37,2.07,1.62,0.44,34.72,65.62,20.57,5.17,3.17,0.9962,2.4674,1.6293,1398.2,185.1,1054.9,957.9,10.4,1.097,65.16,9.83,8.33,9.65,3680.2,2.75,0.503,34.02,55.97,73.43
BATCH_0236,43.09,14.31,3.17,2.02,1.51,0.49,34.76,66.04,21.93,4.85,3.1,0.9538,2.7577,1.5647,1396.6,179.1,1047.1,820.1,12.8,1.011,58.91,18.43,7.61,9.44,3665.5,2.22,0.469,29.58,56.56,71.55
BATCH_0237,42.31,14.35,2.97,2.03,1.34,0.41,35.82,65.93,22.36,4.63,3.16,0.9387,2.8724,1.4674,1455.0,184.0,1093.7,958.7,11.3,0.441,59.17,19.48,6.93,9.6,3848.9,2.96,0.466,31.78,57.08,73.59
BATCH_0238,43.7,14.21,2.62,1.95,1.22,0.41,34.88,67.11,21.82,4.02,2.99,0.9888,3.1112,1.3446,1436.8,202.5,1075.3,900.1,14.22,1.182,69.45,10.16,5.6,9.1,3916.9,2.89,0.445,33.92,55.51,77.97
BATCH_0239,43.87,14.64,3.67,2.2,1.19,0.46,34.55,67.04,22.37,5.6,3.37,0.937,2.4933,1.6638,1389.6,174.9,1119.2,887.8,10.78,0.783,55.24,22.46,9.15,10.25,4066.8,3.17,0.501,34.04,56.57,75.83
BATCH_0240,41.94,14.43,2.84,2.16,1.23,0.46,35.07,64.6,22.23,4.38,3.32,0.9275,2.8872,1.3173,1418.8,156.1,1121.0,896.9,13.82,0.594,55.49,21.87,5.98,10.11,3698.9,2.51,0.462,30.92,55.79,77.51
BATCH_0241,42.74,12.68,3.27,2.09,1.19,0.3,36.01,66.8,19.82,5.11,3.27,1.0477,2.3666,1.5632,1450.4,150.7,1115.7,912.5,13.25,0.604,78.51,5.0,8.01,9.94,3673.3,2.58,0.479,38.91,60.2,78.52
BATCH_0242,42.67,13.24,3.15,1.92,1.32,0.43,35.1,65.75,20.4,4.85,2.95,1.0138,2.6142,1.6411,1432.2,166.5,1075.6,963.0,13.24,1.119,69.37,6.15,7.85,8.99,3895.0,3.14,0.438,37.62,57.76,74.62
BATCH_0243,44.3,13.95,3.53,2.34,1.18,0.48,36.28,69.52,21.9,5.54,3.67,0.9883,2.3781,1.5073,1413.6,182.1,1106.4,923.5,14.79,0.911,68.29,11.26,8.46,11.18,3169.4,2.22,0.512,31.67,53.61,70.35
BATCH_0244,43.11,13.77,3.32,2.05,1.68,0.48,35.97,67.33,21.5,5.19,3.21,0.9827,2.5601,1.6181,1450.5,165.5,1096.0,908.0,10.99,0.462,67.22,10.93,8.33,9.76,3465.6,3.0,0.448,37.62,55.87,75.91
BATCH_0245,42.98,14.06,2.99,1.93,1.44,0.41,34.53,65.65,21.48,4.57,2.95,0.972,2.8547,1.5503,1420.2,192.9,1080.3,932.8,11.74,0.762,64.22,13.13,7.13,8.98,3528.8,2.65,0.467,34.88,54.8,72.37
BATCH_0246,42.14,14.89,3.03,2.27,1.44,0.3,36.46,66.32,23.44,4.77,3.57,0.9003,2.8118,1.337,1419.8,191.8,1090.6,967.7,14.03,1.099,48.91,30.3,6.6,10.85,3485.1,2.48,0.462,28.66,53.04,69.08
BATCH_0247,44.41,13.73,3.61,2.04,1.59,0.42,36.49,69.93,21.63,5.69,3.21,1.0067,2.4312,1.7734,1480.5,157.8,1041.8,993.3,11.4,0.3,74.4,5.88,9.65,9.76,3381.1,3.14,0.442,38.27,59.14,79.1
BATCH_0248,43.25,13.61,3.54,1.53,1.4,0.39,36.02,67.6,21.28,5.54,2.4,0.9973,2.6819,2.3124,1404.1,205.9,1055.6,950.9,13.03,1.489,65.05,11.94,10.63,7.29,3433.2,2.58,0.513,33.22,50.77,68.8
BATCH_0249,42.66,14.97,2.77,2.09,1.11,0.53,36.23,66.9,23.47,4.34,3.27,0.9157,3.0838,1.3246,1419.8,182.7,1238.4,896.3,15.12,0.899,54.1,26.49,5.95,9.96,3541.6,3.59,0.475,28.09,53.79,73.52
BATCH_0250,43.24,14.17,3.41,2.53,1.34,0.31,35.17,66.7,21.86,5.26,3.9,0.9519,2.3854,1.3477,1428.6,168.0,1174.1,908.7,11.65,0.448,61.27,16.46,7.34,11.88,3779.6,2.75,0.461,36.25,55.46,76.08
BATCH_0251,42.09,14.37,2.92,2.14,1.15,0.47,36.47,66.25,22.63,4.6,3.37,0.9322,2.8388,1.3655,1452.6,191.0,1151.6,982.6,10.74,0.375,58.37,20.84,6.49,10.25,3824.4,3.14,0.46,32.45,55.71,74.0
BATCH_0252,43.13,13.95,3.49,2.21,1.36,0.38,34.97,66.32,21.44,5.36,3.39,0.9655,2.4506,1.5804,1437.9,199.1,1106.3,901.2,11.01,0.55,62.23,14.54,8.46,10.32,3766.6,2.97,0.497,33.75,57.65,72.89
BATCH_0253,43.64,14.13,3.37,1.99,1.31,0.48,35.47,67.63,21.89,5.22,3.08,0.972,2.6365,1.6943,1424.4,162.3,1193.7,959.1,12.56,0.583,64.95,13.77,8.62,9.38,3649.7,2.96,0.419,38.77,57.51,77.88
BATCH_0254,44.63,13.81,2.84,2.09,1.19,0.45,35.87,69.6,21.54,4.43,3.26,1.0274,2.7996,1.3604,1430.2,194.4,1060.5,921.4,10.45,1.024,79.05,5.0,6.23,9.92,3729.7,2.95,0.48,37.7,61.43,76.56
BATCH_0255,45.0,15.02,3.15,1.93,1.52,0.36,34.76,68.98,23.02,4.83,2.97,0.9557,2.953,1.6284,1433.7,170.1,1112.5,887.5,14.28,0.642,64.98,16.97,7.78,9.02,3765.3,2.42,0.503,32.92,57.07,77.57
BATCH_0256,42.14,13.65,3.51,2.26,1.4,0.3,34.75,64.58,20.92,5.38,3.46,0.9599,2.3662,1.553,1442.6,180.3,984.0,951.3,12.46,0.829,58.15,16.11,8.39,10.54,3326.2,1.85,0.488,31.35,49.48,68.01
BATCH_0257,41.85,14.05,3.18,2.39,1.25,0.37,35.48,64.86,21.78,4.93,3.71,0.9359,2.5223,1.33,1389.0,172.2,1005.4,904.6,12.42,0.801,55.22,20.78,6.79,11.28,4137.4,3.35,0.457,30.66,56.03,76.86
BATCH_0258,42.96,12.84,2.98,2.23,1.69,0.36,35.02,66.11,19.76,4.58,3.43,1.0483,2.4656,1.3353,1446.5,151.3,1133.0,887.8,12.96,0.62,79.16,5.0,6.34,10.44,3930.1,2.54,0.499,37.79,59.84,77.91
BATCH_0259,43.81,13.68,2.69,2.17,1.6,0.53,35.49,67.91,21.21,4.17,3.36,1.0203,2.8184,1.2406,1406.8,182.2,1102.5,979.6,11.28,0.911,76.47,5.0,5.36,10.22,3391.3,2.37,0.487,36.81,55.75,72.0
BATCH_0260,44.25,14.12,2.55,1.99,1.29,0.45,36.37,69.54,22.19,4.0,3.13,1.0083,3.1094,1.277,1328.1,218.2,1126.6,926.0,14.27,2.366,71.46,9.7,5.3,9.54,3817.7,3.08,0.484,32.69,53.82,71.05
BATCH_0261,41.97,13.37,2.43,2.04,1.29,0.42,35.0,64.57,20.57,3.74,3.14,1.0069,2.9942,1.191,1421.6,198.9,1229.7,965.5,11.82,0.985,71.09,5.36,4.59,9.54,3817.2,2.29,0.471,34.55,56.87,74.9
BATCH_0262,44.09,14.62,2.94,2.2,1.53,0.35,35.09,67.94,22.53,4.54,3.38,0.9605,2.8456,1.3413,1393.0,204.1,1111.4,945.4,11.27,0.908,64.77,15.73,6.3,10.29,3457.6,2.76,0.448,33.25,53.3,73.09
BATCH_0263,42.81,14.03,2.79,1.81,1.48,0.36,36.05,66.94,21.93,4.36,2.83,0.9775,3.0513,1.5399,1388.4,189.1,1059.4,909.0,11.16,1.058,66.61,12.63,6.76,8.61,3933.0,2.24,0.483,35.57,55.99,73.22
BATCH_0264,44.42,14.58,3.7,2.16,1.52,0.54,36.19,69.6,22.84,5.8,3.39,0.952,2.4872,1.7117,1435.7,172.5,1077.6,929.5,10.56,0.413,61.88,18.81,9.63,10.31,3874.1,2.14,0.526,35.55,55.9,76.36
BATCH_0265,43.03,13.91,3.32,2.1,1.34,0.34,34.74,65.94,21.32,5.08,3.22,0.9714,2.5684,1.5793,1371.3,199.3,1210.3,968.0,10.61,1.272,61.02,15.09,8.02,9.79,3855.9,2.68,0.495,32.12,56.5,73.0
BATCH_0266,43.49,12.97,3.14,2.31,1.39,0.45,35.93,67.88,20.24,4.9,3.61,1.0461,2.3777,1.3587,1408.8,164.6,1093.8,932.4,11.52,0.858,78.95,5.0,6.89,10.98,3365.1,3.14,0.471,38.41,60.47,75.79
BATCH_0267,41.33,13.23,3.33,1.65,1.3,0.51,35.26,63.85,20.44,5.15,2.55,0.9815,2.6549,2.018,1491.5,184.4,1053.7,881.6,12.72,0.527,62.0,11.81,9.32,7.76,4064.5,3.09,0.483,35.28,61.48,76.04
BATCH_0268,43.1,14.14,3.0,2.09,1.54,0.71,35.22,66.53,21.83,4.64,3.23,0.9673,2.7764,1.4366,1448.3,167.3,1078.8,901.9,9.81,0.3,64.83,13.67,6.82,9.82,3783.2,2.42,0.511,34.56,54.77,74.08
BATCH_0269,43.25,13.97,3.03,2.1,1.56,0.41,35.05,66.59,21.51,4.67,3.24,0.9802,2.7193,1.4415,1421.5,187.4,1133.3,917.5,11.79,0.885,66.19,11.73,6.89,9.86,3201.5,2.74,0.406,32.11,53.27,76.59
BATCH_0270,44.36,13.81,2.83,2.35,1.55,0.45,34.83,68.07,21.19,4.34,3.61,1.0177,2.6658,1.2035,1445.1,215.9,1209.3,892.5,14.94,1.43,73.93,5.0,5.4,10.98,3724.8,2.29,0.475,33.93,57.25,75.5
BATCH_0271,43.19,12.72,3.0,1.72,1.49,0.48,36.48,67.99,20.02,4.72,2.71,1.0708,2.695,1.7459,1412.2,184.3,1083.7,949.6,12.69,0.946,82.98,5.0,7.94,8.23,3835.0,2.68,0.442,39.99,60.37,79.79
BATCH_0272,43.23,14.76,3.19,2.16,1.16,0.38,36.33,67.9,23.19,5.02,3.39,0.9281,2.7589,1.4801,1441.3,156.7,1110.0,924.0,12.56,0.519,57.81,22.87,7.56,10.31,3683.6,3.24,0.45,33.36,56.9,75.24
BATCH_0273,43.28,13.55,3.35,2.11,1.25,0.4,35.04,66.62,20.85,5.15,3.25,0.9991,2.4828,1.5879,1462.2,182.7,1131.3,908.9,13.18,0.557,69.47,7.37,8.16,9.88,3475.1,2.77,0.442,35.16,57.77,75.32
BATCH_0274,42.51,13.84,3.51,2.2,1.45,0.41,35.04,65.44,21.31,5.4,3.39,0.9575,2.4244,1.5946,1434.0,183.0,1048.5,921.8,10.89,0.606,59.09,16.51,8.58,10.31,3479.8,3.56,0.479,30.77,53.81,73.22
BATCH_0275,43.87,14.73,2.98,1.77,1.33,0.31,35.35,67.86,22.78,4.61,2.74,0.9544,3.1021,1.6846,1397.2,189.2,1097.5,886.8,13.38,1.165,62.15,18.43,7.58,8.32,3515.7,2.84,0.496,32.24,54.05,75.35
BATCH_0276,43.63,14.24,2.99,1.97,1.29,0.45,34.97,67.09,21.89,4.6,3.03,0.9753,2.8702,1.5203,1456.2,173.9,1145.4,924.9,12.31,0.508,67.45,11.88,7.07,9.21,3786.7,2.9,0.548,32.58,55.74,71.73
BATCH_0277,43.16,12.75,3.24,1.93,1.17,0.4,36.43,67.91,20.05,5.09,3.04,1.0572,2.4664,1.6745,1352.4,169.9,1227.6,946.0,11.18,1.504,77.57,5.0,8.35,9.25,3352.0,2.63,0.446,36.87,59.84,73.45
BATCH_0278,42.03,12.69,3.16,2.1,1.44,0.36,35.62,65.28,19.71,4.91,3.27,1.0329,2.4096,1.5037,1413.0,185.5,1152.0,841.8,11.95,1.102,72.25,5.0,7.49,9.94,3370.5,3.32,0.461,34.92,56.35,71.49
BATCH_0279,42.4,12.89,3.33,2.22,1.28,0.37,35.41,65.64,19.95,5.16,3.44,1.021,2.3199,1.4976,1429.2,177.7,1150.0,1017.5,9.94,0.88,70.84,5.0,7.84,10.48,3626.3,3.22,0.502,35.01,56.31,71.12
BATCH_0280,43.46,13.5,3.05,1.86,1.76,0.4,36.03,67.94,21.1,4.76,2.91,1.019,2.7509,1.6374,1412.1,166.1,1246.8,877.1,11.86,0.892,74.68,5.0,7.7,8.85,3750.1,3.09,0.534,36.16,54.55,72.43
BATCH_0281,45.19,14.03,3.4,2.05,1.24,0.42,35.83,70.43,21.87,5.3,3.19,1.0107,2.5757,1.6631,1475.4,175.4,1098.7,978.3,12.05,0.608,75.96,5.4,8.66,9.7,3819.3,2.74,0.489,38.93,58.9,78.57
BATCH_0282,42.78,12.91,2.95,1.87,1.32,0.33,34.86,65.67,19.82,4.54,2.88,1.0457,2.6741,1.5773,1363.1,210.3,1162.6,888.8,12.91,1.798,73.39,5.0,7.15,8.75,3897.8,2.55,0.513,33.99,53.18,73.27
BATCH_0283,45.1,14.03,3.35,2.02,1.62,0.29,35.61,70.05,21.78,5.21,3.14,1.011,2.6074,1.6568,1441.3,148.8,1133.9,876.8,12.92,0.744,75.81,5.26,8.49,9.57,3805.7,3.17,0.514,36.53,59.08,72.28
BATCH_0284,41.85,13.25,3.6,2.07,1.42,0.48,35.99,65.39,20.7,5.62,3.23,0.9789,2.3396,1.7408,1444.4,184.2,1089.6,907.5,13.79,0.926,60.62,13.61,9.43,9.82,3535.7,3.12,0.476,32.03,52.85,69.84
BATCH_0285,44.92,12.94,3.12,1.97,1.36,0.54,36.04,70.23,20.23,4.88,3.08,1.0888,2.5416,1.5858,1385.5,173.2,1132.7,923.7,12.76,1.211,87.64,5.0,7.73,9.37,3582.1,3.14,0.432,39.86,61.12,83.9
BATCH_0286,43.43,14.52,2.97,2.0,1.3,0.32,34.67,66.48,22.22,4.54,3.06,0.9544,2.9214,1.4839,1407.8,191.6,1047.3,937.1,9.95,0.666,62.76,16.36,6.86,9.32,3517.6,3.3,0.472,30.29,52.22,74.26
BATCH_0287,43.57,14.01,3.58,2.14,1.23,0.24,35.96,68.03,21.88,5.59,3.34,0.9698,2.449,1.6744,1407.8,150.6,1068.6,908.3,11.47,0.518,65.12,13.61,9.17,10.17,3541.0,2.7,0.407,34.99,59.92,79.56
BATCH_0288,42.08,13.12,2.87,2.09,1.49,0.47,35.35,65.09,20.3,4.44,3.23,1.0128,2.6474,1.3761,1510.0,146.3,1130.4,897.7,11.62,0.3,72.94,5.0,6.31,9.82,3372.8,3.31,0.505,34.76,57.32,69.61
BATCH_0289,42.88,13.02,3.85,1.88,1.62,0.25,34.82,65.79,19.98,5.91,2.88,1.0137,2.273,2.0549,1436.0,176.2,1068.5,927.9,12.59,0.708,68.19,5.83,10.8,8.75,3385.6,2.33,0.489,33.76,54.97,72.16
BATCH_0290,41.82,14.49,3.14,2.32,1.29,0.35,34.67,64.01,22.18,4.8,3.56,0.9122,2.6528,1.3506,1393.3,193.1,1064.5,945.8,11.93,0.67,50.44,25.54,6.71,10.82,3457.4,2.45,0.481,27.53,53.07,71.22
BATCH_0291,43.05,12.36,2.76,2.02,1.14,0.48,36.36,67.64,19.42,4.34,3.17,1.0975,2.5857,1.3708,1434.7,185.4,969.8,899.0,11.45,0.963,88.04,5.0,6.15,9.64,3496.2,2.46,0.486,39.72,62.62,80.02
BATCH_0292,43.49,12.96,3.07,2.12,1.74,0.29,34.6,66.49,19.81,4.69,3.24,1.052,2.4965,1.4454,1454.2,201.0,1068.6,908.9,10.95,0.929,78.95,5.0,6.94,9.87,3590.9,3.0,0.513,35.44,54.68,75.0
BATCH_0293,43.55,14.3,3.23,1.98,1.29,0.44,36.12,68.18,22.38,5.05,3.1,0.9638,2.7448,1.6271,1434.5,175.6,969.0,868.4,13.43,0.42,65.43,14.8,8.13,9.44,3896.0,3.11,0.481,36.42,59.0,77.05
BATCH_0294,42.56,13.57,3.08,2.3,1.32,0.61,35.78,66.28,21.13,4.79,3.59,0.9855,2.5217,1.3352,1435.1,160.9,1093.6,893.9,9.21,0.561,66.91,10.1,6.63,10.92,3775.8,2.96,0.485,33.06,55.48,75.84
BATCH_0295,42.1,13.74,2.96,1.94,1.76,0.49,35.36,65.13,21.25,4.59,3.01,0.9727,2.7995,1.5254,1411.2,190.1,1079.0,924.4,13.16,0.969,62.45,13.81,7.06,9.15,3428.7,3.17,0.498,28.8,51.64,69.02
BATCH_0296,42.43,13.43,3.54,2.1,1.36,0.39,36.11,66.41,21.03,5.53,3.29,0.9817,2.3825,1.6815,1465.2,168.8,1165.8,928.4,12.26,0.825,63.59,12.31,9.1,10.01,3336.1,2.69,0.443,35.15,57.77,76.17
BATCH_0297,42.74,14.24,3.71,1.64,1.63,0.46,35.39,66.15,22.04,5.74,2.53,0.9418,2.6629,2.2659,1477.4,162.3,1172.6,890.4,14.08,0.325,56.26,20.74,10.93,7.71,3792.7,2.81,0.425,31.84,58.82,77.77
BATCH_0298,43.23,14.21,3.53,2.24,1.45,0.3,34.99,66.5,21.87,5.42,3.44,0.9504,2.4657,1.5754,1419.9,172.0,1082.8,905.0,11.03,0.3,60.63,16.95,8.55,10.48,3433.0,2.86,0.44,34.17,59.32,77.44
BATCH_0299,42.44,14.53,3.09,2.4,1.84,0.38,35.61,65.92,22.57,4.79,3.73,0.9238,2.6483,1.285,1366.8,194.2,1111.2,940.1,11.99,1.008,53.56,24.3,6.39,11.35,3890.1,2.9,0.437,32.63,56.19,75.52
BATCH_0300,43.58,13.93,2.82,2.02,1.58,0.4,35.33,67.39,21.54,4.36,3.13,0.997,2.8768,1.3925,1443.1,206.5,1151.9,923.7,11.73,0.584,72.67,6.95,6.25,9.53,3557.9,2.7,0.492,35.01,55.96,70.95
BATCH_0301,43.15,13.05,3.38,2.18,1.7,0.51,35.84,67.26,20.34,5.27,3.4,1.0271,2.3457,1.5524,1432.3,172.9,1110.2,915.6,13.93,1.093,72.23,5.0,8.23,10.34,3525.9,2.36,0.52,35.08,53.94,71.71
BATCH_0302,40.65,14.62,3.43,1.75,1.28,0.56,36.15,63.66,22.89,5.37,2.74,0.8803,2.8218,1.9574,1470.7,194.1,1091.2,923.3,12.3,0.71,39.84,35.57,9.59,8.35,3381.0,2.56,0.51,26.18,51.37,68.14
BATCH_0303,43.42,13.79,2.99,2.23,1.08,0.4,34.69,66.49,21.12,4.58,3.42,0.9947,2.6422,1.3391,1468.5,173.3,1063.6,949.0,12.75,0.668,70.08,7.68,6.34,10.4,3609.6,2.08,0.515,36.46,56.75,65.77
BATCH_0304,43.36,14.61,3.31,2.0,1.21,0.37,34.85,66.56,22.42,5.08,3.07,0.9392,2.7518,1.6537,1384.8,180.7,1071.8,860.2,14.38,1.015,56.33,21.79,8.26,9.34,3283.0,2.75,0.482,28.06,52.82,69.3
BATCH_0305,43.46,13.88,3.04,2.02,1.53,0.37,35.63,67.51,21.57,4.72,3.15,0.9914,2.743,1.5,1414.3,179.6,1070.5,917.0,9.47,0.755,70.02,9.02,7.18,9.57,4187.9,2.63,0.491,37.85,60.64,76.59
BATCH_0306,43.28,13.18,3.46,2.18,1.48,0.36,36.31,67.95,20.69,5.43,3.42,1.0192,2.338,1.5861,1435.8,176.1,1127.8,843.8,11.85,1.046,72.16,5.0,8.59,10.41,3408.2,2.62,0.467,34.06,52.63,72.38
BATCH_0307,43.29,14.0,3.18,2.02,1.32,0.47,35.14,66.75,21.59,4.91,3.12,0.9765,2.6889,1.5731,1427.4,175.0,1164.7,998.0,10.63,0.671,65.44,12.52,7.73,9.49,4372.5,2.88,0.483,36.7,59.85,79.41
BATCH_0308,43.18,13.21,3.19,1.85,1.68,0.26,34.66,66.09,20.22,4.88,2.84,1.0275,2.622,1.7193,1413.1,164.4,1128.5,906.7,11.72,0.951,73.51,5.0,8.12,8.63,3607.4,2.95,0.451,35.24,58.13,74.9
BATCH_0309,41.8,15.5,3.08,2.14,1.29,0.34,35.39,64.69,23.99,4.77,3.31,0.862,2.9697,1.4428,1392.5,189.0,1029.5,934.6,9.22,0.754,39.69,38.83,7.05,10.06,3812.3,2.42,0.5,26.8,53.78,71.54
BATCH_0310,41.63,13.86,2.71,1.6,1.46,0.41,35.48,64.52,21.48,4.2,2.48,0.966,3.2143,1.6966,1410.0,178.4,1254.9,909.7,13.27,0.811,62.52,14.41,6.95,7.54,3673.8,2.73,0.468,35.51,57.01,74.13
BATCH_0311,43.09,12.4,2.81,2.17,1.46,0.47,35.46,66.76,19.21,4.36,3.36,1.091,2.4902,1.2987,1392.7,183.9,1052.7,930.4,12.58,1.289,84.41,5.0,5.87,10.21,3989.5,2.29,0.476,38.15,64.74,81.92
BATCH_0312,42.66,12.8,3.17,2.11,1.43,0.54,35.15,65.79,19.73,4.88,3.25,1.0406,2.426,1.5033,1411.7,178.2,1044.8,952.8,12.78,1.033,73.85,5.0,7.45,9.89,3123.8,3.23,0.443,34.37,56.35,70.87
BATCH_0313,41.74,13.59,3.18,2.36,1.03,0.44,35.35,64.56,21.02,4.92,3.65,0.9617,2.4512,1.3473,1388.8,189.4,1054.7,982.9,11.15,0.593,60.44,14.66,6.86,11.12,3402.8,2.72,0.512,29.46,50.15,71.48
BATCH_0314,42.69,13.44,3.0,1.96,1.27,0.36,35.42,66.1,20.81,4.65,3.04,1.0042,2.7079,1.5317,1397.8,183.1,1118.0,883.6,14.41,1.096,69.31,7.38,7.19,9.24,3195.5,2.91,0.455,33.93,50.58,73.93
BATCH_0315,44.08,13.96,2.78,2.0,1.37,0.23,35.04,67.86,21.5,4.28,3.08,1.0078,2.9177,1.3889,1445.0,176.6,1030.5,862.1,14.15,0.828,75.31,5.0,6.13,9.38,3897.6,3.27,0.511,35.59,53.7,75.55
BATCH_0316,43.06,14.44,2.93,2.02,1.36,0.11,35.49,66.76,22.38,4.55,3.14,0.9516,2.9139,1.4497,1478.5,166.5,1125.3,916.5,14.39,0.483,64.22,15.71,6.74,9.54,3541.3,2.53,0.504,30.59,55.91,71.63
BATCH_0317,43.35,13.16,3.17,2.22,1.6,0.24,35.59,67.29,20.43,4.91,3.45,1.0297,2.4435,1.4248,1428.9,166.5,1071.7,953.8,13.62,0.807,76.37,5.0,7.19,10.49,3560.5,2.64,0.567,34.78,53.56,73.63
BATCH_0318,44.32,15.14,2.8,2.25,1.4,0.25,35.73,68.95,23.55,4.36,3.51,0.9386,2.9931,1.2437,1437.3,192.5,1069.9,966.6,10.0,0.317,65.01,18.49,5.63,10.67,3634.1,2.81,0.459,35.24,58.67,79.73
BATCH_0319,44.76,13.21,3.86,1.98,1.13,0.38,36.39,70.37,20.78,6.07,3.11,1.0428,2.2614,1.9497,1533.4,193.4,1130.1,951.8,11.35,0.459,79.77,5.0,10.82,9.48,3600.6,3.34,0.477,39.5,59.73,79.31
BATCH_0320,44.69,14.17,3.27,2.2,1.2,0.56,35.99,69.82,22.14,5.11,3.43,0.9922,2.5916,1.4891,1489.7,185.9,1179.5,897.2,11.3,0.438,72.39,8.88,7.74,10.45,3708.7,2.68,0.496,36.79,56.62,77.1
BATCH_0321,42.94,14.18,2.89,2.21,1.1,0.51,35.66,66.75,22.05,4.5,3.44,0.9623,2.7789,1.3077,1396.7,164.6,1028.2,896.8,9.64,0.466,64.88,14.26,6.1,10.46,3874.9,2.74,0.445,35.68,58.44,81.37
BATCH_0322,43.07,14.38,3.27,2.18,1.9,0.37,35.8,67.08,22.4,5.1,3.4,0.9443,2.636,1.5023,1408.9,181.7,1153.6,859.7,9.55,0.494,60.1,18.88,7.77,10.33,3191.5,2.67,0.495,30.06,50.93,71.79
BATCH_0323,42.56,13.89,3.38,2.25,1.57,0.5,35.14,65.61,21.42,5.21,3.46,0.9583,2.4709,1.5036,1410.2,210.8,1082.3,924.4,14.44,1.386,56.58,18.72,7.94,10.54,3039.8,2.8,0.506,26.47,50.08,67.19
BATCH_0324,43.51,14.7,3.22,2.31,1.93,0.46,35.18,67.12,22.68,4.97,3.56,0.9351,2.6595,1.3979,1421.7,190.8,1081.7,1015.5,12.77,0.799,57.14,21.92,7.16,10.82,3391.1,3.13,0.506,29.39,53.21,68.65
BATCH_0325,42.45,14.84,2.88,2.36,1.55,0.53,36.37,66.71,23.33,4.52,3.71,0.912,2.8331,1.2194,1404.4,177.9,1102.8,900.9,12.84,1.056,51.95,27.68,5.71,11.29,3275.8,2.6,0.457,28.21,51.63,73.69
BATCH_0326,43.87,13.86,3.15,1.93,1.41,0.47,36.47,69.06,21.81,4.96,3.03,1.0009,2.7292,1.6363,1380.0,181.3,1111.7,891.3,11.62,1.132,70.97,8.99,8.02,9.22,3316.6,2.9,0.453,36.09,59.65,72.37
BATCH_0327,42.42,14.44,2.91,2.19,1.25,0.44,34.84,65.1,22.16,4.47,3.36,0.9354,2.8285,1.3301,1366.3,173.2,1057.7,955.3,13.19,0.845,56.41,20.98,6.16,10.23,3549.2,2.57,0.509,31.28,49.83,72.47
BATCH_0328,43.47,13.47,3.76,2.11,1.24,0.29,35.26,67.14,20.81,5.81,3.25,0.997,2.2959,1.7848,1458.1,171.4,1102.2,958.2,11.77,0.523,68.15,8.24,9.89,9.9,3595.9,3.0,0.498,35.37,56.31,72.54
BATCH_0329,42.87,12.94,3.59,2.27,1.3,0.34,35.6,66.57,20.09,5.57,3.53,1.0204,2.2082,1.5781,1394.9,174.8,1115.8,897.4,11.84,1.12,69.78,5.0,8.79,10.74,3229.4,2.69,0.43,35.25,52.45,73.82
BATCH_0330,44.62,13.43,3.54,2.07,1.37,0.44,35.26,68.93,20.75,5.47,3.2,1.0328,2.3945,1.7112,1389.1,182.0,1080.9,867.2,13.01,1.223,74.65,5.0,9.09,9.73,3560.7,2.44,0.528,36.23,56.83,71.15
BATCH_0331,42.55,13.74,3.59,2.07,1.62,0.44,35.64,66.1,21.35,5.58,3.22,0.9641,2.4249,1.7357,1383.6,179.8,1149.1,946.8,12.44,0.724,59.86,16.04,9.36,9.79,3151.0,2.33,0.465,31.59,51.07,73.07
BATCH_0332,42.7,13.14,3.89,2.47,1.17,0.56,36.45,67.19,20.68,6.12,3.89,0.9915,2.066,1.5717,1406.0,181.9,1096.8,893.6,13.98,1.125,62.64,12.03,9.62,11.84,3480.9,2.41,0.453,31.82,54.73,70.13
BATCH_0333,42.78,12.07,3.34,2.26,1.06,0.39,36.1,66.96,18.89,5.23,3.53,1.0895,2.156,1.4792,1426.8,194.5,1063.8,885.0,11.82,1.44,81.24,5.0,7.87,10.75,3861.0,2.79,0.511,34.78,60.47,74.86
BATCH_0334,43.01,13.24,3.6,2.29,1.28,0.45,34.74,65.9,20.28,5.52,3.5,1.0032,2.249,1.5748,1438.8,189.6,1015.3,960.3,11.65,0.784,66.9,7.68,8.69,10.66,4259.5,2.89,0.468,34.77,60.76,74.11
BATCH_0335,42.85,13.14,3.3,1.9,1.45,0.41,36.3,67.27,20.63,5.19,2.99,1.0204,2.5246,1.7364,1425.3,170.4,1201.8,934.3,12.08,0.856,72.63,5.0,8.69,9.09,3406.4,2.68,0.552,32.92,53.41,68.55
BATCH_0336,42.11,13.83,3.23,2.14,1.58,0.5,36.29,66.1,21.71,5.08,3.35,0.957,2.5756,1.5132,1399.2,170.8,1048.0,948.0,14.67,0.933,59.12,17.66,7.78,10.21,3539.6,3.24,0.495,31.94,51.35,72.74
BATCH_0337,42.55,13.59,2.94,1.96,1.58,0.39,35.05,65.51,20.92,4.52,3.02,0.9928,2.7719,1.4963,1430.7,171.7,1069.2,931.4,12.69,0.874,67.67,8.94,6.87,9.2,3925.4,2.59,0.506,33.28,58.81,71.93
BATCH_0338,44.19,14.23,3.9,1.99,1.59,0.39,34.94,67.93,21.87,5.99,3.07,0.9645,2.4153,1.9544,1463.2,179.9,1080.6,972.2,11.76,0.3,62.74,15.38,10.69,9.33,3470.8,2.99,0.522,33.91,56.98,70.18
BATCH_0339,43.36,13.66,3.12,2.0,1.32,0.49,34.99,66.7,21.01,4.79,3.08,1.0018,2.6688,1.5566,1404.9,207.1,1115.0,896.9,13.96,1.49,67.02,9.68,7.49,9.37,3186.5,2.49,0.477,29.99,55.55,70.95
BATCH_0340,41.33,13.66,3.84,1.79,1.0,0.25,35.01,63.6,21.02,5.91,2.76,0.9389,2.424,2.1461,1451.4,196.9,1074.4,947.3,14.59,1.135,49.78,22.7,11.01,8.39,3538.4,2.11,0.455,30.43,52.24,70.85
BATCH_0341,43.56,13.88,3.83,1.82,1.41,0.44,35.87,67.91,21.65,5.97,2.84,0.9753,2.4564,2.1008,1411.0,159.9,1162.9,933.5,10.6,0.6,63.35,14.28,11.01,8.65,4025.4,2.79,0.48,38.52,57.06,79.99
BATCH_0342,42.39,14.29,3.24,1.84,1.58,0.26,35.06,65.27,22.0,4.98,2.84,0.9403,2.8133,1.7554,1431.6,167.8,1081.7,940.2,13.28,0.793,56.66,20.33,8.4,8.64,3579.4,2.89,0.467,32.28,55.07,73.36
BATCH_0343,42.61,13.58,3.49,2.37,1.5,0.39,35.58,66.15,21.08,5.42,3.68,0.9739,2.3172,1.4716,1411.8,188.2,1111.4,854.0,13.36,0.899,62.03,13.64,8.13,11.2,3245.8,2.3,0.474,30.73,49.48,70.03
BATCH_0344,43.32,13.6,2.8,2.04,1.5,0.45,35.23,66.88,21.0,4.32,3.16,1.0128,2.8107,1.3683,1353.5,178.1,1030.8,956.1,13.68,1.292,71.89,5.98,6.1,9.6,3408.5,2.66,0.412,35.71,56.24,76.43
BATCH_0345,42.73,13.05,3.54,1.86,1.52,0.23,35.17,65.91,20.13,5.46,2.88,1.0172,2.4144,1.9003,1443.0,177.9,1175.6,874.7,11.65,0.685,70.69,5.0,9.61,8.75,3561.9,2.7,0.47,36.14,53.79,75.48
BATCH_0346,41.55,14.17,3.51,1.92,1.35,0.43,35.51,64.44,21.97,5.44,2.97,0.9206,2.61,1.8307,1444.3,149.6,1055.7,906.7,13.55,0.729,49.63,25.56,9.4,9.05,3543.0,2.38,0.492,31.46,52.34,69.68
BATCH_0347,43.69,14.53,3.34,1.94,1.05,0.31,35.91,68.16,22.68,5.21,3.03,0.9503,2.7497,1.7192,1381.3,189.9,1139.9,927.0,10.6,1.2,59.52,20.11,8.69,9.23,3495.9,2.98,0.481,31.97,54.89,71.66
BATCH_0348,42.1,14.65,3.67,2.28,1.25,0.37,34.54,64.32,22.39,5.6,3.48,0.8974,2.4664,1.6101,1425.1,169.4,1184.6,925.8,8.44,0.31,46.21,29.33,8.95,10.58,3513.0,2.78,0.469,30.79,54.64,73.64
BATCH_0349,43.65,13.81,3.07,2.14,1.52,0.33,35.38,67.55,21.37,4.74,3.31,0.9982,2.6522,1.4321,1433.0,196.2,1088.9,922.7,13.23,1.131,69.94,8.5,6.97,10.08,3819.6,2.5,0.464,34.95,55.74,71.94
BATCH_0350,41.62,13.69,3.22,2.03,1.08,0.32,35.52,64.55,21.24,5.0,3.14,0.9563,2.6079,1.5916,1433.7,188.7,1099.2,966.3,13.1,0.713,58.99,16.38,7.94,9.56,3529.9,2.38,0.477,33.54,54.84,74.71
BATCH_0351,44.48,13.6,3.41,2.09,0.8,0.29,36.11,69.61,21.28,5.34,3.27,1.022,2.4735,1.6325,1440.4,187.7,1035.3,928.8,13.25,0.993,75.8,5.0,8.61,9.94,3782.2,2.98,0.479,37.01,60.38,77.1
BATCH_0352,43.34,14.49,3.02,1.9,1.45,0.22,34.6,66.27,22.16,4.61,2.9,0.9539,2.9483,1.5894,1409.9,183.7,1086.5,858.3,14.89,1.069,60.91,17.58,7.31,8.83,3957.8,2.72,0.454,34.33,56.48,74.2
BATCH_0353,43.66,14.73,2.86,2.02,1.48,0.25,35.29,67.48,22.77,4.42,3.13,0.9494,3.0185,1.413,1438.3,139.9,1124.6,880.2,11.83,0.3,65.21,16.07,6.41,9.51,3711.8,2.8,0.509,31.67,56.55,73.9
BATCH_0354,43.81,14.38,2.83,2.54,1.55,0.4,34.68,67.07,22.01,4.34,3.89,0.9671,2.6766,1.1153,1458.1,215.5,1028.1,911.0,8.93,0.676,66.59,12.87,4.91,11.83,3691.3,2.79,0.46,31.54,57.0,78.22
BATCH_0355,43.41,13.12,2.95,1.95,1.26,0.36,36.02,67.85,20.51,4.62,3.05,1.0449,2.6755,1.5137,1410.3,174.9,1066.4,925.4,12.03,0.786,80.19,5.0,7.07,9.28,3608.6,2.76,0.433,38.31,62.23,77.92
BATCH_0356,43.7,13.24,3.53,2.14,1.45,0.37,35.33,67.57,20.47,5.46,3.31,1.0235,2.3339,1.6503,1393.8,185.1,1072.7,992.7,10.6,1.273,71.29,5.0,8.87,10.07,3572.2,2.89,0.505,33.92,55.95,66.08
BATCH_0357,42.8,12.76,3.23,2.08,1.3,0.42,35.09,65.93,19.66,4.98,3.21,1.0447,2.4021,1.5529,1466.0,199.3,1107.2,916.6,12.74,1.037,74.86,5.0,7.77,9.76,3532.9,2.85,0.433,37.3,59.26,75.48
BATCH_0358,43.84,13.77,3.2,2.13,1.3,0.31,34.77,67.21,21.11,4.91,3.26,1.0014,2.5817,1.5056,1358.6,169.6,1123.7,891.9,12.14,1.222,69.21,8.31,7.5,9.93,3730.2,2.48,0.51,35.33,53.06,70.44
BATCH_0359,43.13,14.28,3.15,2.34,1.17,0.37,36.41,67.82,22.46,4.96,3.68,0.9524,2.6019,1.3482,1462.6,144.1,1097.7,904.3,13.53,0.388,63.63,16.38,6.91,11.18,3782.6,2.87,0.481,33.89,57.29,78.91
BATCH_0360,44.14,13.75,3.72,2.27,1.51,0.51,35.15,68.07,21.2,5.74,3.5,0.9931,2.2937,1.6388,1431.7,142.6,1075.0,967.9,11.29,0.316,68.85,8.85,9.29,10.66,3338.8,3.34,0.53,33.1,54.74,69.99
BATCH_0361,42.86,14.03,3.29,2.25,1.39,0.5,36.04,67.01,21.93,5.14,3.51,0.9591,2.5344,1.4623,1448.9,181.2,1094.0,956.8,11.43,0.309,63.04,15.33,7.67,10.7,3221.9,2.56,0.5,31.67,54.0,70.93
BATCH_0362,42.74,13.69,3.47,1.95,1.35,0.44,34.85,65.6,21.02,5.32,2.99,0.9767,2.5286,1.7816,1352.0,144.2,1117.3,939.7,15.6,1.159,60.7,14.46,9.05,9.09,3804.9,2.74,0.489,35.18,51.26,73.07
BATCH_0363,42.34,14.89,3.42,2.19,1.37,0.28,35.54,65.69,23.1,5.3,3.39,0.8971,2.658,1.5631,1478.7,167.7,1136.5,868.0,12.18,0.367,48.72,29.46,8.31,10.32,3537.6,2.69,0.48,28.35,51.14,75.11
BATCH_0364,44.08,13.12,2.87,2.24,1.38,0.35,36.22,69.12,20.57,4.5,3.51,1.0587,2.5688,1.2828,1451.2,170.9,1090.0,976.0,14.81,1.242,83.12,5.0,5.99,10.68,3529.5,3.17,0.452,36.83,56.82,81.94
BATCH_0365,43.43,13.51,3.01,1.98,1.12,0.35,35.38,67.21,20.91,4.66,3.07,1.0164,2.7035,1.52,1356.3,197.8,1184.6,827.0,11.8,1.408,71.72,5.83,7.17,9.34,3556.4,3.1,0.466,34.64,59.97,72.52
BATCH_0366,42.42,14.13,3.42,1.98,1.1,0.4,35.62,65.89,21.95,5.32,3.08,0.9432,2.6149,1.7292,1414.0,173.5,1122.1,890.0,10.77,0.579,57.11,19.85,8.89,9.36,3696.5,2.45,0.508,29.99,53.26,72.32
BATCH_0367,42.93,13.02,2.83,2.27,1.4,0.37,34.95,65.99,20.01,4.34,3.49,1.039,2.5564,1.2462,1435.5,181.5,1060.4,1018.4,13.61,1.067,76.43,5.0,5.61,10.61,3471.6,3.09,0.456,34.77,59.83,75.26
BATCH_0368,43.34,13.62,3.01,2.28,1.23,0.58,35.51,67.19,21.13,4.67,3.53,1.0021,2.5734,1.3223,1487.7,183.9,1099.4,961.2,14.14,0.562,71.67,6.5,6.41,10.76,3468.4,2.4,0.492,35.49,53.56,72.16
BATCH_0369,42.45,13.47,2.94,2.27,0.96,0.31,35.21,65.52,20.79,4.54,3.5,0.9939,2.5845,1.2964,1418.3,183.2,1184.6,981.8,10.1,0.456,70.03,6.76,6.11,10.66,3606.2,2.6,0.444,35.96,57.7,73.98
BATCH_0370,42.56,13.48,2.98,1.87,1.39,0.25,34.89,65.37,20.7,4.58,2.88,1.0007,2.7737,1.5915,1453.1,180.8,1121.1,901.4,11.95,0.723,69.87,6.64,7.27,8.76,3309.0,2.69,0.454,33.66,52.33,75.29
BATCH_0371,43.86,13.37,2.93,2.02,1.31,0.48,36.4,68.96,21.01,4.61,3.17,1.0381,2.7011,1.4512,1447.9,208.6,1075.2,786.1,11.89,1.138,78.75,5.0,6.84,9.66,3778.6,2.89,0.465,39.82,58.1,77.28
BATCH_0372,43.14,13.16,2.97,2.27,1.45,0.4,35.51,66.9,20.4,4.6,3.52,1.0303,2.5125,1.3059,1450.8,187.2,1172.3,901.6,11.86,0.65,76.96,5.0,6.23,10.71,3492.8,3.09,0.519,36.53,53.69,75.58
BATCH_0373,42.63,13.65,3.5,1.83,1.2,0.24,35.65,66.24,21.22,5.44,2.85,0.977,2.5587,1.9104,1391.1,161.2,1179.9,894.1,13.54,0.91,62.99,13.32,9.6,8.67,3601.0,2.62,0.503,33.56,54.5,70.76
BATCH_0374,43.65,13.59,3.26,2.21,1.28,0.39,36.21,68.42,21.31,5.11,3.46,1.0055,2.4871,1.4761,1418.0,192.4,1046.7,917.9,15.37,1.47,69.59,8.6,7.68,10.53,3937.3,2.81,0.49,36.23,58.59,70.36
BATCH_0375,43.79,13.66,3.32,1.93,1.17,0.25,35.8,68.2,21.28,5.17,3.01,1.007,2.6016,1.7162,1434.4,159.3,1075.0,917.6,13.99,0.674,73.09,5.86,8.6,9.16,3878.3,3.08,0.448,39.8,59.56,77.09
BATCH_0376,43.2,14.04,3.44,1.74,1.54,0.38,36.16,67.67,21.99,5.38,2.73,0.9692,2.7103,1.9694,1444.8,191.7,1180.4,974.1,14.52,1.16,61.86,16.39,9.64,8.32,3672.8,2.81,0.506,33.75,53.96,73.14
BATCH_0377,45.22,12.16,3.14,2.35,1.6,0.66,34.67,69.21,18.62,4.8,3.6,1.1491,2.2172,1.3341,1423.8,173.5,1083.4,932.7,14.93,1.742,92.92,5.0,6.63,10.95,3586.0,2.88,0.462,39.54,65.26,85.76
BATCH_0378,41.79,13.24,2.51,1.94,1.55,0.36,35.79,65.07,20.62,3.92,3.03,1.0104,2.9702,1.2937,1436.1,157.2,1139.9,897.8,12.52,0.608,73.5,5.0,5.26,9.21,3282.1,2.45,0.509,34.02,55.65,71.64
BATCH_0379,40.69,14.46,3.21,2.05,1.6,0.57,35.03,62.63,22.25,4.94,3.15,0.8911,2.7502,1.5666,1437.0,204.1,1022.3,946.6,12.3,0.725,42.69,31.6,7.75,9.59,3117.8,2.98,0.506,26.97,49.56,65.88
BATCH_0380,43.92,15.04,3.37,2.07,1.47,0.52,35.8,68.41,23.42,5.25,3.22,0.9249,2.7658,1.6279,1392.7,170.2,1084.6,835.8,12.71,0.52,56.22,24.73,8.45,9.81,3613.3,3.06,0.466,34.53,53.84,78.42
BATCH_0381,43.14,15.43,2.7,2.22,1.26,0.38,35.1,66.48,23.78,4.16,3.43,0.9006,3.1336,1.2147,1376.0,193.2,1097.8,963.5,12.76,0.847,51.91,29.02,5.23,10.43,3874.1,2.2,0.424,30.23,54.85,80.68
BATCH_0382,44.78,13.58,2.95,2.24,1.31,0.32,36.17,70.15,21.28,4.62,3.51,1.0409,2.6191,1.3175,1403.3,179.3,1167.1,842.6,12.53,1.233,81.41,5.0,6.31,10.67,3648.4,3.19,0.478,37.14,60.26,77.69
BATCH_0383,42.56,13.38,3.32,2.21,1.42,0.15,36.22,66.72,20.98,5.21,3.46,0.9921,2.4207,1.5069,1362.2,176.4,1074.9,920.2,11.8,1.371,65.94,10.41,7.96,10.52,3026.5,2.89,0.505,31.55,52.0,69.05
BATCH_0384,42.85,12.56,3.55,1.94,1.23,0.36,34.91,65.84,19.29,5.45,2.99,1.0533,2.2851,1.8254,1429.5,179.1,1127.4,866.4,11.39,0.91,75.2,5.0,9.4,9.09,4074.5,2.77,0.513,38.16,58.41,75.84
BATCH_0385,44.27,12.67,3.01,2.31,1.26,0.44,36.37,69.57,19.91,4.73,3.63,1.091,2.3804,1.3011,1393.5,173.3,1071.6,945.5,12.8,1.335,87.58,5.0,6.38,11.06,4226.9,3.32,0.421,41.89,70.06,85.41
BATCH_0386,43.13,14.39,3.42,2.16,1.49,0.39,36.47,67.89,22.66,5.39,3.4,0.9413,2.5779,1.5856,1482.1,157.8,1107.0,922.6,13.72,0.3,60.11,19.61,8.53,10.34,3164.1,2.85,0.488,33.62,52.08,74.86
BATCH_0387,41.96,14.82,3.72,2.12,1.05,0.29,35.46,65.02,22.96,5.77,3.28,0.8864,2.5381,1.7581,1363.2,155.1,1201.3,1002.4,10.82,0.676,42.69,33.63,9.73,9.98,3278.8,2.8,0.529,27.61,50.22,68.18
BATCH_0388,42.63,14.57,3.12,2.16,1.21,0.3,35.78,66.38,22.69,4.86,3.36,0.9279,2.7607,1.4488,1444.1,173.3,1057.3,894.3,13.55,0.498,56.99,22.06,7.21,10.21,3570.6,2.8,0.422,31.37,57.11,75.7
BATCH_0389,44.07,14.36,3.33,2.18,1.45,0.36,35.9,68.76,22.41,5.2,3.4,0.9659,2.6059,1.5278,1422.9,183.2,1131.7,924.0,15.66,0.889,64.64,15.48,8.02,10.35,3788.6,2.79,0.48,33.41,58.25,76.76
BATCH_0390,43.07,13.41,3.46,2.12,1.44,0.32,35.67,66.94,20.84,5.38,3.29,1.0,2.4034,1.6364,1359.9,183.5,1145.2,911.0,14.65,1.375,66.3,9.73,8.7,10.01,3336.3,2.78,0.478,33.83,52.23,72.85
BATCH_0391,43.19,13.23,2.87,2.35,1.62,0.51,34.54,65.98,20.21,4.39,3.59,1.0278,2.5329,1.2229,1417.6,208.4,1098.9,954.5,10.42,1.098,73.68,5.0,5.56,10.92,3561.0,2.78,0.44,36.54,58.58,73.63
BATCH_0392,42.61,13.49,3.06,2.17,1.49,0.1,35.15,65.7,20.8,4.72,3.34,0.9941,2.5792,1.4129,1455.8,201.5,1047.5,881.1,11.82,0.726,69.47,7.24,6.86,10.17,3656.0,2.22,0.446,37.68,55.76,77.39
BATCH_0393,42.82,13.82,3.15,1.95,1.42,0.42,35.08,65.96,21.29,4.86,3.0,0.9787,2.7101,1.6217,1444.6,202.1,1081.8,968.6,12.6,0.696,65.11,11.92,7.81,9.12,4045.8,3.48,0.499,35.25,56.41,74.2
BATCH_0394,43.22,14.53,3.02,2.18,1.57,0.31,35.49,66.99,22.52,4.68,3.38,0.9453,2.7922,1.3839,1404.2,164.7,1058.9,868.5,11.15,0.784,60.74,18.74,6.68,10.29,3371.1,2.84,0.465,33.18,56.24,75.07
BATCH_0395,43.44,14.34,2.82,2.04,1.28,0.29,34.92,66.75,22.03,4.33,3.14,0.9686,2.9505,1.3789,1440.9,194.1,1083.2,980.9,11.32,0.958,65.6,13.67,6.16,9.55,3740.6,2.43,0.539,31.52,55.41,71.84
BATCH_0396,43.72,14.04,3.48,2.18,1.34,0.32,36.02,68.33,21.94,5.44,3.41,0.9736,2.4809,1.5968,1411.3,184.7,1084.2,932.6,13.16,1.105,64.07,14.57,8.65,10.36,3920.7,2.82,0.441,35.21,58.13,73.82
BATCH_0397,43.71,14.16,3.62,2.18,1.56,0.29,35.56,67.83,21.97,5.62,3.39,0.9627,2.4393,1.6604,1454.4,176.4,1133.6,851.4,13.45,0.3,64.05,14.67,9.17,10.3,3531.0,2.29,0.499,34.33,54.76,76.67
BATCH_0398,43.18,13.65,3.07,2.1,1.17,0.5,34.52,65.94,20.85,4.69,3.2,0.9979,2.6408,1.4641,1357.2,188.1,1083.7,873.2,12.8,1.154,67.04,9.19,7.01,9.75,3609.9,2.37,0.494,32.12,53.37,71.92
BATCH_0399,43.34,13.38,3.26,1.76,1.56,0.4,35.44,67.13,20.73,5.05,2.72,1.0192,2.6673,1.8557,1497.3,199.6,1128.3,915.0,11.41,0.759,73.08,5.0,8.78,8.28,3542.6,3.15,0.492,36.61,57.51,71.8
BATCH_0400,42.25,13.17,2.93,2.25,1.28,0.27,35.08,65.08,20.29,4.51,3.47,1.0095,2.543,1.2998,1398.8,179.5,1041.0,873.9,15.67,1.189,69.51,5.73,6.08,10.56,3519.2,2.69,0.467,34.54,55.76,70.96
BATCH_0401,44.36,13.13,3.61,2.09,1.41,0.49,35.83,69.12,20.47,5.62,3.25,1.0447,2.3048,1.7282,1401.1,147.5,1135.2,933.9,11.96,0.894,77.61,5.0,9.4,9.9,3806.7,2.35,0.481,35.94,59.9,76.96
BATCH_0402,42.74,15.07,2.37,2.06,1.75,0.41,34.86,65.6,23.14,3.63,3.17,0.9212,3.4014,1.1472,1446.4,181.5,1066.6,830.3,12.81,0.485,58.47,22.24,4.27,9.64,3399.9,2.65,0.532,31.79,51.98,70.28
BATCH_0403,43.08,12.98,3.27,2.46,1.08,0.3,35.75,67.05,20.2,5.09,3.82,1.0289,2.2661,1.3315,1441.4,182.3,1072.7,928.8,13.97,1.002,74.3,5.0,7.02,11.64,3553.5,2.98,0.472,37.22,59.87,72.62
BATCH_0404,43.28,13.54,3.04,1.88,1.31,0.19,36.05,67.68,21.17,4.76,2.95,1.0118,2.7477,1.6135,1394.2,175.3,1130.5,918.4,13.69,1.355,72.13,6.27,7.62,8.97,3864.5,2.94,0.48,34.68,58.02,77.38
BATCH_0405,43.39,13.52,2.52,2.23,1.63,0.25,36.17,67.97,21.18,3.95,3.49,1.025,2.8471,1.1318,1419.7,194.9,1082.0,967.7,12.29,1.047,78.85,5.0,4.56,10.62,3912.6,2.52,0.458,36.47,58.18,78.91
BATCH_0406,42.88,13.07,3.55,1.98,1.18,0.4,34.77,65.73,20.03,5.45,3.04,1.0176,2.3599,1.7915,1397.6,202.3,1063.3,864.0,9.27,1.062,68.35,5.86,9.29,9.25,3459.5,2.37,0.516,34.49,53.24,71.7
BATCH_0407,44.0,14.43,3.31,2.05,1.48,0.48,34.91,67.6,22.18,5.09,3.15,0.9623,2.6907,1.6126,1424.1,183.4,1087.5,866.5,12.24,0.679,63.11,15.97,8.14,9.6,3431.5,3.23,0.509,30.33,52.39,71.53
BATCH_0408,43.48,13.36,2.93,1.97,1.32,0.4,35.89,67.81,20.84,4.57,3.08,1.03,2.725,1.4858,1428.2,124.7,1059.6,904.3,14.76,0.424,79.08,5.0,6.91,9.36,3640.7,3.25,0.441,39.57,60.13,79.04
BATCH_0409,43.3,12.88,3.39,2.12,1.51,0.29,35.0,66.61,19.81,5.22,3.26,1.0432,2.3359,1.6024,1428.6,199.5,1057.0,884.5,13.57,1.133,75.01,5.0,8.32,9.92,3541.7,3.24,0.454,38.7,57.43,73.36
BATCH_0410,41.34,13.85,3.07,2.1,1.59,0.34,35.66,64.25,21.53,4.77,3.27,0.943,2.6803,1.4595,1354.4,210.7,1050.1,877.6,14.16,1.504,53.57,21.32,7.11,9.94,3584.2,2.94,0.513,28.02,52.33,64.57
BATCH_0411,43.4,14.8,3.37,2.23,1.54,0.31,34.96,66.73,22.76,5.18,3.42,0.9245,2.6448,1.5147,1400.0,196.8,997.5,892.7,10.5,0.883,54.0,24.52,7.95,10.41,3494.6,2.99,0.477,28.58,51.04,72.92
BATCH_0412,43.68,13.32,3.14,2.41,1.6,0.49,35.04,67.24,20.5,4.83,3.71,1.025,2.402,1.3019,1402.5,188.1,1088.3,912.2,13.11,1.138,73.43,5.0,6.52,11.28,3973.3,2.75,0.499,37.73,58.55,71.87
BATCH_0413,42.18,14.33,3.5,2.23,1.36,0.45,34.52,64.42,21.89,5.35,3.41,0.9213,2.4993,1.5712,1419.3,165.3,1063.5,948.1,11.14,0.347,51.68,23.76,8.42,10.36,3788.3,2.84,0.497,29.84,54.68,72.08
BATCH_0414,42.93,13.06,3.15,2.39,1.43,0.4,35.18,66.23,20.15,4.86,3.68,1.0247,2.3588,1.3186,1477.3,158.5,1035.7,855.4,13.06,0.502,74.8,5.0,6.64,11.21,3985.7,2.87,0.468,38.18,60.07,75.07
BATCH_0415,43.29,12.76,3.43,2.13,1.19,0.58,34.53,66.13,19.49,5.23,3.25,1.0501,2.2986,1.6116,1407.9,175.8,1132.1,995.4,13.52,1.309,73.4,5.0,8.37,9.88,3349.6,2.83,0.464,36.08,56.93,75.55
BATCH_0416,41.93,13.02,3.59,2.24,1.19,0.46,35.42,64.93,20.16,5.57,3.47,0.993,2.2308,1.6027,1471.4,179.5,1229.9,851.0,13.54,0.835,63.31,10.04,8.87,10.57,3822.8,2.74,0.471,35.35,56.89,74.27
BATCH_0417,42.63,14.01,3.53,2.04,1.64,0.22,36.22,66.83,21.96,5.54,3.2,0.9517,2.5139,1.7307,1497.6,180.9,1153.7,928.7,11.26,0.3,61.15,16.84,9.26,9.74,3122.6,3.01,0.486,32.14,55.02,72.1
BATCH_0418,41.99,13.61,3.24,1.73,1.23,0.33,36.11,65.73,21.3,5.08,2.71,0.9738,2.7344,1.8712,1392.1,182.9,1092.0,897.8,13.14,1.334,60.81,15.19,8.86,8.26,4009.8,2.22,0.497,33.15,55.16,72.32
BATCH_0419,42.73,14.1,3.51,1.9,1.6,0.49,36.28,67.06,22.13,5.52,2.99,0.9508,2.603,1.847,1430.3,171.9,1146.8,940.3,10.98,0.435,59.5,18.56,9.56,9.09,3804.8,2.83,0.513,33.15,54.13,78.18
BATCH_0420,42.95,13.58,3.18,2.01,1.53,0.36,36.38,67.51,21.35,5.0,3.16,0.9953,2.6164,1.5823,1475.8,202.0,1055.4,922.8,11.52,0.655,70.19,8.26,7.9,9.62,4100.6,2.71,0.491,37.71,57.15,75.16
BATCH_0421,43.28,12.75,3.38,1.53,1.19,0.56,35.16,66.75,19.66,5.21,2.36,1.0624,2.5963,2.2039,1396.0,172.3,1163.7,888.3,13.65,1.447,75.63,5.0,9.8,7.19,3719.6,2.37,0.462,40.9,57.93,81.27
BATCH_0422,42.67,14.0,3.03,2.18,1.14,0.38,35.63,66.28,21.74,4.7,3.39,0.9645,2.6889,1.3879,1465.0,179.1,1107.1,939.0,14.26,0.412,64.83,13.43,6.73,10.3,3746.1,2.72,0.485,35.57,54.54,73.2
BATCH_0423,43.01,14.59,3.1,1.7,1.36,0.42,34.57,65.74,22.3,4.74,2.6,0.9415,3.0411,1.8258,1415.4,188.6,1071.8,869.5,11.0,0.642,58.15,20.07,8.17,7.9,3468.9,3.52,0.518,31.77,53.56,71.96
BATCH_0424,43.01,14.13,3.1,2.1,1.35,0.35,35.96,67.16,22.06,4.84,3.28,0.9636,2.7169,1.4752,1395.9,187.0,1165.5,966.8,10.62,1.053,62.71,15.93,7.27,9.98,3520.5,2.98,0.453,33.17,55.68,71.45
BATCH_0425,42.0,14.16,3.47,2.08,1.54,0.15,36.03,65.65,22.13,5.43,3.25,0.93,2.5485,1.668,1325.5,162.3,1107.5,981.3,10.81,0.847,53.84,22.83,8.88,9.9,3622.2,2.65,0.464,31.13,56.2,75.65
BATCH_0426,44.08,13.81,2.78,2.3,1.35,0.26,36.0,68.88,21.57,4.34,3.59,1.0138,2.7224,1.209,1467.3,211.5,1097.9,1006.4,12.64,0.941,77.19,5.0,5.42,10.92,3442.4,3.29,0.457,36.91,56.8,74.84
BATCH_0427,43.47,13.99,3.6,1.75,1.21,0.48,35.24,67.12,21.6,5.56,2.7,0.9741,2.6147,2.0605,1426.4,180.7,1163.2,879.6,11.41,0.583,63.38,14.11,10.17,8.21,3096.8,2.84,0.464,32.55,53.22,72.3
BATCH_0428,43.41,13.3,3.27,2.03,1.46,0.46,34.84,66.63,20.41,5.01,3.11,1.0223,2.5106,1.6093,1462.3,179.6,1181.9,956.3,11.44,0.972,72.08,5.0,8.01,9.48,3681.7,2.55,0.53,37.22,54.81,70.37
BATCH_0429,44.68,12.99,3.4,2.23,1.63,0.41,36.35,70.2,20.41,5.35,3.51,1.066,2.3046,1.5237,1451.2,176.3,1059.9,882.1,10.34,0.66,85.2,5.0,8.23,10.68,3677.9,2.74,0.486,41.53,61.74,85.12
BATCH_0430,41.57,13.23,2.26,2.07,1.17,0.41,35.28,64.23,20.44,3.49,3.2,1.0114,3.0546,1.0897,1363.1,181.2,1079.3,980.1,14.62,1.589,69.85,5.92,3.83,9.75,3518.3,3.4,0.433,31.44,54.08,76.13
BATCH_0431,43.15,13.84,3.3,1.91,1.35,0.44,36.2,67.62,21.69,5.18,2.99,0.9814,2.6559,1.7302,1426.2,185.2,1064.1,945.3,12.69,0.646,66.78,11.82,8.66,9.1,3467.2,2.53,0.453,34.62,57.79,74.02
BATCH_0432,43.27,13.63,3.25,1.9,1.42,0.42,34.83,66.4,20.91,4.99,2.92,0.9994,2.6427,1.7116,1367.4,194.9,1055.9,923.6,14.25,1.654,65.12,10.83,8.3,8.88,3608.6,2.69,0.508,32.97,51.75,68.19
BATCH_0433,43.98,13.56,3.63,2.08,1.69,0.44,35.53,68.21,21.03,5.62,3.22,1.0073,2.3778,1.7475,1454.1,172.6,1117.7,851.0,12.31,0.419,71.82,6.1,9.46,9.79,3314.3,2.53,0.5,35.42,55.96,72.27
BATCH_0434,44.24,14.5,3.33,2.13,0.92,0.33,35.5,68.59,22.48,5.16,3.31,0.9622,2.6533,1.5613,1403.2,151.9,1042.1,840.8,12.44,0.729,64.54,15.76,8.09,10.06,3876.7,2.92,0.451,33.34,55.84,75.62
BATCH_0435,43.04,13.24,3.27,1.94,1.41,0.28,36.35,67.63,20.8,5.14,3.05,1.0188,2.5407,1.688,1413.6,210.4,1078.8,914.7,12.2,1.316,71.73,5.51,8.47,9.27,3717.0,2.88,0.488,35.26,56.13,72.46
BATCH_0436,41.82,13.73,2.93,2.22,1.08,0.43,35.56,64.91,21.3,4.54,3.45,0.9639,2.6662,1.3182,1397.9,169.0,1027.7,901.4,14.13,0.945,61.11,14.97,6.21,10.49,3756.9,3.3,0.488,31.52,54.66,71.49
BATCH_0437,41.57,13.2,2.87,2.14,1.51,0.43,35.0,63.95,20.3,4.41,3.29,0.9949,2.6352,1.3395,1402.2,138.1,1101.9,951.5,16.52,0.841,66.4,8.12,6.12,10.02,3433.7,2.9,0.472,34.57,52.5,70.66
BATCH_0438,42.78,14.47,3.68,2.41,1.55,0.37,35.77,66.6,22.53,5.73,3.75,0.9199,2.3782,1.5297,1306.5,184.5,1099.9,925.6,12.58,1.253,49.26,27.44,8.85,11.4,3739.4,2.99,0.5,30.36,52.86,70.7
BATCH_0439,42.92,13.64,3.83,2.22,1.27,0.41,36.29,67.36,21.42,6.01,3.48,0.9701,2.2557,1.7253,1421.3,205.3,1102.0,1008.3,10.55,0.901,60.63,15.66,10.03,10.6,3409.3,2.65,0.466,32.32,57.15,75.12
BATCH_0440,43.76,14.18,2.96,1.9,1.3,0.42,34.81,67.13,21.76,4.55,2.92,0.9831,2.9138,1.5564,1472.0,149.3,1089.0,866.7,10.02,0.3,70.11,9.49,7.11,8.89,3736.2,2.93,0.508,34.94,56.41,78.99
BATCH_0441,41.95,13.26,2.27,2.11,1.66,0.3,36.32,65.87,20.83,3.56,3.31,1.0175,3.0316,1.0733,1440.5,186.5,1062.4,981.5,12.09,1.178,75.12,5.0,3.82,10.08,3191.1,2.72,0.475,32.97,55.06,77.58
BATCH_0442,42.83,13.17,2.64,1.89,1.42,0.54,35.55,66.46,20.43,4.09,2.94,1.0381,2.9059,1.391,1459.3,183.4,1083.8,930.8,11.72,1.028,77.02,5.0,5.86,8.95,3552.7,2.77,0.414,37.27,60.82,76.23
BATCH_0443,43.35,14.15,2.86,1.94,1.46,0.3,36.04,67.78,22.13,4.47,3.03,0.9782,2.9476,1.4737,1423.8,161.1,1017.5,949.4,14.04,0.659,69.38,11.1,6.72,9.23,3219.9,2.14,0.535,32.23,52.17,69.76
BATCH_0444,42.63,12.66,3.17,2.54,1.56,0.62,35.61,66.21,19.66,4.93,3.95,1.0423,2.2143,1.2484,1450.9,195.4,1198.7,935.1,12.22,1.149,73.97,5.0,6.38,12.01,3963.5,2.66,0.458,37.19,59.77,77.95
BATCH_0445,43.32,13.45,2.65,1.94,1.43,0.31,36.41,68.11,21.14,4.16,3.06,1.0292,2.9283,1.3628,1386.2,179.2,1172.4,947.4,12.93,1.263,77.71,5.0,5.87,9.3,3737.8,2.77,0.468,37.53,58.03,74.27
BATCH_0446,44.83,14.78,3.22,2.43,1.37,0.38,35.3,69.29,22.85,4.98,3.76,0.957,2.6157,1.3236,1422.0,178.1,1089.2,965.7,12.73,0.869,64.39,16.94,6.83,11.44,3857.8,2.92,0.451,33.15,58.16,77.44
BATCH_0447,43.19,13.96,3.62,2.61,1.29,0.38,35.32,66.77,21.58,5.6,4.03,0.9572,2.2412,1.3889,1422.6,181.5,1118.8,900.4,10.6,0.885,59.2,17.2,8.01,12.26,3753.0,2.67,0.493,34.61,53.07,73.15
BATCH_0448,42.69,13.44,3.4,2.15,1.14,0.36,35.45,66.14,20.83,5.26,3.33,0.9901,2.4233,1.5788,1450.7,185.3,1128.4,935.3,14.94,0.979,65.28,10.47,8.3,10.14,3503.5,2.53,0.487,30.44,53.85,71.07
BATCH_0449,43.94,12.9,3.5,2.19,1.11,0.41,35.22,67.83,19.9,5.4,3.38,1.0531,2.2671,1.5971,1512.9,197.8,1058.6,948.7,10.38,0.328,80.61,5.0,8.59,10.29,3583.2,2.97,0.504,39.62,60.99,75.01
BATCH_0450,43.81,13.78,3.27,2.33,1.53,0.38,36.29,68.76,21.62,5.13,3.66,0.9953,2.4589,1.4017,1467.3,144.5,1202.6,851.8,11.56,0.3,72.92,6.98,7.41,11.14,3563.4,3.1,0.448,37.63,58.16,77.81
BATCH_0451,42.62,13.43,3.33,2.16,1.16,0.44,36.32,66.93,21.09,5.24,3.4,0.991,2.4421,1.5402,1412.9,152.7,1078.3,986.4,11.9,0.33,68.84,8.53,8.12,10.34,3803.6,2.52,0.486,36.13,60.28,75.15
BATCH_0452,42.99,13.01,3.26,1.93,1.53,0.62,35.24,66.38,20.09,5.03,2.98,1.0334,2.5092,1.6875,1392.5,185.0,1012.2,938.2,11.17,1.034,72.53,5.0,8.28,9.07,3324.7,3.02,0.51,34.14,52.81,73.25
BATCH_0453,42.03,13.69,2.78,2.38,1.49,0.46,35.24,64.91,21.15,4.29,3.67,0.9725,2.6556,1.1705,1364.4,199.4,1132.5,892.7,10.19,1.155,62.72,13.31,5.17,11.16,3483.4,2.67,0.459,32.49,49.37,74.3
BATCH_0454,42.91,13.78,3.77,1.84,1.8,0.48,35.66,66.69,21.42,5.87,2.85,0.9685,2.4569,2.0565,1434.6,165.2,1128.6,891.1,14.4,0.582,60.77,15.56,10.72,8.68,3571.7,2.63,0.45,35.85,57.48,77.23
BATCH_0455,42.96,12.48,2.99,2.59,1.28,0.58,35.68,66.79,19.41,4.65,4.02,1.068,2.2372,1.1574,1398.8,170.5,1139.0,946.4,13.78,1.265,79.69,5.0,5.53,12.24,3858.6,3.09,0.514,35.55,59.53,74.85
BATCH_0456,42.75,13.19,2.68,1.89,1.34,0.42,34.76,65.54,20.22,4.1,2.9,1.0334,2.8891,1.417,1455.4,173.3,1055.9,862.3,13.22,1.005,75.5,5.0,5.97,8.81,3916.6,3.01,0.499,38.34,58.14,76.49
BATCH_0457,42.99,12.13,3.32,1.95,1.31,0.4,34.9,66.04,18.63,5.1,3.0,1.0965,2.3009,1.6983,1365.6,182.1,1084.2,884.9,12.57,1.32,81.6,5.0,8.43,9.13,3618.9,2.94,0.489,38.8,61.26,76.99
BATCH_0458,42.84,14.23,3.48,2.14,0.93,0.4,35.44,66.36,22.04,5.39,3.32,0.9436,2.5312,1.6241,1463.1,187.9,1122.3,851.1,11.42,0.528,57.81,19.57,8.67,10.1,3702.6,3.16,0.476,33.6,55.54,72.88
BATCH_0459,43.35,14.78,3.02,2.06,1.65,0.58,34.67,66.35,22.63,4.62,3.16,0.9351,2.9069,1.4637,1436.6,176.2,1076.3,846.3,11.11,0.486,58.07,21.06,6.91,9.61,3554.8,2.99,0.474,31.1,55.36,79.02
BATCH_0460,43.11,13.68,3.07,2.31,1.19,0.43,35.89,67.25,21.34,4.79,3.6,0.9913,2.5436,1.3288,1406.6,168.6,1229.3,936.8,13.42,1.095,67.88,9.97,6.59,10.96,3244.7,3.33,0.405,33.4,55.34,75.56
BATCH_0461,42.18,14.15,3.94,2.08,1.59,0.3,34.51,64.41,21.6,6.01,3.17,0.9233,2.3509,1.8954,1361.0,193.7,1127.3,901.4,15.06,1.151,47.1,26.4,10.57,9.66,3292.5,2.64,0.469,30.52,50.72,69.08
BATCH_0462,42.2,13.1,3.58,1.87,1.5,0.34,35.82,65.75,20.41,5.58,2.92,1.0001,2.4012,1.9128,1476.6,168.4,1157.2,927.4,12.88,0.3,68.16,7.1,9.85,8.88,3049.3,2.73,0.487,32.96,52.59,71.65
BATCH_0463,44.28,14.3,3.41,2.08,1.34,0.57,35.28,68.41,22.1,5.27,3.22,0.9732,2.6029,1.6378,1482.2,189.6,1148.5,929.4,10.45,0.3,66.8,12.97,8.52,9.8,3886.5,3.18,0.512,36.07,59.21,75.82
BATCH_0464,43.39,14.07,3.33,1.78,1.18,0.41,35.22,66.97,21.72,5.14,2.75,0.9742,2.755,1.8701,1360.9,192.5,1143.6,933.1,10.82,1.381,61.76,15.67,8.96,8.36,4109.3,2.84,0.495,34.25,56.71,74.1
BATCH_0465,40.57,13.11,2.86,2.14,1.65,0.39,35.91,63.3,20.46,4.46,3.34,0.9766,2.6223,1.3333,1449.7,189.7,1107.0,943.0,12.87,0.764,62.61,11.42,6.16,10.18,3697.8,3.23,0.494,32.75,52.21,73.86
BATCH_0466,43.1,13.53,2.85,2.03,1.62,0.46,35.93,67.26,21.11,4.45,3.17,1.0112,2.77,1.4008,1442.6,182.2,1126.2,888.0,12.04,0.826,73.56,5.04,6.41,9.66,3669.4,2.9,0.476,35.49,61.76,76.21
BATCH_0467,42.99,14.24,3.18,2.07,0.91,0.48,35.04,66.18,21.91,4.89,3.18,0.9549,2.7125,1.5368,1397.3,174.0,1046.5,858.4,14.71,1.14,58.66,18.57,7.58,9.69,3803.0,2.74,0.428,36.01,56.9,76.15
BATCH_0468,43.11,13.64,2.61,2.04,1.58,0.45,36.09,67.45,21.34,4.09,3.19,1.011,2.9316,1.2825,1441.7,174.4,1067.2,970.8,11.75,0.745,75.35,5.0,5.44,9.7,3640.8,3.24,0.509,33.64,54.49,74.76
BATCH_0469,44.87,12.74,3.69,2.14,1.72,0.36,34.56,68.57,19.46,5.64,3.27,1.0819,2.1862,1.7261,1401.4,161.8,1138.8,940.6,10.82,0.645,84.51,5.0,9.41,9.94,3703.8,2.96,0.45,39.96,65.01,86.0
BATCH_0470,43.77,13.62,3.4,1.96,0.98,0.36,34.82,67.15,20.9,5.22,3.0,1.0062,2.5403,1.7384,1422.2,175.9,1042.1,847.4,11.73,0.95,69.73,7.31,8.76,9.14,3914.0,3.16,0.456,35.72,59.13,77.34
BATCH_0471,42.56,13.83,3.18,1.81,1.44,0.41,35.16,65.63,21.33,4.9,2.79,0.9733,2.7749,1.7594,1432.6,182.4,1206.8,966.5,12.56,0.799,63.08,13.58,8.28,8.48,4040.9,3.06,0.443,37.14,60.13,80.18
BATCH_0472,43.66,13.05,3.09,1.98,1.3,0.49,34.81,66.98,20.02,4.73,3.04,1.0512,2.5776,1.5591,1444.7,179.7,1072.7,866.0,14.63,1.184,77.38,5.0,7.41,9.24,3423.3,3.02,0.478,35.66,57.79,73.17
BATCH_0473,42.82,12.86,2.97,2.47,1.26,0.39,35.82,66.72,20.04,4.62,3.85,1.0398,2.366,1.2007,1469.6,172.1,1091.7,951.8,15.07,0.771,77.86,5.0,5.74,11.71,3948.0,2.72,0.453,38.76,58.98,80.24
BATCH_0474,44.15,13.85,2.67,2.04,1.49,0.37,35.52,68.47,21.48,4.14,3.16,1.0195,2.9407,1.3087,1410.3,161.6,1128.3,894.1,9.27,0.534,79.39,5.0,5.62,9.63,3845.3,2.68,0.532,37.38,59.04,76.11
BATCH_0475,43.94,13.65,2.92,1.91,1.58,0.25,34.55,67.14,20.85,4.45,2.92,1.0232,2.8269,1.5251,1478.7,173.2,1115.5,948.1,11.47,0.415,78.02,5.0,6.86,8.89,3633.0,2.54,0.448,37.41,62.41,79.73
BATCH_0476,42.41,13.31,3.13,2.16,1.37,0.44,36.02,66.29,20.8,4.9,3.37,0.9996,2.5159,1.4529,1481.7,172.4,1014.2,953.0,15.02,0.725,69.12,7.49,7.27,10.26,3328.1,2.76,0.446,35.55,53.72,72.83
BATCH_0477,43.59,13.35,2.26,2.26,1.5,0.54,35.6,67.69,20.73,3.51,3.51,1.049,2.9559,0.9995,1346.8,170.2,1106.6,942.9,10.31,1.299,81.8,5.0,3.36,10.67,3457.1,2.24,0.457,36.5,55.52,78.05
BATCH_0478,42.95,14.43,2.85,2.03,1.59,0.37,34.86,65.93,22.15,4.38,3.11,0.9513,2.9573,1.4055,1436.1,177.9,1112.8,910.9,13.5,0.487,62.57,16.31,6.33,9.48,3509.2,2.89,0.496,34.06,53.79,75.81
BATCH_0479,42.0,13.4,3.03,2.42,1.55,0.34,36.02,65.64,20.94,4.74,3.78,0.9829,2.4575,1.2521,1448.3,178.1,1181.7,906.7,10.19,0.456,67.48,9.13,6.15,11.51,3516.7,2.4,0.498,35.31,52.93,74.01
BATCH_0480,43.18,13.86,3.55,2.42,1.26,0.48,35.46,66.91,21.48,5.5,3.75,0.9673,2.3226,1.4684,1446.8,196.1,1124.9,842.3,12.27,0.616,62.23,14.63,8.24,11.4,3549.3,3.09,0.489,34.53,55.18,70.48
BATCH_0481,42.35,13.65,2.98,2.07,1.36,0.31,35.51,65.67,21.16,4.62,3.21,0.9817,2.7016,1.4389,1436.4,176.8,1167.3,894.1,15.29,0.988,65.44,11.31,6.81,9.77,3917.8,2.83,0.457,34.64,54.74,75.18
BATCH_0482,43.17,14.04,3.21,2.37,1.55,0.4,35.75,67.2,21.85,5.0,3.69,0.9659,2.5159,1.3547,1427.6,184.4,1120.2,847.0,12.05,0.543,64.7,13.83,7.0,11.22,3919.6,2.78,0.474,36.14,58.03,74.35
BATCH_0483,43.35,13.78,3.15,1.92,1.52,0.37,34.55,66.24,21.05,4.81,2.94,0.9941,2.7177,1.6389,1407.3,187.7,1110.6,892.1,14.38,1.018,67.37,9.53,7.78,8.93,3342.1,3.0,0.533,31.28,52.84,66.7
BATCH_0484,44.03,13.49,2.72,2.4,1.81,0.55,35.95,68.75,21.06,4.25,3.74,1.0339,2.6349,1.1346,1408.2,162.7,1046.7,852.7,12.34,1.146,78.8,5.0,4.92,11.39,3564.6,2.89,0.521,34.27,59.11,77.11
BATCH_0485,41.83,13.4,3.3,2.25,1.51,0.2,34.61,63.97,20.49,5.05,3.44,0.9743,2.4134,1.4685,1404.0,165.5,1084.5,915.6,14.1,0.953,61.15,12.61,7.56,10.46,3954.5,2.59,0.437,36.49,57.15,73.78
BATCH_0486,44.58,14.05,3.75,2.21,1.61,0.37,36.21,69.88,22.03,5.89,3.46,0.9844,2.3568,1.7004,1420.5,193.7,1180.6,949.2,12.38,1.192,66.09,13.3,9.74,10.53,3052.0,2.37,0.5,32.04,53.72,70.06
BATCH_0487,43.95,14.16,3.49,2.42,1.62,0.42,34.86,67.47,21.74,5.35,3.72,0.968,2.3963,1.4405,1415.3,181.7,1086.2,964.7,13.36,0.867,62.83,14.92,7.9,11.31,3931.0,2.71,0.452,35.05,56.22,78.23
BATCH_0488,42.98,13.51,3.05,2.18,1.53,0.42,35.39,66.51,20.91,4.71,3.38,1.0016,2.5843,1.3947,1454.8,188.6,1085.2,901.5,12.97,0.918,69.75,7.34,6.77,10.28,3949.5,3.16,0.464,36.06,58.64,77.61
BATCH_0489,42.94,14.22,3.41,2.02,1.41,0.54,35.45,66.52,22.03,5.28,3.13,0.9492,2.6181,1.6863,1408.7,173.7,1042.3,982.7,11.78,0.877,57.38,19.89,8.7,9.53,3449.7,3.15,0.504,30.61,51.56,69.89
BATCH_0490,43.05,13.76,2.69,2.18,1.38,0.56,36.44,67.72,21.65,4.23,3.43,0.9971,2.8281,1.2336,1387.1,152.9,1130.9,933.9,10.99,0.478,73.4,6.69,5.4,10.43,3984.3,3.22,0.405,38.28,64.02,80.11
BATCH_0491,42.95,13.35,3.13,2.09,1.3,0.51,35.04,66.12,20.55,4.82,3.22,1.0107,2.5568,1.4974,1394.0,182.1,1126.9,925.2,13.66,1.151,69.07,6.81,7.33,9.79,3755.7,3.0,0.509,31.82,55.3,73.06
BATCH_0492,42.39,13.55,3.29,2.06,1.59,0.25,34.54,64.76,20.7,5.02,3.15,0.9806,2.5339,1.5933,1367.7,182.7,1075.4,894.9,9.85,0.982,62.99,11.84,7.97,9.59,3586.8,3.0,0.482,32.84,55.72,69.2
BATCH_0493,44.52,14.03,3.16,2.15,1.31,0.2,35.06,68.56,21.6,4.86,3.31,1.0012,2.643,1.4697,1385.7,179.8,1053.0,903.5,13.22,1.199,71.76,7.8,7.29,10.07,3864.6,2.89,0.491,34.73,54.96,73.94
BATCH_0494,43.4,13.51,2.95,1.88,1.95,0.37,35.31,67.08,20.89,4.56,2.91,1.0186,2.7981,1.5681,1352.6,202.4,1130.6,889.3,11.1,1.589,71.41,6.02,7.16,8.85,3538.3,2.22,0.534,32.11,54.88,71.21
BATCH_0495,42.29,13.09,2.66,1.98,1.42,0.3,35.93,66.0,20.43,4.15,3.1,1.0281,2.8214,1.3395,1435.1,189.8,1076.3,866.4,14.57,1.18,74.99,5.0,5.75,9.42,4085.3,2.83,0.485,35.59,57.66,73.44
BATCH_0496,42.52,13.37,3.24,1.89,1.48,0.48,35.77,66.19,20.82,5.04,2.94,0.999,2.6089,1.7161,1438.7,153.5,1149.8,957.5,13.75,0.687,68.2,8.25,8.39,8.94,3655.0,3.11,0.538,32.8,55.9,70.83
BATCH_0497,42.21,13.76,2.84,2.02,1.13,0.25,34.95,64.88,21.15,4.37,3.11,0.9758,2.8262,1.4062,1431.9,171.3,1075.7,894.7,16.58,1.094,64.0,12.36,6.33,9.46,3778.7,2.57,0.495,32.45,52.96,75.66
BATCH_0498,42.68,14.32,3.35,2.06,1.68,0.38,36.08,66.78,22.41,5.25,3.23,0.9387,2.6449,1.6256,1421.1,180.3,1053.3,923.1,14.6,0.951,56.13,21.9,8.44,9.82,3607.8,2.75,0.49,32.12,54.54,72.12
BATCH_0499,43.54,14.73,3.23,1.89,1.64,0.34,36.26,68.31,23.11,5.06,2.97,0.9397,2.8772,1.7047,1430.3,182.8,1102.3,913.2,10.02,0.337,61.35,19.96,8.39,9.04,3880.5,2.93,0.537,32.1,55.95,77.17
BATCH_0500,42.67,14.0,2.96,1.89,0.99,0.52,34.93,65.58,21.51,4.54,2.91,0.9703,2.8851,1.5606,1406.0,182.4,1099.9,877.3,10.61,0.623,63.94,13.45,7.12,8.86,3419.2,2.91,0.456,35.58,56.8,75.22
BATCH_0501,40.82,13.3,2.81,2.19,1.47,0.44,36.06,63.85,20.8,4.4,3.42,0.9711,2.6582,1.2851,1409.3,176.9,1098.6,904.0,13.67,0.786,62.23,12.69,5.87,10.42,3404.5,2.84,0.469,30.5,53.9,70.18
BATCH_0502,43.17,13.26,3.37,2.02,1.16,0.31,35.33,66.75,20.5,5.21,3.12,1.0165,2.4608,1.6679,1480.7,185.8,1105.4,910.0,12.94,0.735,72.16,5.0,8.52,9.5,3673.0,2.83,0.506,35.92,54.81,71.92
BATCH_0503,44.13,13.72,3.12,2.01,1.33,0.42,35.6,68.53,21.31,4.84,3.12,1.0151,2.6744,1.5509,1385.4,156.5,1046.8,935.3,12.26,1.08,73.75,5.45,7.55,9.5,3583.8,3.05,0.459,35.72,57.36,74.6
BATCH_0504,44.49,12.76,2.96,1.99,1.32,0.47,34.71,68.15,19.54,4.53,3.05,1.0968,2.5774,1.4878,1413.9,186.2,1068.7,929.2,13.67,1.304,86.74,5.0,6.86,9.27,3795.3,2.82,0.511,38.42,61.73,79.36
BATCH_0505,43.88,13.6,3.08,2.2,1.27,0.42,36.42,69.01,21.39,4.84,3.46,1.0156,2.5778,1.4009,1407.5,185.5,1091.9,892.3,14.16,1.261,73.9,5.58,6.98,10.52,3586.6,2.93,0.43,39.01,57.99,72.39
BATCH_0506,43.44,14.75,3.24,2.31,1.52,0.36,35.18,67.02,22.76,4.99,3.56,0.9304,2.6609,1.4017,1370.7,184.1,1025.4,971.8,12.26,1.217,54.7,23.99,7.2,10.84,3479.9,2.88,0.486,29.45,51.54,72.33
BATCH_0507,44.26,13.0,3.44,2.27,1.68,0.4,35.06,68.15,20.02,5.3,3.49,1.0536,2.2781,1.5189,1384.1,177.4,1129.7,923.4,13.05,1.522,76.73,5.0,8.14,10.62,3745.5,2.86,0.425,37.17,59.22,74.34
BATCH_0508,44.08,13.65,3.26,1.83,1.77,0.52,35.33,68.16,21.11,5.04,2.83,1.0175,2.6802,1.782,1413.0,173.9,1151.5,999.3,13.93,1.39,71.19,6.81,8.58,8.61,3369.4,2.55,0.444,35.68,56.23,72.98
BATCH_0509,42.29,14.83,3.01,2.29,1.49,0.46,35.99,66.07,23.17,4.7,3.58,0.9069,2.7989,1.3114,1398.2,154.1,1098.9,919.3,11.06,0.615,51.61,27.5,6.39,10.9,3587.1,2.56,0.498,30.0,51.58,75.13
BATCH_0510,43.52,13.84,3.37,2.05,1.31,0.6,35.41,67.38,21.43,5.21,3.18,0.9861,2.5534,1.6386,1368.5,191.0,1071.3,906.6,12.02,1.128,64.62,12.69,8.43,9.68,3742.8,3.22,0.494,33.82,53.55,73.8
BATCH_0511,43.02,13.84,3.07,1.79,1.17,0.4,35.45,66.64,21.44,4.75,2.77,0.987,2.8508,1.7161,1452.6,205.2,1090.8,891.3,11.94,0.725,67.81,10.3,7.91,8.42,3796.9,3.44,0.459,34.59,59.29,76.71
BATCH_0512,41.35,14.28,3.46,2.04,1.65,0.51,36.01,64.61,22.31,5.41,3.18,0.9095,2.5959,1.6995,1423.6,173.2,1051.4,918.5,13.35,0.65,47.6,28.06,8.95,9.69,3050.6,3.18,0.486,27.21,51.24,71.89
BATCH_0513,44.98,12.96,2.69,2.26,1.67,0.38,35.52,69.76,20.09,4.18,3.5,1.0978,2.6166,1.1918,1402.4,167.7,1041.6,965.5,11.93,1.207,91.65,5.0,5.14,10.66,3143.5,3.1,0.498,35.86,60.73,78.94
BATCH_0514,42.42,15.02,3.8,2.08,1.34,0.33,36.47,66.77,23.65,5.98,3.27,0.8842,2.5543,1.8271,1417.6,158.9,1096.2,979.9,11.58,0.414,44.06,34.56,10.31,9.96,3174.7,2.91,0.488,28.1,51.14,71.27
BATCH_0515,42.93,14.22,3.15,2.06,1.41,0.41,35.45,66.51,22.04,4.88,3.18,0.9552,2.7316,1.5328,1444.3,190.5,1171.1,926.7,10.01,0.657,61.46,16.81,7.55,9.69,3937.5,3.54,0.524,32.47,55.4,73.23
BATCH_0516,43.1,13.57,2.92,2.15,1.44,0.44,35.24,66.55,20.96,4.51,3.33,1.0045,2.6733,1.3569,1384.0,156.0,1131.3,979.4,10.96,1.017,70.52,6.88,6.33,10.12,3671.0,2.8,0.468,33.31,57.59,72.43
BATCH_0517,42.78,13.66,3.19,2.06,1.43,0.4,36.03,66.87,21.36,4.99,3.21,0.9853,2.6039,1.5515,1361.4,176.9,1098.9,959.6,11.25,1.116,65.53,11.79,7.78,9.78,3740.7,2.76,0.427,36.54,58.43,76.41
BATCH_0518,43.73,13.8,3.36,1.94,1.71,0.5,35.05,67.32,21.25,5.18,2.98,0.995,2.6041,1.735,1372.9,163.9,1047.7,947.1,10.57,0.813,68.01,9.63,8.67,9.08,3713.7,2.78,0.488,34.0,57.32,72.94
BATCH_0519,43.61,13.06,3.16,2.17,1.69,0.4,36.07,68.21,20.43,4.95,3.39,1.0437,2.449,1.4575,1434.9,166.0,1042.3,868.7,11.87,1.082,78.12,5.0,7.37,10.33,3499.5,2.91,0.497,34.84,56.65,75.74
BATCH_0520,41.89,13.91,3.37,2.23,1.38,0.28,35.15,64.59,21.46,5.2,3.44,0.9423,2.4836,1.5119,1396.1,197.3,1075.8,925.7,10.89,0.965,54.87,20.12,7.96,10.47,3485.6,3.11,0.503,29.27,51.26,68.78
BATCH_0521,43.63,13.65,3.27,2.46,1.34,0.46,35.24,67.38,21.08,5.05,3.8,0.9975,2.3811,1.3273,1421.0,221.4,949.1,891.3,13.48,1.278,67.5,9.5,6.94,11.57,3741.5,2.78,0.506,31.95,54.49,72.47
BATCH_0522,42.79,14.44,2.87,2.16,1.09,0.42,36.24,67.11,22.65,4.5,3.4,0.9448,2.8704,1.3245,1426.8,205.1,1021.8,896.0,13.73,1.095,59.64,19.95,6.17,10.33,3645.1,2.51,0.462,33.28,54.62,75.05
BATCH_0523,44.98,13.57,3.15,2.35,1.09,0.46,34.8,68.98,20.82,4.84,3.61,1.0382,2.4661,1.341,1364.4,186.0,1098.9,944.5,10.98,1.226,77.93,5.0,6.71,10.97,3766.0,2.65,0.503,36.62,57.06,74.69
BATCH_0524,43.3,13.8,2.87,2.32,1.46,0.44,34.51,66.12,21.07,4.39,3.55,0.9932,2.6567,1.2375,1391.8,173.1,1091.2,858.6,9.97,0.698,69.72,7.82,5.63,10.79,3730.6,2.6,0.449,34.6,56.58,75.01
BATCH_0525,44.61,14.28,2.85,2.3,1.64,0.29,35.6,69.27,22.18,4.42,3.58,0.9934,2.7718,1.2375,1379.2,170.8,1029.2,888.8,11.9,1.072,72.98,8.52,5.68,10.88,3620.3,2.76,0.466,33.6,57.98,76.51
BATCH_0526,42.43,13.57,3.37,2.51,1.52,0.45,34.91,65.19,20.85,5.17,3.86,0.9717,2.3086,1.3409,1438.6,163.9,1105.8,918.8,12.98,0.605,62.24,12.81,7.18,11.74,3694.9,2.71,0.482,31.92,54.31,75.42
BATCH_0527,43.17,13.95,3.03,2.13,1.49,0.5,35.44,66.86,21.61,4.69,3.29,0.9794,2.7072,1.4225,1412.0,179.3,1091.1,921.3,11.73,0.748,66.52,11.77,6.84,10.03,3486.2,2.85,0.455,33.63,58.67,76.03
BATCH_0528,42.87,13.67,3.16,1.94,1.31,0.37,35.94,66.93,21.34,4.93,3.04,0.9894,2.6786,1.6248,1476.5,194.2,1146.7,934.8,10.82,0.541,68.95,9.17,7.93,9.24,3842.6,2.42,0.499,38.57,58.72,77.47
BATCH_0529,44.46,14.06,3.44,1.87,1.35,0.48,36.26,69.76,22.06,5.4,2.94,0.9944,2.6456,1.8375,1445.3,193.5,1106.0,893.9,12.41,0.877,70.14,10.33,9.34,8.94,3660.4,2.51,0.472,36.18,54.57,77.44
BATCH_0530,43.82,14.13,2.99,1.93,1.53,0.33,34.7,67.11,21.64,4.58,2.96,0.9869,2.8722,1.5477,1422.1,181.9,1115.6,954.3,10.61,0.438,70.56,8.8,7.12,9.0,3458.1,3.34,0.541,35.84,54.14,68.34
BATCH_0531,44.26,13.55,3.86,1.89,1.34,0.45,35.44,68.55,21.0,5.98,2.93,1.0101,2.3566,2.0384,1436.5,176.2,1067.6,929.3,14.57,1.087,68.74,8.34,10.88,8.92,3441.9,2.5,0.459,34.3,56.69,74.98
BATCH_0532,42.76,13.79,3.22,1.95,1.22,0.47,35.98,66.79,21.54,5.03,3.05,0.9773,2.6663,1.6471,1449.6,189.1,1175.8,898.3,15.01,0.818,64.6,13.04,8.16,9.29,3346.8,2.27,0.467,32.73,55.54,73.23
BATCH_0533,42.69,13.29,2.66,2.02,1.55,0.31,35.29,65.97,20.54,4.11,3.13,1.0231,2.8387,1.315,1420.6,176.6,1066.7,953.5,14.96,1.296,73.71,5.0,5.6,9.51,3426.0,3.4,0.51,32.66,52.49,72.48
BATCH_0534,42.66,13.87,3.56,1.95,1.6,0.32,34.71,65.34,21.24,5.45,2.98,0.9617,2.5189,1.8292,1390.3,192.3,1146.1,954.1,10.53,0.862,58.8,16.53,9.4,9.07,3805.7,2.81,0.448,34.83,55.2,78.26
BATCH_0535,43.3,14.84,3.38,2.27,1.19,0.43,35.68,67.32,23.08,5.25,3.53,0.9196,2.6293,1.4897,1418.7,163.0,1143.3,887.2,11.45,0.539,54.25,25.23,7.95,10.73,3564.2,2.85,0.474,33.03,53.22,73.85
BATCH_0536,43.76,14.99,3.24,2.06,1.35,0.41,34.84,67.15,23.01,4.97,3.16,0.9271,2.8319,1.5739,1391.0,181.8,1122.5,928.4,13.19,1.032,54.63,24.75,7.82,9.6,3157.0,2.99,0.46,28.26,50.72,72.75
BATCH_0537,41.79,13.69,3.42,2.13,1.56,0.52,35.02,64.31,21.06,5.27,3.28,0.9537,2.464,1.6065,1406.5,219.7,1082.7,911.5,11.44,1.239,54.33,19.41,8.41,9.98,3527.4,2.78,0.474,30.12,52.16,69.47
BATCH_0538,44.03,13.61,3.0,1.88,1.47,0.3,36.17,68.98,21.33,4.7,2.95,1.0251,2.7855,1.5936,1484.7,160.4,1113.7,982.7,13.4,0.506,79.49,5.0,7.47,8.98,3357.9,2.39,0.503,38.59,57.43,73.49
BATCH_0539,42.08,13.61,3.21,2.12,1.8,0.38,35.44,65.18,21.08,4.98,3.28,0.9708,2.554,1.5194,1429.7,155.6,1098.4,933.4,10.44,0.3,64.07,12.12,7.65,9.97,3722.3,2.64,0.477,35.43,59.44,74.28
BATCH_0540,42.6,13.85,3.12,2.12,1.49,0.44,35.37,65.91,21.44,4.82,3.29,0.9701,2.6436,1.4664,1393.6,163.2,1225.2,900.6,13.55,0.649,63.72,13.39,7.21,10.0,3530.1,2.76,0.494,29.6,54.55,70.3
BATCH_0541,43.78,13.9,3.38,1.96,1.39,0.38,34.79,67.14,21.31,5.19,3.01,0.9894,2.6017,1.7258,1409.4,168.0,1078.4,875.5,9.96,0.513,68.45,9.47,8.66,9.15,3756.5,2.87,0.442,36.65,59.94,76.47
BATCH_0542,42.15,13.71,2.68,2.02,1.41,0.31,35.64,65.49,21.3,4.16,3.14,0.9821,2.916,1.326,1404.0,158.9,1103.9,962.2,10.85,0.514,68.75,9.21,5.72,9.56,3725.6,3.16,0.435,35.76,58.46,76.7
BATCH_0543,43.68,12.32,3.0,2.33,1.47,0.28,35.54,67.76,19.11,4.66,3.62,1.1027,2.3103,1.288,1463.5,194.5,1085.2,955.2,15.5,1.206,88.02,5.0,6.22,11.0,3738.9,3.4,0.5,38.08,62.17,82.91
BATCH_0544,42.05,13.15,3.27,2.52,1.23,0.37,35.48,65.17,20.38,5.07,3.91,0.9921,2.2698,1.2959,1457.7,179.7,1083.3,942.6,12.91,0.845,65.69,8.87,6.81,11.9,3922.9,2.89,0.489,34.71,56.2,73.24
BATCH_0545,41.0,13.8,3.03,2.13,1.62,0.4,36.49,64.56,21.73,4.77,3.35,0.9393,2.6753,1.4223,1407.4,159.0,1094.5,946.9,11.24,0.3,57.86,18.64,6.96,10.2,4168.6,2.9,0.473,36.06,57.51,79.47
BATCH_0546,44.35,14.35,3.0,2.12,1.29,0.32,35.18,68.41,22.14,4.63,3.27,0.9818,2.8045,1.4174,1453.4,162.0,1055.3,875.8,10.26,0.316,71.75,9.36,6.74,9.94,3890.4,2.74,0.435,39.15,63.33,78.92
BATCH_0547,42.93,14.25,3.07,1.8,1.55,0.54,36.45,67.55,22.43,4.84,2.83,0.9589,2.9243,1.7071,1420.7,155.9,1084.1,926.1,11.29,0.526,63.41,16.46,8.02,8.62,3373.1,2.81,0.473,34.04,55.46,73.91
BATCH_0548,43.24,14.34,3.38,2.07,1.55,0.44,34.55,66.06,21.9,5.16,3.16,0.9494,2.6325,1.6326,1405.1,178.1,1092.6,940.2,11.95,0.718,58.42,18.73,8.33,9.62,4092.2,3.08,0.457,35.36,57.68,77.82
BATCH_0549,41.1,14.46,3.22,2.17,1.51,0.59,36.19,64.41,22.66,5.04,3.4,0.8983,2.6825,1.4826,1400.9,172.2,1057.4,877.2,10.92,0.353,47.18,29.36,7.61,10.35,3706.7,3.4,0.542,27.27,50.75,73.09
BATCH_0550,44.9,13.22,3.27,1.85,1.4,0.44,35.78,69.92,20.59,5.09,2.87,1.0654,2.5838,1.773,1414.6,190.7,1105.0,899.1,11.65,1.314,82.53,5.0,8.64,8.74,3436.6,3.07,0.517,34.88,59.9,79.06
BATCH_0551,42.37,14.81,3.13,2.16,1.53,0.41,36.33,66.54,23.26,4.91,3.39,0.9089,2.8035,1.4496,1460.3,186.8,1149.4,937.9,12.44,0.553,52.23,27.27,7.28,10.31,3584.4,2.41,0.45,32.01,53.05,74.98
BATCH_0552,42.79,12.6,3.0,1.91,1.52,0.33,35.21,66.05,19.45,4.64,2.94,1.0666,2.5655,1.5761,1451.1,201.0,1139.1,911.4,12.71,0.937,80.47,5.0,7.31,8.95,3566.6,2.54,0.501,40.22,59.44,72.74
BATCH_0553,43.74,13.12,2.92,2.12,1.75,0.46,36.42,68.79,20.64,4.59,3.34,1.0508,2.6027,1.3726,1441.3,163.9,1121.1,872.7,15.15,0.846,82.11,5.0,6.5,10.17,3400.9,2.36,0.483,37.29,61.42,78.57
BATCH_0554,43.05,13.71,3.9,2.29,1.22,0.41,36.02,67.28,21.43,6.1,3.58,0.9658,2.2135,1.7051,1408.3,178.0,1038.5,903.5,15.22,1.157,58.36,17.42,10.12,10.89,2977.2,3.17,0.513,29.08,51.1,65.51
BATCH_0555,41.68,13.4,2.93,2.09,1.4,0.26,36.01,65.14,20.94,4.58,3.26,0.9834,2.6701,1.4039,1404.6,188.7,1068.6,912.0,15.05,1.541,63.19,12.35,6.62,9.93,3059.7,2.83,0.568,28.21,47.35,65.77
BATCH_0556,44.15,14.04,3.2,2.1,1.21,0.45,36.33,69.35,22.05,5.03,3.29,0.9918,2.6481,1.5277,1418.6,172.5,1155.3,870.0,11.87,0.922,70.44,10.08,7.76,10.02,3678.9,2.79,0.488,35.48,54.63,74.29
BATCH_0557,42.67,14.0,3.57,2.05,1.61,0.49,35.32,65.97,21.64,5.52,3.17,0.9523,2.4897,1.7439,1378.8,198.8,1114.8,871.7,15.14,1.387,54.65,20.81,9.28,9.64,3114.1,2.59,0.451,28.94,50.7,69.31
BATCH_0558,42.46,14.5,3.57,2.29,1.5,0.41,35.19,65.52,22.37,5.5,3.53,0.916,2.4748,1.5578,1402.6,165.7,1118.1,873.1,11.01,0.735,49.93,26.46,8.61,10.75,4075.2,2.92,0.513,30.64,51.89,74.75
BATCH_0559,41.76,13.36,3.26,1.79,1.43,0.3,35.62,64.85,20.75,5.06,2.77,0.9831,2.6486,1.8239,1389.9,199.5,1101.9,883.8,12.78,1.035,62.82,12.09,8.71,8.44,3695.6,3.13,0.5,35.74,51.07,71.6
BATCH_0560,43.64,13.12,2.91,2.1,1.38,0.26,35.42,67.58,20.32,4.51,3.25,1.0491,2.6183,1.3863,1425.8,194.5,1043.6,970.9,10.16,1.31,79.29,5.0,6.44,9.9,3497.2,2.84,0.423,37.47,59.97,77.9
BATCH_0561,43.29,12.62,3.13,2.31,1.53,0.44,34.87,66.47,19.37,4.8,3.55,1.0667,2.32,1.3528,1388.7,156.2,1152.1,902.0,12.38,1.036,79.87,5.0,6.72,10.8,3768.1,3.35,0.524,33.88,57.69,73.25
BATCH_0562,42.96,14.07,3.31,2.28,1.32,0.47,35.5,66.61,21.81,5.13,3.54,0.958,2.5182,1.4497,1395.9,158.8,1035.1,861.5,14.01,0.605,61.33,16.27,7.6,10.76,3668.5,2.72,0.477,34.99,54.81,75.38
BATCH_0563,42.5,15.13,3.47,2.13,1.42,0.43,34.54,64.92,23.11,5.3,3.25,0.8871,2.7002,1.6295,1412.9,181.9,1125.0,890.9,10.05,0.3,45.29,32.08,8.55,9.9,3822.0,2.33,0.494,28.47,51.95,73.12
BATCH_0564,42.22,15.48,3.05,1.66,1.23,0.27,36.28,66.26,24.29,4.79,2.6,0.878,3.2866,1.8436,1448.9,184.8,1119.9,905.2,12.08,0.506,45.9,35.02,8.3,7.91,3579.7,3.05,0.49,29.46,53.98,76.08
BATCH_0565,42.68,14.48,2.98,2.27,1.26,0.37,36.24,66.93,22.7,4.67,3.56,0.9362,2.758,1.3111,1414.3,185.1,979.3,938.3,12.35,0.836,58.4,21.03,6.35,10.84,3725.6,2.92,0.42,31.98,57.33,77.7
BATCH_0566,43.54,13.64,3.58,1.72,1.32,0.44,36.01,68.04,21.32,5.6,2.69,0.9981,2.5709,2.0815,1436.0,200.3,1159.9,908.6,14.45,1.062,67.16,10.46,10.29,8.19,3832.7,3.34,0.516,35.22,55.44,70.3
BATCH_0567,41.87,14.14,3.09,1.69,1.26,0.58,34.81,64.23,21.69,4.75,2.59,0.9429,2.9568,1.8314,1434.4,191.5,1106.3,912.7,12.52,0.797,55.25,20.51,8.19,7.88,3325.8,3.03,0.514,29.27,50.22,67.86
BATCH_0568,42.43,14.67,3.63,1.92,1.53,0.28,35.39,65.68,22.71,5.62,2.98,0.9089,2.6424,1.8881,1469.2,183.7,1147.5,851.4,13.52,0.542,49.33,27.9,9.85,9.06,3813.0,3.07,0.482,30.76,55.87,74.65
BATCH_0569,42.66,12.86,3.04,2.03,1.44,0.51,35.01,65.64,19.79,4.68,3.12,1.0411,2.5371,1.5006,1426.7,183.1,1119.2,849.8,10.01,0.611,76.2,5.0,7.13,9.49,3506.7,2.24,0.459,35.53,59.34,77.23
BATCH_0570,44.16,13.75,3.41,1.88,1.68,0.61,35.11,68.05,21.18,5.25,2.9,1.0082,2.5986,1.807,1438.2,148.7,1072.1,944.5,11.87,0.656,71.27,6.97,8.99,8.84,3747.0,2.59,0.481,35.78,57.64,74.38
BATCH_0571,41.29,14.55,2.76,2.02,1.52,0.39,35.7,64.22,22.63,4.29,3.15,0.9103,3.0403,1.3641,1417.4,181.1,1225.9,991.2,11.46,0.821,51.07,26.34,6.05,9.58,3726.4,2.79,0.453,30.81,53.39,73.78
BATCH_0572,42.81,12.91,2.51,1.88,1.09,0.43,36.03,66.92,20.19,3.93,2.94,1.0598,2.9409,1.3377,1401.9,171.9,1050.8,790.7,14.76,1.162,81.77,5.0,5.44,8.94,3496.9,2.36,0.509,36.03,56.33,74.64
BATCH_0573,42.77,13.98,3.11,2.09,1.4,0.35,35.48,66.29,21.67,4.82,3.24,0.9669,2.6896,1.4867,1448.6,172.8,1049.7,1009.2,12.38,0.3,65.42,12.77,7.28,9.86,3913.7,3.18,0.494,36.01,60.5,74.14
BATCH_0574,40.48,14.75,3.44,2.5,1.65,0.56,35.88,63.13,23.0,5.36,3.9,0.8605,2.4828,1.3747,1450.8,200.2,1199.7,928.7,10.14,0.503,36.1,38.7,7.61,11.87,3697.5,2.82,0.443,25.45,50.88,75.41
BATCH_0575,42.93,14.97,3.15,2.31,1.51,0.37,35.72,66.79,23.28,4.91,3.59,0.9097,2.741,1.3672,1414.6,182.5,997.4,957.9,12.32,0.911,51.5,27.9,6.93,10.92,3697.1,2.75,0.486,29.96,55.49,73.78
BATCH_0576,43.46,13.83,3.48,1.97,1.28,0.4,34.86,66.72,21.23,5.34,3.02,0.984,2.5383,1.768,1397.6,187.6,1064.3,929.1,12.35,1.092,63.91,12.64,9.04,9.19,3485.1,2.7,0.483,33.44,54.23,74.87
BATCH_0577,43.33,13.22,3.08,2.37,1.48,0.35,35.45,67.13,20.48,4.78,3.67,1.0254,2.4266,1.3029,1413.4,176.6,1114.1,862.8,11.5,1.073,74.36,5.0,6.45,11.15,3581.9,2.55,0.456,36.87,56.45,75.84
BATCH_0578,42.05,13.13,2.95,2.22,1.32,0.38,34.92,64.61,20.17,4.54,3.41,1.0075,2.539,1.3304,1464.5,199.4,1085.9,894.8,11.2,0.864,69.24,5.59,6.25,10.37,3548.8,2.68,0.456,33.76,55.86,70.42
BATCH_0579,42.79,14.08,3.11,2.1,1.26,0.4,35.16,65.99,21.71,4.79,3.23,0.9615,2.7068,1.4819,1389.5,179.7,1172.9,940.8,12.94,0.805,61.83,15.6,7.22,9.83,3741.8,3.0,0.488,33.26,54.74,74.73
BATCH_0580,43.8,14.39,2.8,1.92,1.23,0.33,35.64,68.05,22.36,4.35,2.99,0.9755,3.048,1.4553,1403.1,183.6,1143.3,963.3,11.24,0.744,69.16,11.92,6.47,9.09,3929.0,2.99,0.482,36.17,57.95,77.84
BATCH_0581,42.96,13.22,2.92,1.9,1.44,0.37,36.1,67.22,20.68,4.57,2.97,1.0292,2.7446,1.5407,1431.6,161.9,1057.2,885.1,15.75,0.99,75.85,5.0,7.09,9.02,3583.4,2.78,0.527,33.13,55.66,69.69
BATCH_0582,43.17,13.48,2.89,2.04,1.73,0.26,34.65,66.06,20.63,4.43,3.13,1.0144,2.7318,1.4161,1479.2,176.1,1101.8,876.5,11.34,0.396,75.13,5.0,6.44,9.51,3338.6,2.74,0.468,38.3,55.5,75.08
BATCH_0583,43.42,13.83,3.12,1.99,1.41,0.51,34.78,66.58,21.2,4.78,3.06,0.9926,2.7057,1.5624,1361.5,167.9,1047.5,876.1,13.01,1.248,66.18,10.85,7.49,9.3,3866.3,2.98,0.501,32.1,57.23,72.33
BATCH_0584,43.96,13.99,3.0,2.07,0.97,0.42,35.12,67.75,21.56,4.62,3.19,0.9965,2.7601,1.4489,1432.2,182.0,951.3,869.4,11.38,0.801,71.22,8.09,6.85,9.71,3672.3,2.75,0.499,33.72,57.11,74.72
BATCH_0585,43.28,14.25,3.44,2.43,1.33,0.35,35.08,66.67,21.95,5.3,3.74,0.9492,2.4285,1.4183,1435.7,197.7,1102.9,969.9,13.54,0.886,58.56,18.74,7.72,11.37,3740.8,2.67,0.487,30.92,54.32,75.14
BATCH_0586,43.76,14.28,3.17,2.26,1.28,0.36,35.99,68.37,22.31,4.95,3.52,0.9668,2.6321,1.4056,1374.1,183.6,1116.3,967.2,13.69,1.17,64.07,15.64,7.16,10.72,3305.5,2.93,0.513,31.8,54.01,69.94
BATCH_0587,42.76,13.64,3.0,1.95,1.62,0.15,34.8,65.58,20.92,4.6,2.99,0.993,2.7551,1.5366,1404.0,183.4,1184.8,874.6,10.54,0.734,69.15,7.81,7.12,9.11,3775.4,2.84,0.437,36.63,60.45,76.9
BATCH_0588,42.66,14.14,2.7,2.3,1.22,0.3,36.29,66.96,22.2,4.24,3.61,0.9621,2.8301,1.1747,1416.0,186.5,1108.2,890.3,11.74,0.649,66.23,13.69,5.13,10.98,3543.8,3.12,0.48,34.07,57.45,73.11
BATCH_0589,43.43,13.39,3.64,2.09,1.36,0.47,34.65,66.45,20.49,5.57,3.19,1.0049,2.3375,1.745,1420.6,218.5,1089.5,934.1,11.38,1.349,65.25,9.51,9.36,9.72,3677.2,2.7,0.454,33.16,56.17,70.45
BATCH_0590,44.34,13.6,3.11,2.19,1.69,0.44,35.2,68.43,20.99,4.8,3.38,1.0254,2.5661,1.42,1395.6,155.7,1044.2,922.9,11.52,0.847,76.56,5.0,7.0,10.29,3461.8,2.48,0.445,38.94,59.93,79.66
BATCH_0591,43.17,14.52,3.09,2.34,1.4,0.45,34.95,66.37,22.33,4.76,3.6,0.9406,2.6717,1.3211,1476.8,177.5,1152.2,895.5,12.84,0.3,60.19,18.6,6.51,10.96,3473.9,2.48,0.517,33.41,52.94,70.89
BATCH_0592,43.67,13.47,3.14,1.83,1.23,0.5,35.63,67.84,20.93,4.88,2.85,1.023,2.7088,1.7151,1421.2,174.3,1094.2,939.6,13.16,0.963,74.11,5.0,8.12,8.66,3873.2,3.09,0.492,37.02,58.92,75.78
BATCH_0593,42.39,14.41,3.5,1.96,1.51,0.22,35.9,66.12,22.48,5.46,3.06,0.925,2.6383,1.7854,1445.3,171.4,1038.6,936.1,9.84,0.321,54.99,22.96,9.3,9.31,3316.9,2.4,0.482,31.21,56.01,70.67
BATCH_0594,44.27,14.34,2.99,2.17,1.14,0.49,35.21,68.33,22.13,4.62,3.35,0.9805,2.7787,1.3797,1417.4,173.9,1038.8,820.9,10.94,0.846,68.53,11.75,6.57,10.19,3499.3,2.75,0.5,35.55,57.0,71.34
BATCH_0595,44.23,11.94,3.63,2.34,1.25,0.36,35.57,68.65,18.53,5.63,3.63,1.1252,2.0013,1.5482,1434.4,164.8,1087.9,960.0,13.28,1.036,89.81,5.0,8.76,11.06,3855.7,2.89,0.488,40.96,64.68,82.06
BATCH_0596,43.89,13.57,3.06,1.89,1.6,0.45,35.45,67.99,21.01,4.74,2.93,1.0234,2.7395,1.6177,1448.9,154.1,1092.0,908.8,12.08,0.428,77.27,5.0,7.6,8.92,3513.5,3.05,0.423,41.03,61.59,79.22
BATCH_0597,42.15,14.91,3.19,1.96,1.56,0.49,35.09,64.94,22.98,4.92,3.01,0.8994,2.8957,1.6335,1377.3,217.5,1113.8,936.1,13.25,1.485,44.16,32.56,7.95,9.17,3444.6,3.43,0.471,27.88,49.33,69.16
BATCH_0598,43.97,12.14,4.01,2.4,1.35,0.4,35.48,68.15,18.81,6.22,3.72,1.0893,1.8924,1.6724,1430.6,171.2,1109.6,914.2,12.36,1.062,81.25,5.0,10.19,11.32,3271.6,2.81,0.485,37.98,58.71,78.22
BATCH_0599,42.79,14.72,3.18,2.33,1.48,0.44,36.02,66.88,23.01,4.97,3.65,0.9193,2.6701,1.3635,1411.5,187.5,1093.4,887.8,12.34,1.027,52.67,26.23,7.0,11.09,3734.0,3.03,0.48,27.85,51.7,73.19
BATCH_0600,42.7,13.46,3.19,1.83,1.46,0.54,35.22,65.91,20.77,4.92,2.82,1.0004,2.6846,1.7441,1429.8,192.1,1154.7,969.5,15.31,1.125,66.48,9.4,8.26,8.58,3420.4,3.04,0.501,33.76,56.07,70.13
BATCH_0601,42.61,13.94,3.17,1.83,1.21,0.44,34.81,65.36,21.39,4.86,2.81,0.9675,2.787,1.729,1401.6,171.6,1061.8,890.8,14.96,0.864,61.39,15.01,8.13,8.56,3968.2,2.7,0.46,35.14,56.9,75.32
BATCH_0602,41.61,13.06,2.96,2.01,1.34,0.36,35.66,64.67,20.3,4.6,3.12,1.0043,2.6309,1.475,1427.7,180.5,1063.9,833.0,11.01,0.683,69.26,5.96,6.91,9.49,3538.2,2.46,0.465,33.62,55.47,71.05
BATCH_0603,42.55,13.64,3.29,2.09,1.56,0.36,35.04,65.51,21.0,5.07,3.22,0.9781,2.5352,1.5735,1441.7,196.9,1113.7,919.2,13.12,0.977,62.86,12.79,7.98,9.8,3850.3,3.04,0.504,33.4,55.08,72.93
BATCH_0604,43.32,14.21,2.96,2.01,1.47,0.43,35.85,67.53,22.14,4.62,3.13,0.9706,2.8586,1.4743,1437.8,196.5,1028.8,881.0,12.84,0.795,65.96,13.72,6.93,9.53,4444.4,2.95,0.478,36.14,58.94,79.2
BATCH_0605,44.3,14.07,3.73,1.7,1.49,0.53,34.58,67.72,21.51,5.7,2.59,0.985,2.5925,2.1987,1439.2,160.0,1169.5,950.5,13.01,0.604,65.47,12.28,10.72,7.89,4098.4,2.93,0.473,36.55,60.52,79.48
BATCH_0606,42.42,13.86,3.13,2.23,1.31,0.57,34.58,64.85,21.18,4.79,3.41,0.9639,2.5847,1.4046,1374.9,198.8,1061.8,848.2,12.86,1.246,58.4,16.67,6.92,10.37,3322.6,2.3,0.48,31.15,52.17,69.47
BATCH_0607,43.11,13.03,3.18,2.16,1.16,0.35,36.27,67.64,20.45,4.98,3.39,1.0335,2.4429,1.4706,1431.4,172.1,1063.3,951.3,10.58,0.555,77.79,5.0,7.47,10.31,3644.3,3.05,0.489,37.32,58.61,78.61
BATCH_0608,42.45,13.39,3.24,1.94,1.39,0.38,35.55,65.86,20.77,5.02,3.01,0.9959,2.5866,1.6684,1414.4,169.3,1068.1,876.8,13.07,0.956,66.69,9.23,8.21,9.16,3407.3,3.26,0.471,35.68,53.62,68.25
BATCH_0609,42.74,13.82,3.5,2.08,1.52,0.38,36.0,66.77,21.59,5.47,3.26,0.9659,2.473,1.6815,1441.0,182.7,1080.1,930.3,11.69,0.432,62.89,14.45,9.0,9.91,3595.0,2.41,0.498,33.85,57.53,72.86
BATCH_0610,42.96,14.01,2.55,2.09,1.06,0.28,36.38,67.53,22.02,4.0,3.28,0.9844,3.0226,1.219,1413.4,199.1,1118.6,920.7,12.47,0.984,70.71,9.79,5.05,9.99,3464.0,2.93,0.438,35.22,56.05,76.91
BATCH_0611,42.1,14.03,3.01,1.77,1.47,0.18,35.16,64.92,21.63,4.64,2.73,0.9558,2.934,1.6983,1466.5,209.8,1034.4,962.1,13.02,0.756,60.91,16.08,7.67,8.32,3486.7,3.0,0.479,29.24,57.22,73.33
BATCH_0612,42.98,13.87,3.59,2.08,1.17,0.38,34.58,65.7,21.21,5.48,3.17,0.9659,2.4507,1.7282,1403.7,201.4,1158.6,924.3,10.58,0.777,60.1,15.46,9.16,9.65,3603.8,2.9,0.469,32.85,54.09,73.18
BATCH_0613,44.47,13.55,3.31,1.85,1.45,0.36,35.43,68.87,20.99,5.12,2.87,1.0313,2.6272,1.783,1392.8,222.5,1082.3,911.5,13.85,1.593,74.29,5.0,8.71,8.74,3700.8,2.95,0.487,38.6,55.27,76.1
BATCH_0614,44.27,14.44,3.5,2.12,1.27,0.26,36.18,69.36,22.62,5.49,3.32,0.9622,2.5682,1.6531,1418.6,203.0,1084.5,951.4,13.77,1.088,63.24,17.15,8.93,10.1,3929.1,1.93,0.443,34.41,57.2,78.54
BATCH_0615,42.63,14.14,3.45,2.42,1.28,0.32,36.26,66.88,22.19,5.42,3.8,0.9406,2.4072,1.427,1477.8,168.7,1125.4,1007.3,13.63,0.469,58.45,19.52,7.94,11.56,3919.5,2.96,0.504,32.7,57.36,75.55
BATCH_0616,43.4,12.91,3.64,1.91,1.65,0.39,35.59,67.39,20.04,5.64,2.97,1.0395,2.3277,1.903,1461.2,197.0,1121.5,940.3,13.13,0.71,75.21,5.0,9.94,9.03,3629.6,2.47,0.485,36.42,56.86,78.6
BATCH_0617,42.72,14.08,3.05,2.39,1.41,0.51,35.5,66.23,21.84,4.72,3.7,0.9569,2.5928,1.2772,1427.2,175.9,1076.4,879.5,14.14,0.757,61.31,16.35,6.26,11.25,3730.6,2.64,0.448,34.13,54.92,74.73
BATCH_0618,43.71,13.1,3.9,2.36,1.4,0.49,35.27,67.52,20.24,6.02,3.64,1.0188,2.0934,1.6531,1362.7,217.9,1070.5,915.2,9.72,1.545,66.92,7.55,9.8,11.09,3323.4,2.83,0.464,32.33,52.41,70.51
BATCH_0619,43.48,13.69,3.28,2.32,1.55,0.4,35.21,67.1,21.13,5.06,3.58,0.9932,2.4456,1.4105,1436.1,209.4,1140.2,908.3,14.42,1.3,66.43,10.47,7.33,10.91,3359.3,2.75,0.436,30.82,53.43,73.05
BATCH_0620,42.54,13.42,3.95,2.46,1.7,0.37,36.48,66.97,21.13,6.22,3.88,0.9683,2.0929,1.6058,1504.9,185.5,1148.9,927.2,12.43,0.312,61.74,14.02,9.93,11.79,3547.6,2.98,0.491,34.14,57.64,67.83
BATCH_0621,42.4,14.34,3.2,2.03,1.11,0.61,36.17,66.43,22.47,5.01,3.18,0.9358,2.7463,1.5765,1445.8,192.7,1056.9,923.2,12.38,0.799,55.51,22.54,7.89,9.66,3939.9,2.37,0.448,34.02,55.82,78.25
BATCH_0622,44.59,13.42,3.23,1.95,1.57,0.35,34.87,68.47,20.61,4.96,2.99,1.0437,2.5915,1.6573,1416.6,154.7,1019.3,920.3,10.51,0.976,79.01,5.0,8.08,9.11,3084.6,2.56,0.481,35.39,55.16,72.23
BATCH_0623,43.22,13.14,3.49,2.39,1.36,0.54,35.29,66.79,20.3,5.4,3.69,1.0163,2.2324,1.462,1468.1,181.3,1186.7,895.1,9.57,0.3,72.47,5.0,8.06,11.24,3433.1,2.96,0.445,36.29,56.21,74.47
BATCH_0624,43.74,14.18,2.7,2.41,1.5,0.47,35.66,67.99,22.03,4.2,3.75,0.9829,2.7735,1.121,1393.4,189.3,1156.3,916.1,15.5,1.357,68.12,11.78,4.79,11.4,3885.2,2.89,0.498,31.1,55.67,72.31
BATCH_0625,43.29,13.64,2.9,2.05,1.14,0.37,35.96,67.61,21.3,4.53,3.21,1.0066,2.7518,1.4121,1356.8,160.2,1142.6,949.7,12.07,1.09,72.26,6.55,6.58,9.76,3649.7,2.94,0.491,33.21,52.17,71.43
BATCH_0626,42.5,13.73,3.1,2.49,1.15,0.41,36.28,66.7,21.55,4.86,3.91,0.9708,2.4571,1.2439,1419.4,178.2,1094.6,915.4,13.81,1.001,63.6,13.8,6.27,11.89,3704.7,1.89,0.489,30.63,55.33,75.41
BATCH_0627,43.45,13.58,3.6,1.94,1.74,0.41,35.28,67.14,20.98,5.57,3.0,0.9965,2.4465,1.8541,1455.2,226.0,1109.0,916.1,10.9,1.003,66.27,10.15,9.68,9.14,3341.0,2.74,0.567,31.82,50.57,66.95
BATCH_0628,43.72,14.08,3.59,1.97,1.11,0.39,36.39,68.73,22.13,5.64,3.09,0.9713,2.5334,1.8256,1407.8,167.4,1096.0,895.5,9.75,0.48,65.52,14.03,9.73,9.41,3315.9,2.87,0.46,36.18,59.03,76.16
BATCH_0629,43.53,14.47,3.22,1.61,1.49,0.43,36.28,68.31,22.71,5.05,2.53,0.9579,2.9958,2.0001,1411.4,167.4,1082.0,978.3,11.12,0.331,64.59,16.4,9.12,7.69,3232.9,2.79,0.53,35.15,55.04,70.22
BATCH_0630,42.47,13.05,3.11,2.41,1.53,0.47,35.98,66.34,20.38,4.87,3.77,1.015,2.3604,1.2905,1451.1,186.3,1106.0,946.5,11.68,0.558,72.72,5.0,6.51,11.47,3780.7,3.17,0.446,38.26,61.23,76.75
BATCH_0631,42.56,13.3,3.25,2.67,1.62,0.39,35.63,66.11,20.66,5.05,4.15,0.9923,2.2468,1.2183,1421.4,198.0,1054.5,944.5,10.82,1.064,66.15,9.34,6.37,12.62,3526.5,2.86,0.469,33.99,53.87,75.67
BATCH_0632,43.62,13.89,3.57,2.19,1.29,0.17,35.23,67.35,21.45,5.51,3.38,0.978,2.4129,1.6319,1411.7,195.4,1080.4,921.1,13.13,0.944,64.75,12.65,8.89,10.28,3755.8,3.29,0.475,33.38,56.2,70.4
BATCH_0633,43.14,13.83,3.18,2.3,1.28,0.44,36.24,67.66,21.69,4.99,3.6,0.9799,2.525,1.3835,1379.9,191.1,1083.9,918.4,11.96,1.12,65.44,12.81,7.11,10.97,3348.8,2.9,0.497,30.3,52.2,70.87
BATCH_0634,43.04,13.37,3.09,2.51,1.22,0.37,35.18,66.4,20.63,4.77,3.87,1.006,2.3885,1.2337,1406.4,176.3,1083.4,931.2,9.93,0.926,70.54,5.93,6.1,11.77,3758.1,2.43,0.412,35.54,57.96,81.35
BATCH_0635,44.92,14.2,3.19,2.01,1.62,0.42,35.11,69.22,21.88,4.92,3.1,1.0006,2.7313,1.5881,1480.6,154.7,1121.2,897.5,13.12,0.384,74.65,6.42,7.79,9.42,3727.4,3.09,0.522,38.93,57.78,74.19
BATCH_0636,42.65,13.3,3.05,2.54,1.32,0.49,35.72,66.35,20.69,4.75,3.94,1.0023,2.3802,1.2039,1406.8,183.9,1139.6,897.1,11.54,1.209,68.21,7.86,5.91,12.0,3846.1,3.04,0.504,34.12,57.46,71.93
BATCH_0637,41.86,14.17,3.0,1.71,0.89,0.55,34.99,64.4,21.8,4.61,2.64,0.9432,3.007,1.7477,1353.3,179.0,1117.7,867.5,11.67,1.126,54.8,21.15,7.75,8.03,3673.3,2.66,0.487,30.45,51.27,73.8
BATCH_0638,42.46,13.83,3.22,2.41,1.48,0.13,35.08,65.4,21.3,4.97,3.71,0.9616,2.4552,1.3382,1429.2,158.2,1051.7,887.5,11.5,0.3,63.91,12.85,6.88,11.29,3650.9,2.38,0.491,36.49,53.43,73.23
BATCH_0639,44.37,13.54,3.04,2.18,1.63,0.41,35.48,68.77,20.98,4.72,3.37,1.0326,2.5942,1.3994,1421.5,169.5,1156.3,924.9,12.16,0.823,78.82,5.0,6.8,10.26,3856.7,2.72,0.511,36.8,60.06,77.1
BATCH_0640,43.11,13.23,3.55,1.72,1.33,0.4,35.43,66.76,20.49,5.5,2.67,1.0159,2.5077,2.0603,1420.6,182.7,1130.5,918.6,11.95,0.881,69.93,5.99,10.06,8.13,3447.1,3.04,0.461,37.1,56.47,72.33
BATCH_0641,43.83,14.57,3.35,1.99,1.68,0.52,34.89,67.32,22.37,5.14,3.06,0.9507,2.7262,1.6796,1429.4,198.2,1209.2,898.3,11.15,0.685,60.03,18.86,8.45,9.32,3262.6,2.98,0.432,34.48,54.46,77.22
BATCH_0642,44.76,13.16,3.3,2.08,1.38,0.48,35.47,69.37,20.39,5.11,3.22,1.0619,2.4467,1.5858,1478.5,183.8,1132.8,933.2,14.03,0.85,82.9,5.0,8.09,9.81,3868.8,3.13,0.512,38.26,60.84,79.47
BATCH_0643,41.8,13.73,3.66,1.86,1.44,0.33,35.75,65.06,21.37,5.7,2.9,0.9491,2.4842,1.9663,1390.2,187.5,1138.0,888.5,14.58,1.233,53.56,20.85,10.2,8.82,3539.6,2.9,0.541,30.26,49.25,67.75
BATCH_0644,44.71,14.24,3.58,2.12,1.24,0.39,36.37,70.27,22.37,5.62,3.33,0.982,2.499,1.6884,1391.8,203.4,1139.5,940.8,14.35,1.102,67.23,13.43,9.27,10.13,3747.0,2.41,0.48,34.84,58.16,75.92
BATCH_0645,43.67,14.65,3.15,2.24,1.54,0.37,35.26,67.46,22.63,4.87,3.46,0.9441,2.7179,1.4059,1416.0,179.8,1038.1,904.5,14.74,1.09,58.93,20.42,7.04,10.53,3455.0,2.8,0.509,30.68,53.54,72.08
BATCH_0646,42.9,14.23,3.25,2.2,1.25,0.32,34.9,65.91,21.86,4.99,3.37,0.9497,2.6126,1.4801,1453.1,178.8,1114.3,907.7,13.85,0.557,60.12,17.32,7.52,10.27,3566.1,3.04,0.515,31.11,56.42,72.4
BATCH_0647,43.39,13.67,3.45,1.92,1.2,0.28,35.75,67.52,21.28,5.37,2.99,0.9933,2.545,1.7983,1458.1,167.5,1150.0,925.9,14.15,0.503,69.46,8.61,9.18,9.09,3443.6,2.94,0.467,32.96,54.98,72.6
BATCH_0648,43.83,13.23,3.23,2.24,1.27,0.42,35.87,68.35,20.63,5.04,3.5,1.0342,2.4171,1.4418,1405.5,190.6,1111.8,922.3,14.84,1.501,74.63,5.0,7.44,10.64,3427.4,2.77,0.478,34.89,59.24,73.08
BATCH_0649,42.82,12.55,3.02,1.73,1.58,0.2,35.42,66.3,19.44,4.68,2.69,1.0732,2.64,1.7411,1370.9,180.1,1155.5,917.2,10.61,1.318,80.68,5.0,7.85,8.17,3483.1,3.14,0.506,35.8,58.91,75.5
BATCH_0650,43.84,14.1,3.0,2.13,1.23,0.4,35.76,68.24,21.95,4.67,3.32,0.9855,2.7454,1.4064,1431.6,205.2,1034.5,939.3,14.72,1.34,67.56,11.98,6.76,10.11,3808.2,2.98,0.519,31.75,52.47,72.41
BATCH_0651,41.66,12.94,3.09,2.35,1.2,0.54,35.61,64.7,20.09,4.79,3.65,1.0049,2.3782,1.3117,1426.3,187.3,1122.8,943.6,11.88,0.563,68.58,5.86,6.52,11.12,3452.9,2.53,0.489,34.16,53.79,74.3
BATCH_0652,43.06,13.47,3.89,1.95,1.6,0.36,34.67,65.91,20.62,5.96,2.98,0.9865,2.3072,1.9978,1382.0,181.5,1132.5,956.8,14.84,1.742,58.7,14.83,10.74,9.07,3662.6,2.6,0.494,31.57,53.83,67.17
BATCH_0653,41.82,14.85,3.14,2.08,1.57,0.49,35.57,64.9,23.06,4.87,3.23,0.8952,2.8454,1.5076,1460.5,200.6,1098.0,975.5,11.56,0.562,47.21,30.48,7.44,9.83,3554.5,2.64,0.482,29.95,53.4,71.85
BATCH_0654,42.4,13.34,2.59,2.13,1.37,0.28,34.93,65.16,20.49,3.99,3.28,1.0134,2.8209,1.2154,1426.8,195.4,1089.2,930.7,12.91,0.92,73.07,5.0,5.01,9.98,4114.1,2.66,0.5,36.92,57.1,76.21
BATCH_0655,42.32,13.88,2.92,1.97,1.22,0.38,34.91,65.02,21.32,4.49,3.02,0.9698,2.839,1.4862,1422.5,176.8,1176.6,952.4,11.33,0.723,63.61,13.14,6.79,9.19,3424.8,2.68,0.494,32.96,52.55,69.37
BATCH_0656,44.37,14.04,2.95,1.96,1.54,0.5,36.43,69.79,22.09,4.64,3.09,1.0052,2.8588,1.5014,1439.3,208.5,1181.8,937.6,11.24,0.8,75.14,6.65,7.06,9.4,3503.2,3.03,0.535,35.16,57.3,72.17
BATCH_0657,42.95,14.83,3.5,1.78,1.37,0.31,36.11,67.23,23.22,5.47,2.79,0.9162,2.8111,1.9637,1434.5,179.5,1055.9,987.8,12.59,0.573,52.81,26.72,9.79,8.48,3536.7,3.29,0.507,30.58,52.17,71.68
BATCH_0658,43.64,14.08,3.08,2.03,1.25,0.48,36.38,68.59,22.14,4.85,3.2,0.9816,2.7509,1.5164,1387.8,192.8,1110.4,918.2,11.51,0.892,68.1,12.09,7.44,9.73,3438.1,2.7,0.409,35.4,59.42,78.14
BATCH_0659,43.28,13.58,3.24,1.99,1.2,0.46,35.59,67.2,21.09,5.04,3.09,1.0016,2.596,1.6321,1399.6,194.1,1139.8,926.7,13.96,1.215,68.07,9.1,8.13,9.39,3795.9,3.03,0.471,34.64,56.86,77.63
BATCH_0660,43.36,12.7,3.34,2.25,1.38,0.64,34.67,66.36,19.45,5.11,3.45,1.0564,2.2723,1.4799,1396.1,174.6,1080.2,917.0,12.01,0.931,76.55,5.0,7.69,10.5,3463.4,2.77,0.517,38.09,58.17,71.64
BATCH_0661,43.17,13.41,2.98,2.4,1.54,0.32,35.3,66.73,20.73,4.61,3.71,1.0114,2.4899,1.2413,1424.2,144.6,1033.4,890.0,11.34,0.659,73.76,5.0,5.93,11.3,3121.5,2.37,0.494,33.95,53.62,74.76
BATCH_0662,42.71,13.9,3.59,2.07,1.21,0.25,36.06,66.8,21.74,5.61,3.23,0.9582,2.4603,1.7354,1377.3,193.0,1084.0,895.7,11.43,1.091,58.87,17.93,9.39,9.83,3540.1,2.72,0.52,33.05,50.08,70.87
BATCH_0663,43.04,13.64,3.4,2.15,1.34,0.41,35.24,66.46,21.06,5.25,3.32,0.9856,2.46,1.5829,1380.7,192.4,1180.9,872.1,10.13,0.976,64.7,11.58,8.3,10.09,3294.6,2.42,0.438,33.49,54.35,73.59
BATCH_0664,43.99,13.62,2.66,2.09,1.09,0.62,34.92,67.59,20.92,4.09,3.21,1.0307,2.8649,1.2735,1386.2,177.6,1112.9,908.5,12.06,1.217,76.42,5.0,5.41,9.77,3981.6,3.03,0.524,34.33,57.34,74.65
BATCH_0665,43.48,14.03,2.96,2.13,1.21,0.29,34.63,66.51,21.47,4.53,3.26,0.9831,2.7585,1.3897,1363.4,186.1,1108.2,907.9,11.85,0.932,67.47,10.64,6.48,9.91,3664.1,2.71,0.507,33.49,55.65,72.35
BATCH_0666,43.83,13.87,2.87,1.81,1.42,0.35,36.28,68.79,21.77,4.51,2.85,1.0082,2.9606,1.5847,1452.2,191.2,1090.8,873.7,13.27,0.766,75.53,5.45,7.13,8.66,3410.4,2.51,0.476,37.4,57.14,73.85
BATCH_0667,43.24,13.94,3.33,1.78,1.14,0.28,34.67,66.18,21.33,5.09,2.72,0.9788,2.73,1.8691,1423.2,175.7,986.6,997.9,9.52,0.548,65.73,11.58,8.88,8.29,3740.8,2.58,0.499,33.73,56.49,70.1
BATCH_0668,43.2,13.47,3.28,2.32,1.26,0.25,36.37,67.89,21.16,5.16,3.64,1.0012,2.4052,1.4157,1444.6,184.9,1044.0,890.7,11.21,0.605,72.14,6.25,7.5,11.08,3519.1,2.72,0.46,35.31,57.02,75.33
BATCH_0669,41.82,13.44,3.58,2.16,1.47,0.42,36.17,65.52,21.06,5.6,3.38,0.965,2.3446,1.6561,1410.8,179.4,1079.8,954.2,11.91,0.785,59.1,15.8,9.12,10.29,3783.8,2.7,0.478,33.09,54.97,72.8
BATCH_0670,43.68,13.59,2.7,2.01,1.19,0.43,34.85,67.04,20.86,4.14,3.08,1.0255,2.8891,1.3455,1431.2,155.1,1138.0,875.5,14.84,0.858,76.82,5.0,5.77,9.37,3288.4,2.46,0.49,34.35,55.73,76.16
BATCH_0671,43.28,13.39,3.31,2.38,1.57,0.28,35.58,67.18,20.78,5.13,3.69,1.0064,2.3566,1.3907,1444.0,148.3,981.0,910.0,13.42,0.597,72.11,5.18,7.35,11.23,4076.4,2.83,0.477,39.09,58.43,77.48
BATCH_0672,43.97,14.02,3.29,2.26,0.99,0.43,34.82,67.46,21.51,5.04,3.47,0.9845,2.5276,1.4552,1427.6,205.0,1023.6,982.3,12.61,1.149,65.78,12.04,7.5,10.55,4019.0,2.97,0.492,34.88,55.58,74.49
BATCH_0673,43.07,12.89,3.21,1.96,1.31,0.39,36.45,67.77,20.28,5.05,3.08,1.045,2.4943,1.6412,1382.9,155.8,1114.6,921.1,12.48,1.112,77.13,5.0,8.18,9.37,3435.1,2.9,0.52,35.07,58.86,72.81
BATCH_0674,43.69,13.58,2.76,2.06,1.35,0.5,35.99,68.26,21.22,4.32,3.22,1.0234,2.8157,1.3423,1430.8,204.2,1159.9,901.7,9.81,1.156,76.01,5.0,6.0,9.79,3939.8,2.39,0.525,36.12,57.03,77.04
BATCH_0675,43.77,14.09,2.99,2.35,1.39,0.38,35.75,68.12,21.92,4.66,3.66,0.9823,2.6375,1.2728,1415.3,179.0,1075.7,928.6,12.36,0.835,69.11,10.72,6.15,11.13,3722.5,2.82,0.463,34.14,57.29,74.46
BATCH_0676,43.78,14.1,3.51,2.14,1.5,0.42,35.0,67.35,21.68,5.4,3.29,0.9713,2.494,1.6407,1444.1,156.3,1055.3,983.5,8.81,0.3,65.35,12.87,8.74,10.02,3893.1,2.77,0.468,36.62,58.05,77.36
BATCH_0677,42.9,12.58,3.1,1.88,1.26,0.28,36.06,67.09,19.68,4.85,2.94,1.068,2.5282,1.6516,1375.2,164.9,1131.6,899.6,10.84,1.228,80.56,5.0,7.88,8.93,3632.2,2.09,0.51,37.06,59.54,75.36
BATCH_0678,43.34,13.85,3.17,1.81,1.79,0.31,35.38,67.08,21.44,4.9,2.8,0.9903,2.7841,1.7486,1372.4,176.8,1051.9,917.9,13.53,1.366,66.28,11.47,8.24,8.53,3803.7,2.71,0.481,34.73,53.01,74.55
BATCH_0679,41.58,13.47,3.18,2.08,1.44,0.26,35.67,64.64,20.94,4.95,3.23,0.9695,2.5589,1.53,1476.3,202.6,1034.4,845.5,12.37,0.881,61.38,13.73,7.64,9.84,3592.0,2.88,0.467,33.13,55.79,73.29
BATCH_0680,41.91,15.11,2.85,2.14,1.05,0.36,36.38,65.88,23.76,4.47,3.37,0.8892,3.0293,1.3272,1434.8,167.6,1129.3,909.2,14.24,0.851,47.68,32.15,6.15,10.26,3453.3,2.82,0.486,28.28,51.5,72.71
BATCH_0681,43.34,13.48,3.42,2.24,1.25,0.47,35.92,67.64,21.04,5.34,3.5,1.0007,2.3798,1.5273,1455.3,163.2,1109.5,917.4,12.49,0.391,70.89,6.84,8.24,10.64,3143.4,2.57,0.453,35.82,56.75,74.13
BATCH_0682,43.38,12.58,2.91,2.3,1.49,0.57,35.22,66.96,19.42,4.49,3.54,1.079,2.4181,1.2667,1478.9,174.9,1225.2,921.0,11.06,0.55,85.04,5.0,5.9,10.78,3035.8,3.28,0.528,34.6,57.14,75.22
BATCH_0683,42.43,13.69,3.06,2.44,1.15,0.44,35.18,65.45,21.12,4.72,3.77,0.9736,2.4888,1.2522,1481.5,191.6,1043.8,858.3,12.91,0.63,64.42,11.94,6.13,11.46,3908.1,2.96,0.465,33.98,54.64,75.55
BATCH_0684,44.05,13.4,3.15,2.37,1.5,0.29,35.77,68.57,20.86,4.91,3.7,1.0282,2.4244,1.3273,1384.5,171.0,1119.7,934.3,11.24,0.849,77.64,5.0,6.75,11.25,3670.4,2.75,0.545,35.52,59.11,71.29
BATCH_0685,44.28,12.94,2.71,2.24,1.32,0.3,35.27,68.41,19.99,4.19,3.47,1.0814,2.6123,1.2078,1483.4,162.1,1063.7,895.7,8.3,0.3,90.91,5.0,5.23,10.55,3372.1,3.04,0.508,39.48,62.72,81.6
BATCH_0686,43.49,13.89,3.35,1.87,1.44,0.41,34.97,66.88,21.36,5.15,2.88,0.9855,2.6603,1.7868,1428.1,181.1,1036.3,867.3,9.18,0.685,66.62,10.99,8.77,8.77,3806.9,3.05,0.489,32.86,55.28,75.03
BATCH_0687,43.22,14.15,2.66,2.3,1.32,0.5,34.66,66.14,21.66,4.07,3.52,0.9755,2.8536,1.1557,1442.5,173.5,1096.0,919.2,14.91,0.655,67.46,11.19,4.82,10.71,3490.5,2.33,0.484,32.2,53.91,75.73
BATCH_0688,43.14,13.07,3.39,2.11,1.43,0.33,35.34,66.72,20.22,5.25,3.26,1.0261,2.3755,1.61,1480.9,222.6,1086.1,934.1,12.65,1.029,72.4,5.0,8.39,9.92,3392.0,2.47,0.446,36.47,55.87,69.17
BATCH_0689,43.29,14.15,3.1,2.37,1.61,0.39,35.42,67.04,21.91,4.8,3.68,0.9646,2.5828,1.3066,1411.2,185.7,1099.1,863.0,12.06,0.974,63.21,15.12,6.51,11.19,3928.7,3.09,0.49,35.17,56.27,74.31
BATCH_0690,42.42,14.57,2.84,2.27,1.56,0.3,35.72,66.0,22.66,4.42,3.53,0.9289,2.85,1.255,1489.4,183.5,1132.7,858.9,15.68,0.409,58.69,20.69,5.76,10.73,3856.2,2.5,0.461,34.07,58.1,74.57
BATCH_0691,44.13,14.49,2.74,1.79,1.27,0.35,35.89,68.84,22.61,4.27,2.79,0.98,3.2023,1.533,1399.5,184.2,1155.8,908.2,11.28,1.037,69.94,12.05,6.61,8.48,3529.5,2.83,0.47,34.76,55.0,76.45
BATCH_0692,42.05,13.76,2.93,2.26,1.56,0.21,34.64,64.33,21.05,4.48,3.45,0.9666,2.6523,1.297,1391.0,158.1,1076.9,938.2,12.14,0.642,63.35,12.55,6.03,10.51,3925.0,2.11,0.517,32.39,54.4,71.68
BATCH_0693,43.46,13.85,3.3,2.1,1.33,0.29,35.26,67.13,21.4,5.09,3.25,0.9851,2.5661,1.5692,1397.8,175.7,1005.5,888.5,11.94,0.806,67.23,10.64,8.01,9.88,3514.4,3.0,0.504,35.49,52.42,71.38
BATCH_0694,41.63,14.45,3.1,2.05,1.37,0.5,35.24,64.28,22.3,4.78,3.16,0.9151,2.8066,1.5116,1413.7,215.2,1106.7,962.5,13.71,1.2,48.43,27.41,7.32,9.63,3453.3,2.9,0.495,26.82,50.3,71.71
BATCH_0695,42.36,15.01,2.99,2.16,1.11,0.5,35.61,65.79,23.31,4.64,3.36,0.9008,2.9123,1.3814,1409.2,162.8,1159.4,977.4,14.71,0.56,50.13,29.02,6.62,10.23,3993.4,2.71,0.542,30.11,53.26,73.17
BATCH_0696,42.39,13.79,3.09,1.88,1.37,0.44,34.61,64.83,21.09,4.72,2.88,0.9737,2.7737,1.64,1438.3,212.6,1123.2,966.0,12.6,1.303,60.59,14.74,7.64,8.76,4199.6,2.96,0.45,33.98,57.28,76.65
BATCH_0697,44.93,13.83,3.8,2.2,1.31,0.51,34.71,68.82,21.18,5.82,3.37,1.0048,2.3036,1.7249,1411.5,183.8,1033.2,859.7,13.33,1.248,67.92,9.49,9.71,10.27,4086.4,2.56,0.524,37.05,55.62,75.99
BATCH_0698,43.29,13.82,3.28,1.81,1.42,0.26,35.95,67.58,21.58,5.12,2.82,0.988,2.7168,1.8126,1432.5,148.1,1007.4,952.7,11.68,0.3,70.31,8.83,8.79,8.59,3917.7,2.9,0.506,36.8,62.46,75.16
BATCH_0699,43.62,14.78,2.99,2.01,1.35,0.65,35.48,67.61,22.91,4.64,3.12,0.9424,2.9548,1.488,1412.6,167.6,1165.0,922.4,12.17,0.531,60.49,20.05,7.02,9.48,3722.2,3.12,0.504,31.91,53.81,67.48
BATCH_0700,43.06,14.09,3.08,1.93,1.52,0.39,36.45,67.77,22.17,4.84,3.04,0.97,2.8149,1.5942,1421.2,196.3,1094.3,920.6,11.6,0.965,64.85,14.65,7.69,9.24,3687.5,3.07,0.463,33.71,57.69,75.79
BATCH_0701,44.12,12.73,3.39,2.38,1.78,0.28,35.94,68.87,19.88,5.3,3.72,1.0689,2.2046,1.425,1414.9,179.3,1133.8,913.4,11.43,1.102,82.67,5.0,7.75,11.31,3515.6,2.97,0.456,37.42,62.79,83.17
BATCH_0702,42.33,14.49,3.02,2.2,1.53,0.51,35.48,65.61,22.46,4.69,3.41,0.9277,2.7724,1.3735,1413.0,209.8,1070.5,929.4,12.87,0.922,54.03,23.62,6.65,10.38,3528.5,2.85,0.467,33.09,51.79,74.95
BATCH_0703,43.07,13.96,2.97,1.9,1.03,0.34,35.49,66.76,21.64,4.61,2.94,0.9814,2.8664,1.5651,1469.7,157.8,1139.5,955.2,16.18,0.782,67.49,11.12,7.23,8.95,3838.6,2.91,0.48,36.18,58.84,75.63
BATCH_0704,44.02,13.82,3.24,1.8,1.29,0.45,35.58,68.33,21.46,5.03,2.79,1.006,2.7436,1.8003,1435.5,198.3,1094.0,864.5,14.09,1.363,69.8,8.86,8.6,8.5,3824.6,2.75,0.511,38.84,55.82,70.5
BATCH_0705,43.33,12.91,3.44,1.94,1.62,0.42,36.11,67.81,20.2,5.38,3.04,1.0434,2.3995,1.7686,1430.2,191.6,1118.8,988.7,14.84,1.11,75.68,5.0,9.11,9.25,3557.3,3.05,0.452,35.65,57.53,75.91
BATCH_0706,45.56,13.7,3.59,1.79,1.29,0.41,35.5,70.64,21.24,5.56,2.77,1.0397,2.5489,2.0088,1388.2,173.7,1089.1,910.6,15.28,1.446,77.13,5.0,10.06,8.43,3719.9,2.96,0.498,37.16,57.63,75.28
BATCH_0707,43.75,13.97,3.56,1.74,1.41,0.33,35.86,68.21,21.78,5.56,2.71,0.9828,2.6351,2.0501,1401.9,188.4,1028.2,925.3,12.55,0.896,65.87,12.75,10.14,8.25,3639.5,2.57,0.546,34.94,54.41,70.56
BATCH_0708,42.6,14.04,3.71,2.28,1.51,0.47,36.18,66.75,22.0,5.82,3.58,0.9415,2.3416,1.6258,1470.4,196.1,1128.3,962.7,10.88,0.3,57.05,20.03,9.36,10.89,3639.3,2.82,0.464,34.62,53.31,74.39
BATCH_0709,41.43,13.13,3.54,2.2,1.21,0.33,35.04,63.77,20.21,5.45,3.38,0.976,2.288,1.6122,1463.0,198.1,1103.5,967.0,11.35,0.7,60.22,12.53,8.73,10.29,3231.4,2.69,0.481,29.76,53.07,70.69
BATCH_0710,41.08,14.57,3.22,2.19,1.23,0.32,35.68,63.87,22.65,5.0,3.4,0.8916,2.6958,1.4708,1437.1,215.8,1150.2,970.6,12.21,0.862,44.46,31.39,7.5,10.35,3404.8,2.65,0.418,27.87,51.68,73.22
BATCH_0711,43.61,13.9,2.32,1.96,1.46,0.39,36.3,68.46,21.82,3.64,3.08,1.0147,3.2505,1.1826,1437.9,195.3,1125.3,890.8,11.69,1.185,77.43,5.0,4.44,9.36,3555.2,2.77,0.495,36.2,54.75,72.93
BATCH_0712,43.04,13.05,2.95,1.93,1.41,0.51,34.58,65.79,19.95,4.51,2.94,1.0412,2.6754,1.5323,1407.8,146.2,1090.5,913.8,12.16,0.658,76.81,5.0,6.98,8.96,3654.4,2.82,0.479,37.71,58.04,75.61
BATCH_0713,43.38,14.27,3.43,2.27,1.6,0.45,36.28,68.08,22.39,5.39,3.56,0.9527,2.5013,1.5108,1432.5,209.1,1139.2,886.2,9.71,0.717,60.8,18.32,8.24,10.85,3756.2,3.09,0.442,35.37,59.08,78.1
BATCH_0714,42.25,13.21,3.18,1.95,1.22,0.41,35.21,65.22,20.39,4.92,3.0,1.004,2.5756,1.6368,1367.3,164.9,1202.7,938.4,11.38,1.063,67.05,7.89,7.94,9.14,3741.8,3.1,0.476,35.87,52.36,70.82
BATCH_0715,43.53,13.91,3.34,2.35,1.33,0.34,36.37,68.41,21.86,5.25,3.7,0.9785,2.4431,1.419,1429.6,172.0,1054.5,959.7,12.07,0.39,68.7,10.85,7.65,11.26,3811.9,2.67,0.497,37.05,57.82,72.13
BATCH_0716,44.04,13.54,3.58,2.09,1.41,0.43,35.39,68.16,20.96,5.54,3.23,1.0108,2.3884,1.716,1531.5,200.2,1135.1,883.5,12.72,0.374,72.92,5.08,9.22,9.83,3805.5,2.84,0.446,39.02,58.93,78.26
BATCH_0717,43.21,13.5,3.18,1.93,1.43,0.43,34.91,66.39,20.74,4.89,2.96,1.0082,2.6409,1.6486,1444.6,184.6,1181.7,1007.7,11.89,0.934,69.92,6.7,7.94,9.02,4128.7,3.1,0.502,34.22,56.58,74.1
BATCH_0718,43.51,13.92,3.83,1.98,1.69,0.44,35.25,67.2,21.5,5.92,3.05,0.97,2.3967,1.9408,1396.9,192.0,1128.3,921.4,12.9,1.017,60.0,16.37,10.53,9.28,3393.6,3.03,0.473,32.71,54.52,72.45
BATCH_0719,42.64,13.67,3.45,2.29,1.45,0.44,35.77,66.38,21.28,5.37,3.56,0.9713,2.3838,1.5091,1438.6,190.7,1046.4,996.7,12.91,0.957,61.48,14.63,8.21,10.83,3409.5,2.74,0.491,29.71,51.67,69.49
BATCH_0720,43.61,13.5,4.01,1.99,1.31,0.31,35.55,67.67,20.95,6.22,3.08,0.9933,2.2527,2.0175,1464.7,174.4,1063.8,948.3,10.43,0.494,66.68,9.76,11.26,9.38,4045.3,2.97,0.499,38.47,61.05,78.09
BATCH_0721,44.28,14.32,3.01,1.84,1.4,0.28,36.2,69.4,22.45,4.72,2.88,0.9858,2.9541,1.6371,1422.9,179.9,1165.0,940.2,13.97,0.892,71.19,10.67,7.63,8.77,3982.4,3.07,0.493,34.23,60.32,80.24
BATCH_0722,42.73,14.26,2.75,2.02,1.05,0.33,36.33,67.11,22.39,4.32,3.17,0.9596,2.9922,1.3629,1442.5,187.6,1102.5,926.8,9.67,0.441,66.22,14.24,6.08,9.64,3429.7,2.6,0.498,31.89,54.05,69.82
BATCH_0723,42.41,13.67,2.92,2.12,1.46,0.54,34.8,65.04,20.97,4.48,3.24,0.9824,2.7141,1.3819,1399.4,204.3,1059.7,910.5,15.15,1.869,60.68,14.35,6.39,9.87,4021.5,2.73,0.495,32.32,53.47,69.23
BATCH_0724,42.37,14.71,2.73,2.35,1.41,0.35,34.66,64.85,22.51,4.18,3.59,0.9214,2.8983,1.163,1425.8,191.0,1168.3,932.5,11.16,0.696,55.34,22.8,4.99,10.93,4054.2,3.2,0.507,31.91,55.22,76.32
BATCH_0725,44.45,13.51,2.62,2.17,1.41,0.25,34.93,68.31,20.77,4.03,3.34,1.0485,2.8182,1.2063,1441.2,188.0,1026.7,995.6,13.63,0.826,83.98,5.0,5.03,10.16,3804.7,3.04,0.522,36.79,61.13,77.78
BATCH_0726,43.6,12.73,2.98,1.74,1.63,0.4,34.85,66.92,19.54,4.57,2.68,1.0808,2.6971,1.7072,1342.0,185.6,1073.1,860.6,15.02,1.912,79.94,5.0,7.58,8.14,3526.6,2.68,0.435,35.59,60.87,76.06
BATCH_0727,45.33,13.82,3.43,1.91,0.98,0.59,35.15,69.89,21.31,5.29,2.95,1.0287,2.5872,1.7943,1399.2,190.8,1107.9,959.8,13.93,1.393,74.55,5.0,9.03,8.97,3696.9,3.16,0.468,38.71,56.67,75.03
BATCH_0728,43.62,13.49,3.73,2.41,1.41,0.55,34.68,66.77,20.65,5.71,3.69,0.9955,2.1986,1.5469,1482.4,181.1,1223.6,918.7,12.18,0.638,66.24,9.24,8.88,11.22,3511.6,2.83,0.522,33.59,51.32,71.26
BATCH_0729,44.03,13.25,2.86,2.18,1.24,0.34,36.07,68.88,20.73,4.47,3.4,1.0497,2.6326,1.3129,1454.8,189.9,1081.4,855.0,11.4,1.164,81.73,5.0,6.08,10.36,3841.6,3.23,0.488,37.46,61.44,80.68
BATCH_0730,42.58,12.91,2.92,1.95,1.5,0.52,34.81,65.32,19.8,4.48,2.99,1.0409,2.6496,1.4983,1368.4,185.3,1041.2,945.2,11.57,1.172,74.05,5.0,6.81,9.1,3799.9,2.62,0.471,33.66,58.92,76.58
BATCH_0731,41.22,13.81,3.38,2.36,1.7,0.39,34.94,63.36,21.23,5.19,3.63,0.9316,2.406,1.4297,1447.0,167.9,1077.8,974.7,12.44,0.457,53.02,20.85,7.61,11.05,3341.7,2.93,0.503,30.34,49.2,71.25
BATCH_0732,43.13,13.21,2.98,1.85,1.3,0.34,35.48,66.85,20.47,4.62,2.87,1.0331,2.7329,1.6097,1336.8,190.5,1211.0,944.2,12.2,1.59,73.51,5.0,7.39,8.73,3494.8,2.83,0.479,33.52,57.59,69.26
BATCH_0733,43.25,14.24,3.39,2.16,1.32,0.35,35.38,66.93,22.04,5.25,3.35,0.9536,2.5654,1.5682,1349.3,182.1,1115.0,918.1,12.72,1.045,59.14,18.58,8.24,10.18,3526.5,2.61,0.5,31.34,52.15,71.23
BATCH_0734,42.83,13.48,3.01,2.13,1.86,0.33,35.28,66.17,20.82,4.65,3.3,1.0023,2.6198,1.4095,1408.9,179.2,1065.6,963.9,8.94,0.614,71.27,5.93,6.74,10.04,3804.6,2.71,0.455,37.28,59.46,76.45
BATCH_0735,42.82,12.69,3.56,2.12,0.85,0.61,35.9,66.79,19.8,5.55,3.3,1.0397,2.2373,1.6788,1403.2,216.6,1118.9,911.9,12.78,1.421,70.97,5.0,9.11,10.05,3615.3,3.4,0.453,36.56,55.27,72.93
BATCH_0736,43.6,13.9,3.29,2.44,1.39,0.48,35.59,67.69,21.58,5.1,3.78,0.9808,2.4299,1.3496,1491.8,199.6,1157.7,907.7,12.84,0.445,67.92,10.64,7.12,11.5,3724.7,2.88,0.481,36.56,55.25,78.33
BATCH_0737,43.47,12.46,3.3,2.39,1.4,0.42,35.44,67.33,19.3,5.11,3.7,1.0762,2.1898,1.3786,1452.0,190.0,1158.0,919.2,9.12,0.97,82.04,5.0,7.27,11.27,3540.3,2.54,0.49,37.9,58.41,75.11
BATCH_0738,43.3,13.83,3.58,2.41,1.23,0.41,34.81,66.42,21.21,5.5,3.69,0.9712,2.3076,1.4882,1443.6,202.7,1135.9,931.6,13.5,1.087,60.76,14.98,8.32,11.24,3368.1,2.86,0.524,30.32,51.49,68.1
BATCH_0739,42.47,13.64,2.93,2.33,1.57,0.27,35.5,65.84,21.14,4.55,3.61,0.9826,2.5907,1.2578,1349.4,193.0,1033.0,953.1,11.54,1.438,64.57,11.9,5.93,11.0,3711.0,2.64,0.454,33.68,53.62,75.05
BATCH_0740,43.22,13.16,3.18,2.05,1.39,0.32,35.82,67.33,20.5,4.96,3.2,1.0289,2.5115,1.5499,1367.9,148.6,1093.4,902.8,11.49,1.12,74.41,5.0,7.73,9.74,3385.1,3.23,0.529,31.67,54.31,69.8
BATCH_0741,43.19,13.97,3.85,2.01,1.81,0.49,36.4,67.91,21.97,6.05,3.15,0.959,2.3878,1.9179,1432.8,188.3,940.2,909.5,11.49,1.024,58.05,19.19,10.69,9.59,3514.7,2.79,0.479,31.05,53.55,74.21
BATCH_0742,42.52,13.62,3.26,2.02,1.19,0.32,35.55,65.97,21.14,5.06,3.13,0.9804,2.5788,1.6148,1462.3,183.7,1130.6,884.0,8.07,0.3,66.81,10.19,8.11,9.54,3383.4,2.9,0.579,32.87,56.24,69.56
BATCH_0743,44.11,14.41,3.25,1.9,1.76,0.47,34.54,67.39,22.01,4.97,2.91,0.97,2.7927,1.7081,1427.7,169.2,1102.9,847.4,13.61,0.898,63.84,14.93,8.25,8.85,3657.4,2.51,0.494,34.4,54.14,75.24
BATCH_0744,42.97,14.24,3.24,1.97,1.45,0.37,35.08,66.19,21.94,5.0,3.04,0.9538,2.7306,1.6458,1450.8,185.0,1084.2,929.3,14.47,0.702,60.35,17.37,8.11,9.24,3700.7,2.78,0.493,32.09,55.08,75.59
BATCH_0745,42.0,13.04,2.86,1.95,1.57,0.42,35.08,64.7,20.09,4.4,3.0,1.0191,2.7168,1.4681,1387.0,171.3,1124.9,947.9,12.7,0.928,71.2,5.0,6.59,9.12,3496.9,3.51,0.444,35.86,59.43,73.25
BATCH_0746,42.73,14.95,2.83,1.89,1.33,0.39,35.37,66.11,23.13,4.37,2.92,0.9192,3.1702,1.4963,1452.3,186.8,1079.2,914.7,12.02,0.418,56.33,23.83,6.64,8.89,3378.0,3.11,0.425,34.02,55.24,75.02
BATCH_0747,42.37,13.96,3.33,1.89,1.3,0.51,35.95,66.15,21.8,5.2,2.96,0.9559,2.6736,1.7592,1378.7,185.1,1074.1,976.1,13.37,1.272,57.01,19.49,8.78,8.99,3465.6,3.05,0.504,30.91,51.38,70.22
BATCH_0748,42.92,13.77,2.97,1.91,1.46,0.32,35.63,66.68,21.4,4.61,2.96,0.9898,2.8262,1.5541,1391.6,165.9,1096.1,957.7,14.76,0.981,68.25,9.86,7.19,9.02,4137.6,2.5,0.513,34.43,55.51,73.42
BATCH_0749,41.9,13.68,2.89,2.3,1.52,0.36,36.41,65.9,21.51,4.54,3.62,0.9687,2.6362,1.257,1444.2,157.6,1096.0,877.8,14.04,0.622,64.94,12.68,5.93,11.0,3762.5,2.63,0.502,31.94,53.54,73.04
BATCH_0750,42.67,13.49,3.61,1.85,1.27,0.34,35.93,66.6,21.06,5.64,2.88,0.9852,2.4719,1.9563,1419.5,175.9,1025.4,904.0,12.35,0.721,64.63,11.62,10.06,8.77,3771.7,3.08,0.478,35.83,53.53,73.77
BATCH_0751,43.63,14.2,2.94,2.08,1.4,0.41,35.21,67.35,21.92,4.53,3.22,0.9774,2.8287,1.4088,1393.3,204.6,1133.9,922.9,11.72,1.058,66.43,12.73,6.57,9.79,3699.5,2.66,0.484,31.29,54.64,73.66
BATCH_0752,43.69,14.76,2.96,1.93,0.86,0.37,36.41,68.71,23.21,4.66,3.03,0.9469,3.019,1.5387,1451.5,170.8,1207.2,909.7,12.72,0.3,64.76,17.7,7.23,9.22,3671.8,2.21,0.501,34.88,58.9,74.38
BATCH_0753,42.28,14.02,2.99,2.16,1.41,0.51,36.38,66.47,22.04,4.71,3.4,0.9556,2.7184,1.3849,1399.8,177.8,1139.9,910.6,12.47,0.805,61.08,17.1,6.72,10.34,3559.1,3.0,0.535,28.74,50.47,70.28
BATCH_0754,43.85,13.91,3.15,2.05,1.63,0.35,34.54,66.99,21.25,4.81,3.13,0.9951,2.6777,1.534,1440.2,174.8,1197.0,949.7,14.37,0.785,69.69,8.36,7.43,9.53,3864.5,2.71,0.483,37.84,55.71,75.53
BATCH_0755,43.76,14.49,3.36,2.09,1.47,0.49,36.18,68.57,22.7,5.26,3.28,0.9523,2.6573,1.6057,1468.7,157.3,1005.5,973.9,11.3,0.3,63.19,17.41,8.4,9.98,3162.0,3.34,0.506,31.23,52.92,72.52
BATCH_0756,43.48,14.08,3.33,2.06,1.01,0.31,35.24,67.14,21.74,5.15,3.19,0.9712,2.6093,1.6142,1469.7,182.8,1083.9,964.7,10.8,0.38,66.03,12.52,8.24,9.7,3634.4,2.67,0.483,34.8,54.67,75.39
BATCH_0757,42.97,13.02,3.15,2.38,1.49,0.33,35.58,66.71,20.21,4.88,3.7,1.0285,2.3554,1.321,1440.7,168.3,961.8,870.7,13.19,0.933,74.61,5.0,6.69,11.25,4029.4,2.9,0.52,37.1,58.82,76.75
BATCH_0758,42.17,14.82,3.74,2.05,1.33,0.46,36.14,66.05,23.21,5.86,3.22,0.8912,2.5577,1.8222,1439.3,177.0,1037.5,932.2,13.33,0.749,43.41,33.79,10.09,9.78,3687.3,2.72,0.51,28.56,51.16,71.75
BATCH_0759,44.04,13.2,3.22,2.14,1.38,0.5,35.45,68.22,20.46,4.99,3.31,1.0428,2.4646,1.5089,1440.0,186.8,1103.4,994.3,14.7,1.31,76.45,5.0,7.63,10.07,3788.8,2.62,0.479,37.68,59.8,77.37
BATCH_0760,44.12,13.88,2.99,2.08,1.49,0.49,35.82,68.74,21.62,4.66,3.25,1.0073,2.7345,1.4351,1431.7,174.3,1127.8,954.4,13.07,0.728,74.43,5.83,6.85,9.88,3554.6,3.08,0.439,34.55,60.97,77.8
BATCH_0761,44.27,14.6,3.3,2.32,1.29,0.38,34.91,68.01,22.43,5.07,3.56,0.9552,2.5989,1.4248,1379.2,198.1,1198.3,906.1,9.24,0.791,62.35,17.26,7.42,10.83,3437.5,2.4,0.449,33.41,56.67,71.19
BATCH_0762,43.33,13.35,3.64,1.81,1.33,0.33,35.57,67.25,20.71,5.65,2.81,1.0096,2.4473,2.0118,1379.4,175.8,1056.8,920.5,12.54,1.054,68.59,7.64,10.23,8.55,3507.4,2.73,0.504,34.47,56.02,72.3
BATCH_0763,41.76,14.58,3.37,1.91,1.4,0.42,36.24,65.49,22.86,5.28,3.0,0.9059,2.7621,1.7631,1418.6,206.9,1002.7,861.0,9.05,0.733,48.25,29.15,8.93,9.12,3736.0,2.91,0.471,30.96,53.48,75.61
BATCH_0764,42.36,14.45,3.16,2.0,1.21,0.52,35.12,65.29,22.27,4.86,3.08,0.93,2.8054,1.5813,1471.2,197.8,1124.6,931.6,10.68,0.407,55.48,22.0,7.68,9.36,3429.0,2.25,0.512,29.51,54.32,73.04
BATCH_0765,43.81,14.43,3.3,2.09,1.13,0.43,36.12,68.59,22.6,5.16,3.28,0.958,2.6793,1.5751,1456.0,163.5,1088.5,937.0,14.77,0.404,64.57,16.08,8.13,9.97,3798.4,2.69,0.46,34.58,57.52,78.85
BATCH_0766,44.51,13.13,2.98,1.95,1.72,0.6,36.33,69.9,20.62,4.68,3.06,1.0699,2.6636,1.5321,1446.3,191.8,1071.0,997.9,12.9,1.255,84.24,5.0,7.24,9.3,3573.6,2.72,0.53,37.62,60.87,76.67
BATCH_0767,44.8,14.21,3.51,1.79,1.21,0.54,35.07,68.99,21.89,5.4,2.75,0.9918,2.685,1.9638,1453.6,187.4,1086.8,931.4,15.11,0.952,68.0,11.45,9.66,8.37,3774.8,3.0,0.46,35.72,60.52,77.5
BATCH_0768,43.48,13.46,2.94,2.0,1.31,0.32,35.14,67.03,20.75,4.54,3.08,1.0225,2.7253,1.4735,1359.0,197.1,1148.5,869.1,12.7,1.402,73.19,5.0,6.81,9.37,3534.6,2.7,0.467,37.3,54.99,71.4
BATCH_0769,42.49,12.8,3.05,2.05,1.42,0.47,36.03,66.43,20.01,4.77,3.21,1.0404,2.5074,1.4864,1441.9,197.0,1055.6,921.2,11.0,1.023,75.43,5.0,7.21,9.77,4051.1,2.44,0.501,38.5,57.23,76.95
BATCH_0770,43.15,13.28,3.25,2.33,1.37,0.41,35.19,66.59,20.49,5.01,3.59,1.0133,2.381,1.3968,1416.7,192.0,1066.6,832.1,13.21,1.299,69.45,6.34,7.21,10.92,3711.6,2.61,0.446,35.93,56.5,73.62
BATCH_0771,43.25,15.1,3.15,2.45,1.22,0.26,35.34,66.89,23.35,4.87,3.79,0.9076,2.6942,1.285,1416.4,197.1,1076.2,895.3,14.04,1.141,50.87,28.58,6.5,11.54,3401.9,2.54,0.505,25.53,52.24,71.78
BATCH_0772,42.32,12.63,3.34,2.08,1.26,0.47,35.5,65.62,19.58,5.17,3.22,1.0395,2.3325,1.6057,1449.4,146.9,1067.4,1012.7,13.38,0.702,74.05,5.0,8.26,9.8,3893.2,2.81,0.504,38.04,58.92,74.76
BATCH_0773,42.3,14.02,2.83,2.1,1.11,0.53,36.04,66.14,21.91,4.43,3.29,0.9612,2.8392,1.3475,1409.1,169.6,1042.7,870.3,13.15,0.952,62.01,16.05,6.18,10.0,3825.9,3.22,0.532,32.69,52.58,71.98
BATCH_0774,43.24,14.13,3.6,1.98,1.34,0.4,34.94,66.45,21.72,5.54,3.04,0.957,2.5336,1.8241,1451.5,193.7,1088.5,859.7,12.87,0.615,59.64,17.28,9.54,9.24,3227.5,2.42,0.49,33.5,53.29,71.59
BATCH_0775,42.8,14.39,3.14,2.58,1.38,0.41,34.61,65.46,22.0,4.8,3.94,0.936,2.5177,1.2167,1438.5,192.6,1103.9,940.3,12.77,0.64,56.98,20.1,6.04,12.0,3338.0,3.01,0.526,27.05,48.65,66.71
BATCH_0776,44.39,12.83,3.65,2.05,1.17,0.38,34.77,68.05,19.67,5.59,3.14,1.0661,2.2524,1.78,1394.7,186.6,1067.6,843.5,12.17,1.111,79.3,5.0,9.5,9.56,3651.1,2.44,0.465,38.93,59.95,78.39
BATCH_0777,42.84,15.04,2.87,2.1,1.49,0.52,34.95,65.86,23.13,4.42,3.23,0.9128,3.0248,1.3686,1408.4,165.6,1114.5,972.6,12.09,0.487,53.79,25.72,6.24,9.82,3627.6,2.31,0.473,32.17,55.65,74.56
BATCH_0778,41.74,14.07,3.6,2.48,1.47,0.45,35.65,64.87,21.87,5.59,3.85,0.921,2.3154,1.4527,1345.3,211.5,1071.2,882.7,12.12,1.679,46.01,27.98,8.31,11.72,4152.0,2.84,0.51,28.69,49.73,73.44
BATCH_0779,44.75,13.04,3.28,2.41,1.23,0.41,35.97,69.88,20.36,5.13,3.76,1.0655,2.292,1.3644,1460.5,146.2,1146.3,916.5,14.66,0.589,85.77,5.0,7.23,11.43,3253.3,2.64,0.463,38.7,60.72,76.3
BATCH_0780,43.76,13.63,3.0,1.98,1.81,0.42,36.41,68.82,21.43,4.72,3.12,1.0168,2.734,1.5129,1350.6,172.2,1104.8,993.8,14.04,1.29,74.03,5.58,7.23,9.49,4204.6,2.79,0.517,35.19,54.16,72.64
BATCH_0781,43.22,14.51,2.52,2.07,1.74,0.48,36.21,67.75,22.75,3.95,3.24,0.9604,3.1614,1.2195,1390.7,184.7,1051.2,906.3,13.0,1.125,65.0,16.18,4.99,9.86,3782.4,3.17,0.444,33.67,55.52,75.95
BATCH_0782,43.65,13.3,3.08,2.48,1.32,0.32,35.95,68.14,20.77,4.81,3.87,1.0258,2.3929,1.2428,1461.0,164.2,1065.4,943.1,13.91,0.887,76.72,5.0,6.2,11.77,3413.2,2.98,0.466,35.26,59.15,74.1
BATCH_0783,42.37,13.06,2.92,2.12,1.12,0.51,35.98,66.17,20.4,4.56,3.31,1.022,2.5909,1.3756,1457.4,186.4,1140.5,922.4,13.2,0.683,73.92,5.0,6.47,10.09,3947.6,2.65,0.476,40.23,58.35,77.92
BATCH_0784,44.63,14.63,3.01,1.54,1.36,0.37,34.94,68.6,22.49,4.63,2.36,0.9791,3.2153,1.9619,1411.3,187.9,1143.8,959.6,13.17,0.76,69.13,12.32,8.28,7.19,3514.7,3.49,0.491,35.15,57.06,75.45
BATCH_0785,44.2,13.56,2.71,2.09,1.17,0.4,35.48,68.51,21.02,4.19,3.23,1.0383,2.8289,1.2966,1382.3,198.8,1134.2,946.4,14.11,1.636,77.93,5.0,5.64,9.84,3736.7,3.23,0.476,36.56,55.84,75.4
BATCH_0786,44.25,13.71,3.21,1.8,1.6,0.46,35.58,68.68,21.28,4.98,2.79,1.0192,2.7378,1.7839,1439.5,167.8,1061.3,928.9,11.46,0.716,75.42,5.0,8.48,8.5,3059.8,2.65,0.534,34.5,54.19,73.61
BATCH_0787,44.12,13.63,2.84,1.93,1.25,0.53,35.43,68.33,21.1,4.4,2.99,1.0305,2.8537,1.4709,1404.3,193.6,1093.8,922.2,10.14,0.879,78.03,5.0,6.6,9.11,3923.3,2.75,0.489,39.93,59.35,77.24
BATCH_0788,43.8,13.91,3.5,2.1,1.05,0.36,35.51,67.92,21.57,5.43,3.26,0.9841,2.4834,1.6669,1413.0,191.1,996.5,921.6,13.27,0.977,65.87,12.14,8.87,9.91,3618.7,2.61,0.458,34.44,55.48,75.95
BATCH_0789,43.75,12.84,3.08,1.79,1.55,0.37,34.95,67.26,19.74,4.73,2.76,1.0718,2.6366,1.7152,1439.1,198.7,1163.3,879.1,12.96,1.42,80.65,5.0,7.87,8.39,3774.1,3.04,0.427,40.11,60.44,81.37
BATCH_0790,43.65,14.09,2.78,2.08,1.45,0.36,36.06,68.27,22.03,4.36,3.25,0.9892,2.898,1.3417,1431.0,192.1,1098.5,929.0,14.58,1.169,70.26,10.16,6.05,9.88,3650.2,2.51,0.5,34.06,57.16,73.3
BATCH_0791,41.81,13.51,3.33,2.33,1.4,0.32,35.35,64.67,20.89,5.16,3.61,0.9646,2.3831,1.4283,1412.6,174.5,1084.0,902.6,11.85,0.479,61.3,13.66,7.56,10.99,3675.0,3.0,0.525,33.37,54.57,71.54
BATCH_0792,43.75,13.58,3.47,2.12,1.38,0.35,35.57,67.91,21.08,5.38,3.29,1.0041,2.4314,1.6375,1425.8,194.9,1144.4,934.1,13.4,1.302,68.49,8.78,8.7,10.0,3562.5,2.47,0.519,32.75,52.74,67.25
BATCH_0793,42.62,13.87,3.34,1.97,1.29,0.33,35.05,65.61,21.35,5.14,3.03,0.9659,2.6137,1.6926,1406.3,179.2,1165.8,879.5,15.13,0.902,60.84,15.33,8.48,9.23,3838.7,2.66,0.453,35.94,56.53,75.27
BATCH_0794,42.88,12.66,4.14,2.07,1.61,0.28,34.69,65.65,19.39,6.34,3.17,1.0264,2.0384,2.0009,1454.9,207.9,1097.0,879.6,12.29,0.715,68.65,5.0,11.44,9.64,3590.5,3.05,0.479,36.3,57.24,73.76
BATCH_0795,42.99,12.82,3.61,2.3,0.96,0.39,35.53,66.69,19.88,5.6,3.57,1.0305,2.1675,1.5677,1419.2,200.5,1099.3,926.6,12.8,1.173,71.16,5.0,8.8,10.87,3924.3,2.56,0.465,36.97,55.72,78.1
BATCH_0796,44.88,13.8,3.41,1.95,1.5,0.43,36.34,70.51,21.68,5.36,3.06,1.0202,2.5746,1.7496,1418.0,172.5,1068.1,931.3,13.44,0.97,76.07,5.0,9.02,9.32,3671.8,2.79,0.483,37.19,58.5,80.59
BATCH_0797,42.22,14.32,3.15,2.28,1.32,0.52,36.44,66.42,22.53,4.96,3.58,0.9307,2.6367,1.3842,1433.5,194.9,1119.3,883.0,11.95,0.552,56.15,22.24,7.08,10.91,3646.2,2.36,0.489,27.03,55.39,71.78
BATCH_0798,43.97,13.61,3.61,2.28,1.44,0.42,35.91,68.6,21.23,5.63,3.56,1.0011,2.3114,1.5794,1409.4,166.4,1161.9,972.5,11.17,0.714,70.21,7.92,8.88,10.84,3564.1,2.79,0.482,36.9,55.59,72.56
BATCH_0799,42.78,14.54,3.23,2.06,1.74,0.36,35.27,66.1,22.47,5.0,3.19,0.9313,2.7451,1.5666,1391.7,186.1,1121.0,896.5,11.3,1.072,54.28,23.46,7.84,9.7,3491.8,2.36,0.486,31.02,52.15,72.65
BATCH_0800,43.65,13.05,3.23,2.25,1.36,0.46,35.85,68.05,20.35,5.03,3.5,1.0423,2.3832,1.436,1386.4,155.0,1127.9,989.8,11.01,1.063,77.22,5.0,7.41,10.66,3610.9,2.4,0.446,37.62,58.64,74.88
BATCH_0801,42.43,13.53,3.19,2.24,1.44,0.47,35.32,65.6,20.92,4.94,3.46,0.9826,2.4921,1.4264,1398.5,178.9,1081.8,869.3,9.54,0.638,65.25,10.76,7.22,10.53,2979.8,2.46,0.496,31.55,51.8,70.93
BATCH_0802,43.71,13.51,3.26,2.23,1.53,0.48,36.03,68.33,21.12,5.1,3.49,1.0122,2.4591,1.4629,1407.1,172.8,1020.3,940.9,14.12,1.328,70.91,7.04,7.62,10.61,3676.3,2.57,0.429,37.43,54.9,74.96
BATCH_0803,43.21,15.21,3.43,1.65,1.1,0.27,35.21,66.69,23.48,5.29,2.55,0.9043,2.9954,2.0763,1358.6,175.8,1111.4,868.3,12.17,1.052,48.39,30.81,9.71,7.75,3774.7,2.85,0.49,30.01,52.1,72.49
BATCH_0804,44.53,12.95,3.48,1.8,1.52,0.59,35.78,69.33,20.16,5.41,2.8,1.0705,2.4561,1.9343,1412.5,176.2,1130.5,906.8,15.23,1.391,80.4,5.0,9.61,8.51,3520.0,2.64,0.452,37.76,59.62,76.95
BATCH_0805,45.14,12.72,3.27,2.04,1.27,0.38,35.78,70.3,19.82,5.09,3.18,1.1043,2.3957,1.5998,1443.5,192.4,1089.1,933.3,10.5,1.041,90.91,5.0,8.1,9.68,3698.6,2.12,0.482,40.97,66.31,83.59
BATCH_0806,43.48,14.58,3.37,1.9,1.06,0.43,35.04,66.93,22.44,5.19,2.92,0.9431,2.7655,1.7768,1401.5,165.3,1036.6,926.4,14.76,0.813,57.65,20.85,8.82,8.89,3747.6,2.77,0.441,34.6,55.07,76.53
BATCH_0807,44.38,12.92,3.07,2.0,1.4,0.27,36.24,69.6,20.26,4.82,3.14,1.0782,2.5451,1.5352,1374.1,179.7,1060.1,973.8,11.67,1.214,86.33,5.0,7.46,9.55,4018.0,2.94,0.562,36.18,60.92,79.23
BATCH_0808,45.18,14.18,3.24,2.2,1.32,0.53,34.54,69.02,21.66,4.95,3.36,1.0037,2.6069,1.4708,1406.0,150.6,1080.4,881.3,12.08,0.641,73.41,6.72,7.42,10.23,3899.4,3.01,0.488,37.13,57.09,72.67
BATCH_0809,42.68,13.85,2.72,1.75,1.42,0.44,36.34,67.04,21.75,4.28,2.75,0.9884,3.094,1.5566,1468.8,193.3,1131.8,970.8,13.23,0.722,70.01,9.55,6.69,8.37,3828.1,3.06,0.48,34.24,54.84,77.38
BATCH_0810,43.91,14.36,3.31,2.43,1.22,0.35,36.18,68.8,22.51,5.19,3.81,0.9594,2.501,1.3597,1427.4,193.2,1109.0,971.4,11.51,0.619,64.68,15.73,7.29,11.6,3677.0,2.78,0.496,33.64,55.45,74.65
BATCH_0811,42.49,13.85,3.05,2.05,1.45,0.51,34.95,65.32,21.29,4.7,3.15,0.9705,2.7138,1.4902,1430.2,189.4,1100.5,939.5,14.05,1.256,60.69,15.26,7.11,9.59,3902.7,2.78,0.514,32.52,52.43,72.43
BATCH_0812,43.53,13.01,3.15,1.95,1.47,0.43,35.8,67.81,20.26,4.9,3.04,1.0499,2.5487,1.6102,1436.8,184.3,1069.7,909.6,13.88,1.284,77.63,5.0,7.84,9.27,3313.3,2.34,0.458,37.49,59.23,73.18
BATCH_0813,44.56,13.91,2.7,2.23,1.52,0.56,35.92,69.54,21.71,4.22,3.47,1.0209,2.8228,1.2145,1457.9,182.0,1092.8,960.1,8.52,0.489,80.3,5.0,5.3,10.57,3836.4,2.76,0.469,38.95,63.09,80.66
BATCH_0814,42.07,12.92,3.2,2.46,1.74,0.46,36.04,65.77,20.2,5.0,3.84,1.0109,2.2834,1.3017,1394.5,193.3,1077.4,889.3,9.28,0.991,69.07,5.81,6.75,11.7,3442.5,2.83,0.411,35.62,52.75,76.14
BATCH_0815,43.67,13.93,3.52,2.12,1.4,0.29,35.07,67.25,21.46,5.41,3.27,0.9789,2.4718,1.6568,1412.2,179.7,997.3,884.4,13.2,0.971,64.42,12.92,8.82,9.94,3536.7,2.62,0.428,32.37,56.36,78.03
BATCH_0816,43.77,14.01,3.99,2.19,1.31,0.34,34.55,66.88,21.4,6.1,3.35,0.9633,2.2648,1.8233,1406.3,157.5,1102.0,951.3,11.58,0.457,60.46,15.76,10.51,10.19,3979.0,2.37,0.418,35.82,57.4,79.72
BATCH_0817,42.96,13.4,3.42,2.29,1.61,0.43,34.66,65.75,20.51,5.24,3.5,0.9963,2.346,1.4962,1441.3,174.8,1021.2,855.9,11.22,0.588,67.28,8.04,7.96,10.66,3279.2,2.46,0.469,35.09,55.1,70.23
BATCH_0818,42.51,13.24,2.72,2.11,1.29,0.5,36.49,66.93,20.85,4.28,3.33,1.0193,2.7411,1.2849,1369.3,171.9,1190.6,882.4,12.15,0.986,74.31,5.0,5.7,10.13,3262.9,3.26,0.485,34.1,52.09,72.42
BATCH_0819,44.73,14.31,3.46,2.19,1.55,0.43,36.5,70.45,22.53,5.45,3.45,0.9801,2.5292,1.5795,1392.0,205.7,1166.8,888.9,13.47,1.57,65.65,15.07,8.61,10.51,3704.7,2.74,0.523,32.85,53.21,69.94
BATCH_0820,43.22,13.41,3.7,2.08,1.22,0.33,36.25,67.79,21.04,5.8,3.26,0.9973,2.3237,1.7801,1424.4,191.3,1033.2,993.9,12.96,1.097,66.56,10.1,9.85,9.91,3575.7,2.81,0.476,36.02,55.64,74.34
BATCH_0821,43.28,13.7,2.83,1.83,1.29,0.3,35.89,67.51,21.37,4.42,2.86,1.0076,2.9371,1.5453,1410.3,192.4,1079.5,928.8,11.74,1.44,71.46,7.36,6.87,8.7,3977.1,2.73,0.488,33.8,56.41,73.36
BATCH_0822,43.13,14.89,3.23,2.43,1.44,0.36,34.95,66.3,22.89,4.97,3.74,0.9148,2.63,1.3288,1473.9,186.6,1067.9,938.8,12.06,0.3,54.44,24.56,6.84,11.37,3834.0,3.13,0.535,31.17,53.25,74.8
BATCH_0823,42.68,13.88,3.61,1.96,1.48,0.28,35.88,66.56,21.64,5.63,3.05,0.96,2.4937,1.843,1452.1,170.2,1130.9,946.8,9.78,0.307,61.81,15.42,9.74,9.29,3473.6,2.95,0.454,34.1,58.47,77.25
BATCH_0824,42.41,13.69,3.2,2.28,1.72,0.23,35.81,66.06,21.32,4.99,3.55,0.9715,2.4971,1.4077,1408.9,176.0,1030.0,900.6,13.14,0.857,63.75,13.04,7.23,10.79,3213.8,3.66,0.488,31.75,51.01,70.79
BATCH_0825,44.95,13.69,3.27,1.78,1.3,0.59,35.09,69.26,21.1,5.03,2.74,1.0355,2.7143,1.8352,1436.2,179.6,1169.7,854.2,11.88,1.216,76.38,5.0,8.69,8.34,3587.5,2.78,0.515,37.4,54.59,74.05
BATCH_0826,43.52,14.93,3.06,2.24,1.54,0.42,35.36,67.33,23.1,4.73,3.46,0.9274,2.8201,1.3663,1420.2,166.1,985.9,875.5,11.91,0.698,57.15,23.11,6.68,10.53,3574.2,2.64,0.453,32.67,57.37,77.52
BATCH_0827,44.67,14.33,2.58,2.02,1.45,0.41,35.01,68.74,22.05,3.98,3.1,1.0028,3.1161,1.2817,1352.8,160.5,1059.9,917.3,9.6,0.988,75.26,6.46,5.29,9.44,3576.8,2.49,0.486,33.37,56.56,71.33
BATCH_0828,44.03,13.16,3.41,2.33,0.74,0.38,35.37,68.13,20.37,5.28,3.61,1.0366,2.291,1.4649,1319.3,178.2,1099.6,820.7,15.39,1.889,72.48,5.0,7.9,10.98,3387.7,3.24,0.426,33.49,52.19,76.03
BATCH_0829,43.75,13.98,3.31,2.12,1.46,0.4,36.28,68.67,21.94,5.19,3.33,0.9833,2.5759,1.5593,1371.8,174.1,1208.5,932.6,14.21,1.078,66.95,12.4,8.12,10.13,3349.9,2.44,0.44,32.31,56.39,73.78
BATCH_0830,43.36,14.91,3.32,1.62,1.61,0.25,35.23,66.95,23.02,5.13,2.5,0.9269,3.0188,2.0534,1428.1,168.4,1207.1,977.6,11.39,0.447,56.66,23.25,9.36,7.6,3661.1,3.06,0.481,31.72,54.9,75.66
BATCH_0831,43.75,14.25,3.32,2.04,1.49,0.38,35.71,68.05,22.17,5.16,3.17,0.9677,2.6617,1.6304,1419.1,168.2,1026.8,942.5,13.41,0.963,63.72,15.48,8.32,9.63,3612.1,2.74,0.438,34.54,57.54,72.79
BATCH_0832,44.23,13.48,2.45,2.09,1.4,0.47,35.13,68.18,20.79,3.77,3.23,1.0518,2.9704,1.1695,1490.4,174.3,1057.2,873.3,12.8,0.694,84.74,5.0,4.54,9.82,3463.6,3.03,0.494,37.3,58.37,77.42
BATCH_0833,42.21,13.58,3.64,2.17,1.49,0.48,35.52,65.47,21.07,5.64,3.37,0.9635,2.3371,1.6746,1389.4,156.4,1012.3,929.2,13.98,0.998,57.51,17.01,9.25,10.26,3392.2,3.21,0.541,30.59,52.65,69.07
BATCH_0834,42.4,12.63,2.98,1.99,1.33,0.3,34.66,64.89,19.33,4.56,3.05,1.0538,2.5413,1.4952,1394.3,179.8,1061.5,941.7,13.52,1.675,74.12,5.0,6.92,9.28,3881.4,2.87,0.461,36.51,57.85,74.02
BATCH_0835,43.83,13.93,2.88,1.96,1.03,0.33,35.04,67.48,21.44,4.44,3.02,1.0021,2.8737,1.469,1444.8,185.9,1108.0,979.4,12.96,0.779,72.95,6.45,6.65,9.2,3425.0,2.73,0.466,36.47,57.14,73.62
BATCH_0836,42.1,12.99,3.68,2.21,1.43,0.33,36.3,66.09,20.39,5.77,3.47,0.9974,2.2062,1.6651,1451.8,167.6,1139.7,885.1,11.53,0.626,66.34,8.4,9.43,10.55,3816.0,2.98,0.449,36.24,58.1,74.07
BATCH_0837,42.97,14.56,2.67,2.16,1.39,0.27,36.46,67.63,22.91,4.2,3.4,0.9471,3.0161,1.2363,1476.6,139.6,1106.1,941.1,11.04,0.3,65.63,16.18,5.38,10.34,3543.9,3.1,0.585,31.27,53.57,69.05
BATCH_0838,42.4,14.36,3.64,2.29,1.6,0.34,36.31,66.56,22.55,5.72,3.59,0.9202,2.421,1.5933,1457.7,182.2,1125.6,934.6,12.32,0.372,52.97,24.69,9.09,10.93,3579.5,3.1,0.467,33.04,56.06,74.24
BATCH_0839,42.6,14.24,3.23,2.22,1.34,0.42,35.35,65.9,22.03,5.0,3.44,0.9427,2.612,1.4542,1452.9,179.7,1073.8,847.3,13.31,0.478,58.6,18.94,7.43,10.46,3469.9,2.48,0.473,34.62,54.92,72.31
BATCH_0840,42.8,13.75,3.08,1.94,1.54,0.37,34.96,65.8,21.14,4.73,2.98,0.9849,2.7418,1.5897,1369.7,188.3,1039.7,873.9,14.29,1.212,64.58,11.89,7.51,9.06,3020.9,2.99,0.471,30.93,51.44,69.66
BATCH_0841,42.59,13.69,3.3,2.36,1.48,0.37,35.95,66.49,21.37,5.15,3.68,0.9718,2.4212,1.3995,1449.1,195.0,1084.8,914.2,11.86,0.869,63.18,13.62,7.42,11.2,3618.5,2.38,0.492,34.62,56.63,71.48
BATCH_0842,42.72,13.56,3.28,2.23,1.79,0.23,36.43,67.21,21.33,5.15,3.5,0.9857,2.4644,1.4727,1448.9,191.1,1093.1,951.5,13.9,0.709,67.93,9.9,7.74,10.65,4037.4,2.33,0.446,36.86,62.14,77.41
BATCH_0843,42.06,13.78,3.61,2.02,1.74,0.33,36.1,65.82,21.57,5.65,3.16,0.9506,2.4482,1.7902,1363.2,180.7,1027.0,925.0,12.51,0.988,56.04,19.57,9.64,9.61,4069.7,2.8,0.506,34.01,57.52,71.31
BATCH_0844,44.85,12.91,2.87,1.9,1.21,0.43,35.65,69.7,20.07,4.46,2.95,1.0984,2.7091,1.5096,1400.2,211.1,1195.2,919.7,15.43,2.115,86.56,5.0,6.81,8.98,3487.3,2.2,0.473,36.48,59.87,77.84
BATCH_0845,45.1,14.46,3.37,1.91,1.36,0.36,36.43,70.95,22.75,5.31,3.01,0.985,2.7355,1.7631,1376.9,196.4,1079.8,913.0,12.31,1.24,69.29,12.96,8.97,9.16,3732.6,2.61,0.511,33.91,56.38,72.09
BATCH_0846,44.2,14.8,3.51,2.1,1.53,0.27,35.88,68.93,23.08,5.47,3.27,0.94,2.6411,1.6732,1392.7,170.9,1212.0,887.5,11.26,0.537,60.35,20.66,8.97,9.95,3740.0,2.84,0.513,33.96,53.75,73.52
BATCH_0847,43.02,14.62,3.1,1.89,1.53,0.43,35.41,66.61,22.64,4.79,2.93,0.9377,2.9318,1.6377,1419.9,187.2,1065.4,896.0,13.59,0.735,57.88,21.23,7.75,8.91,4003.7,3.17,0.446,35.98,57.9,80.44
BATCH_0848,43.06,13.43,2.85,2.09,1.32,0.47,34.71,65.96,20.58,4.36,3.2,1.0158,2.7201,1.3612,1443.3,196.5,1037.0,936.0,11.41,0.718,73.29,5.0,6.14,9.75,3492.8,3.12,0.469,37.34,57.27,73.25
BATCH_0849,43.66,14.44,2.76,2.02,1.41,0.32,35.74,67.95,22.48,4.3,3.14,0.9688,3.0203,1.3689,1454.0,172.3,1061.8,957.6,10.93,0.3,69.76,11.82,6.08,9.56,3727.1,3.2,0.485,33.55,58.92,75.76
BATCH_0850,42.85,14.46,3.05,2.3,1.81,0.29,35.27,66.2,22.35,4.71,3.55,0.9386,2.7058,1.3242,1430.2,221.2,1103.3,922.5,13.68,1.172,56.89,21.15,6.46,10.81,3173.2,3.14,0.42,29.94,54.98,72.2
BATCH_0851,42.35,13.26,3.48,2.01,1.45,0.47,35.69,65.85,20.61,5.42,3.13,0.994,2.4137,1.733,1395.2,169.7,1074.7,857.9,13.23,1.087,64.05,10.79,9.06,9.51,3619.9,3.21,0.472,34.74,55.55,70.81
BATCH_0852,42.76,14.28,3.1,2.12,1.7,0.48,35.58,66.38,22.17,4.81,3.29,0.9484,2.7343,1.4616,1376.6,171.4,1162.8,925.7,10.78,0.661,59.89,18.38,7.18,10.02,3775.9,3.1,0.481,35.93,56.73,74.31
BATCH_0853,42.61,13.58,3.36,2.39,1.14,0.45,34.99,65.54,20.88,5.17,3.67,0.9773,2.3617,1.4063,1462.7,190.4,1157.6,898.3,14.36,0.727,63.19,12.2,7.48,11.18,3613.8,2.65,0.466,31.65,52.14,75.33
BATCH_0854,43.24,14.2,2.93,1.84,1.53,0.25,34.73,66.24,21.75,4.48,2.81,0.9726,2.9801,1.5939,1465.0,177.7,1022.6,900.8,13.07,0.497,67.12,11.73,7.12,8.56,3605.0,3.02,0.474,33.65,56.16,77.59
BATCH_0855,45.08,14.67,3.07,2.26,1.45,0.53,35.36,69.74,22.7,4.75,3.5,0.9751,2.7517,1.3568,1382.5,164.4,1166.0,860.3,12.6,0.902,68.52,13.38,6.66,10.65,3796.1,2.84,0.476,34.51,56.01,76.23
BATCH_0856,43.55,14.45,2.96,2.36,1.42,0.42,35.33,67.35,22.34,4.57,3.64,0.9567,2.7197,1.2541,1360.5,152.9,1107.2,951.6,11.49,1.029,62.44,16.94,5.94,11.09,3783.7,2.53,0.481,35.56,53.27,75.3
BATCH_0857,42.4,12.79,3.32,2.35,1.56,0.41,36.09,66.34,20.01,5.19,3.68,1.0262,2.2555,1.4097,1462.8,224.3,1058.4,823.1,13.01,1.385,70.42,5.0,7.52,11.2,3213.2,3.05,0.47,33.68,51.85,67.93
BATCH_0858,43.81,13.15,3.45,2.1,1.67,0.51,35.84,68.28,20.5,5.37,3.28,1.035,2.3694,1.6388,1470.2,201.9,1107.2,873.6,10.92,0.502,77.08,5.0,8.69,9.98,3329.1,2.82,0.463,37.34,59.52,75.74
BATCH_0859,42.92,13.21,3.14,2.05,1.38,0.34,35.47,66.5,20.47,4.87,3.18,1.0199,2.5448,1.5325,1432.7,199.4,1036.6,938.0,13.94,1.143,71.81,5.0,7.52,9.66,3913.1,2.78,0.446,35.54,59.41,77.18
BATCH_0860,43.34,13.39,3.09,2.09,1.09,0.48,34.96,66.63,20.58,4.76,3.21,1.0183,2.5845,1.4835,1403.2,138.2,1098.8,890.3,15.03,0.768,73.04,5.0,7.18,9.76,3325.6,2.95,0.46,34.48,56.93,71.56
BATCH_0861,44.23,14.78,2.69,1.94,1.03,0.4,36.49,69.64,23.27,4.24,3.05,0.9642,3.1909,1.39,1402.9,185.4,1133.2,942.1,10.03,0.753,68.97,14.68,6.08,9.28,3176.1,3.32,0.469,31.41,54.71,74.88
BATCH_0862,42.7,13.91,3.62,2.19,1.24,0.68,35.17,65.86,21.45,5.58,3.38,0.9551,2.393,1.6522,1422.8,171.3,1170.6,901.2,14.99,0.734,56.8,18.65,9.08,10.28,3957.5,2.86,0.519,34.8,52.58,74.95
BATCH_0863,44.23,13.2,3.38,2.13,1.66,0.45,35.22,68.27,20.38,5.23,3.28,1.0428,2.3953,1.5915,1418.9,210.9,1141.2,942.2,11.48,1.111,76.74,5.0,8.29,9.99,3535.1,2.35,0.47,37.88,59.55,74.87
BATCH_0864,44.22,13.87,3.8,2.08,1.37,0.14,35.53,68.58,21.51,5.9,3.22,0.9883,2.3576,1.8291,1404.3,192.8,1178.2,886.8,13.19,1.309,65.54,12.22,10.17,9.81,3602.8,2.12,0.487,35.05,53.77,72.17
BATCH_0865,43.16,14.03,3.15,1.42,1.45,0.49,35.09,66.48,21.61,4.85,2.19,0.9814,3.0676,2.2139,1388.8,203.4,1143.7,938.8,10.98,1.194,63.69,13.89,9.15,6.67,3688.7,2.78,0.507,32.72,53.98,70.86
BATCH_0866,43.6,13.56,3.15,2.03,1.7,0.53,35.2,67.29,20.92,4.86,3.13,1.0127,2.6179,1.5533,1376.7,172.0,1142.5,944.1,12.44,0.957,71.59,5.97,7.59,9.52,3429.4,2.64,0.488,36.61,54.06,70.18
BATCH_0867,45.19,13.37,2.99,2.06,1.71,0.23,36.43,71.09,21.04,4.71,3.24,1.0664,2.6459,1.4534,1446.9,172.9,1080.8,879.6,12.13,0.715,89.28,5.0,7.0,9.86,3464.4,2.06,0.428,41.65,66.66,90.08
BATCH_0868,43.36,14.56,3.32,2.07,1.21,0.55,35.13,66.84,22.44,5.12,3.19,0.9407,2.7008,1.6038,1452.5,161.3,1101.9,925.8,11.98,0.415,58.5,20.21,8.16,9.71,3807.9,2.74,0.472,35.52,58.01,76.38
BATCH_0869,42.82,12.84,2.92,2.11,1.3,0.43,35.6,66.5,19.94,4.54,3.27,1.0487,2.5531,1.3868,1464.8,174.0,1161.0,915.4,13.01,0.762,78.97,5.0,6.49,9.96,3691.2,2.96,0.499,37.08,53.71,77.6
BATCH_0870,43.58,12.57,3.04,2.09,1.23,0.33,35.4,67.45,19.46,4.71,3.23,1.0836,2.4511,1.4555,1429.5,195.1,1052.1,897.0,11.4,0.823,85.62,5.0,7.0,9.84,3635.4,3.08,0.51,37.56,59.04,79.14
BATCH_0871,41.59,14.56,3.18,1.93,1.26,0.53,35.65,64.63,22.63,4.94,2.99,0.9074,2.8503,1.6508,1436.5,196.5,1112.3,886.5,15.18,0.941,47.5,29.04,8.03,9.11,3801.1,3.13,0.48,28.22,51.86,74.35
BATCH_0872,41.81,14.38,3.47,2.24,1.36,0.46,36.24,65.58,22.55,5.45,3.52,0.9111,2.5164,1.5487,1451.3,204.3,1149.4,922.6,10.54,0.642,49.26,27.5,8.48,10.7,3664.1,3.01,0.521,29.09,55.05,68.2
BATCH_0873,42.34,13.59,3.14,2.49,1.34,0.21,34.51,64.65,20.74,4.79,3.8,0.975,2.4152,1.2591,1503.4,183.4,1132.7,855.7,12.89,0.4,65.37,10.16,6.25,11.57,3358.4,3.0,0.429,33.13,57.64,72.92
BATCH_0874,42.69,14.18,2.74,2.14,1.53,0.26,35.67,66.36,22.04,4.26,3.32,0.962,2.9058,1.2841,1412.9,190.7,953.3,973.4,13.03,1.091,63.71,15.12,5.68,10.1,3496.8,2.28,0.496,31.25,53.24,73.6
BATCH_0875,42.54,13.87,3.15,2.11,1.5,0.38,35.82,66.28,21.6,4.9,3.28,0.9675,2.6396,1.4928,1432.4,177.6,1059.0,875.8,14.48,0.965,62.39,14.87,7.43,9.99,3859.3,2.8,0.487,33.24,57.1,73.28
BATCH_0876,42.47,13.32,3.21,1.79,1.35,0.43,35.84,66.2,20.76,5.0,2.8,1.004,2.6635,1.7876,1482.5,186.0,1131.3,966.6,11.05,0.47,70.37,6.42,8.51,8.51,4206.4,2.78,0.513,38.62,56.28,76.49
BATCH_0877,42.27,14.27,3.36,2.05,1.35,0.49,36.38,66.44,22.42,5.29,3.23,0.9327,2.6329,1.6379,1449.7,158.7,1190.8,965.7,12.08,0.3,56.47,21.69,8.55,9.82,3877.6,2.95,0.501,33.68,57.56,76.72
BATCH_0878,42.57,13.24,3.36,2.34,1.5,0.4,35.04,65.54,20.38,5.17,3.61,0.9991,2.3209,1.4338,1430.9,182.0,1043.7,870.3,12.38,0.867,66.77,8.05,7.6,10.98,3602.8,3.0,0.474,35.01,54.83,75.66
BATCH_0879,43.67,13.8,2.88,2.27,1.35,0.45,35.75,67.97,21.48,4.48,3.53,1.0022,2.6838,1.269,1391.8,176.1,1085.3,942.0,12.96,1.06,71.99,7.29,5.89,10.74,3507.5,2.89,0.486,34.25,58.19,73.84
BATCH_0880,42.14,13.71,3.04,2.29,0.95,0.26,35.49,65.32,21.25,4.71,3.55,0.9683,2.5743,1.3283,1416.2,203.3,1111.3,865.9,10.7,1.173,61.81,14.3,6.48,10.79,3444.7,2.52,0.524,31.37,53.0,66.89
BATCH_0881,43.69,13.54,3.08,2.34,1.09,0.46,35.55,67.78,21.01,4.78,3.63,1.0128,2.4969,1.3166,1380.9,196.6,1078.4,941.0,12.56,1.15,72.25,5.72,6.53,11.05,3760.1,2.58,0.504,33.55,55.88,72.75
BATCH_0882,43.53,14.11,3.62,1.97,1.1,0.42,36.5,68.55,22.22,5.7,3.11,0.9643,2.5226,1.8334,1370.2,216.8,1172.8,1006.6,12.59,1.555,59.21,19.05,9.85,9.46,3485.1,3.06,0.444,29.48,53.5,70.84
BATCH_0883,44.86,14.45,2.8,1.88,1.2,0.43,35.7,69.77,22.48,4.35,2.93,0.996,3.0892,1.4846,1418.0,178.6,1074.8,927.1,13.76,0.978,73.94,8.65,6.57,8.91,3434.3,3.1,0.473,35.79,56.74,76.99
BATCH_0884,42.26,14.15,3.16,1.82,1.85,0.36,35.83,65.86,22.05,4.92,2.83,0.9478,2.8449,1.7375,1406.8,182.4,1186.5,852.8,12.91,1.195,56.95,20.26,8.25,8.62,3632.2,2.43,0.461,32.04,56.16,72.68
BATCH_0885,42.07,14.86,3.23,1.78,1.5,0.45,35.06,64.79,22.89,4.97,2.75,0.9019,2.9678,1.8093,1404.7,194.1,1069.0,945.3,12.45,0.906,46.86,30.27,8.52,8.35,3935.7,3.1,0.447,31.41,57.76,78.37
BATCH_0886,44.42,13.48,3.32,2.14,1.63,0.52,35.87,69.27,21.03,5.19,3.34,1.0299,2.4674,1.5541,1426.8,157.2,1189.0,942.2,11.59,0.727,77.36,5.0,8.1,10.15,3222.2,3.12,0.436,37.08,59.13,78.42
BATCH_0887,42.29,13.92,2.99,2.43,1.23,0.35,36.39,66.48,21.88,4.69,3.82,0.9581,2.5697,1.2282,1384.5,163.5,1101.5,870.2,12.22,0.868,62.22,15.8,5.97,11.63,3494.1,2.14,0.52,31.11,52.8,70.16
BATCH_0888,42.8,13.94,3.22,2.04,1.45,0.51,36.02,66.89,21.79,5.03,3.18,0.9678,2.6528,1.5795,1419.2,179.8,1153.4,958.5,14.88,0.738,63.11,14.87,7.94,9.69,3826.3,2.98,0.453,35.24,58.85,74.8
BATCH_0889,42.18,14.29,3.18,2.22,1.23,0.6,36.2,66.11,22.4,4.99,3.48,0.9317,2.6457,1.4327,1428.7,173.7,1132.3,954.3,13.45,0.532,55.62,22.25,7.32,10.59,3885.7,2.7,0.48,29.78,54.78,74.5
BATCH_0890,43.3,13.16,3.1,2.06,1.13,0.32,34.83,66.44,20.19,4.75,3.16,1.0334,2.5539,1.505,1434.4,180.1,1084.6,883.5,14.87,0.998,75.14,5.0,7.25,9.6,3662.9,2.65,0.481,36.9,55.39,74.87
BATCH_0891,44.78,14.43,3.21,2.01,1.13,0.44,35.77,69.71,22.46,5.0,3.13,0.9829,2.7604,1.5967,1396.4,166.8,1138.8,981.8,11.79,0.931,69.26,12.14,7.96,9.53,3653.1,2.91,0.455,35.47,56.34,74.52
BATCH_0892,42.64,14.31,2.93,1.75,1.01,0.25,34.88,65.48,21.97,4.51,2.69,0.9536,3.0551,1.6778,1467.7,180.2,1125.1,941.5,12.58,0.476,62.46,15.87,7.4,8.17,3861.1,2.84,0.522,34.06,54.36,72.92
BATCH_0893,42.4,13.57,2.88,1.82,1.5,0.4,36.02,66.27,21.22,4.5,2.85,0.9942,2.8857,1.5815,1421.0,193.9,1090.2,953.2,11.39,0.826,69.07,8.72,7.12,8.67,3603.5,3.44,0.519,35.02,52.45,72.0
BATCH_0894,45.15,14.59,3.5,1.82,1.44,0.52,35.77,70.29,22.71,5.44,2.84,0.9766,2.744,1.9185,1440.8,165.0,1067.5,901.9,11.59,0.719,67.66,14.08,9.62,8.63,3119.7,3.0,0.441,33.68,53.84,74.37
BATCH_0895,43.84,14.47,3.28,1.73,1.42,0.32,35.6,68.06,22.46,5.09,2.68,0.9622,2.8894,1.8964,1377.9,188.7,1138.3,971.4,12.07,1.122,62.38,17.34,8.95,8.17,4016.3,3.43,0.512,33.39,56.04,74.35
BATCH_0896,43.5,14.0,3.12,2.15,1.49,0.47,34.93,66.86,21.51,4.79,3.31,0.9813,2.6561,1.446,1480.7,183.5,1103.2,883.7,13.15,0.676,66.96,11.15,7.09,10.07,3551.9,2.96,0.471,35.13,57.29,75.74
BATCH_0897,44.5,13.93,3.18,1.81,1.18,0.44,34.54,67.98,21.28,4.86,2.77,1.0116,2.7899,1.7526,1394.9,194.9,1114.4,863.0,13.64,1.316,71.2,7.28,8.18,8.43,3588.6,3.11,0.438,34.65,57.77,72.01
BATCH_0898,42.33,13.45,2.97,2.09,1.43,0.59,36.11,66.26,21.05,4.65,3.27,0.9943,2.6565,1.4203,1352.9,179.5,1084.2,957.9,13.03,1.422,65.44,10.97,6.78,9.96,3686.3,2.52,0.516,32.94,54.18,72.39
BATCH_0899,41.77,14.1,3.61,1.94,1.32,0.39,36.03,65.3,22.04,5.65,3.03,0.9268,2.5391,1.863,1426.7,171.7,1102.9,940.5,9.48,0.367,52.81,23.35,9.84,9.23,3504.4,2.29,0.497,31.63,53.68,73.45
BATCH_0900,42.75,13.99,3.53,2.24,1.58,0.51,34.61,65.37,21.39,5.4,3.42,0.953,2.4241,1.581,1429.9,177.6,1061.4,904.4,11.71,0.725,57.21,18.16,8.54,10.4,3686.7,3.01,0.445,35.01,54.87,72.6
BATCH_0901,41.92,13.75,3.26,1.91,1.44,0.33,35.7,65.2,21.38,5.06,2.97,0.9605,2.6608,1.703,1404.4,199.0,1082.8,905.6,12.7,1.249,58.11,17.47,8.39,9.05,3589.2,2.63,0.497,32.02,54.17,70.43
BATCH_0902,43.99,14.14,3.79,2.2,1.0,0.48,34.74,67.41,21.67,5.8,3.37,0.9651,2.3632,1.7232,1364.3,186.8,1014.3,901.3,11.95,1.043,59.52,17.24,9.68,10.25,3512.8,3.11,0.459,33.69,53.38,72.93
BATCH_0903,44.5,14.75,3.16,1.8,1.36,0.42,34.78,68.23,22.61,4.85,2.77,0.962,2.9707,1.752,1397.8,215.3,1191.3,850.0,10.77,1.207,62.65,17.56,8.16,8.42,3332.0,2.85,0.48,31.76,55.35,75.61
BATCH_0904,42.66,13.88,3.52,2.53,1.55,0.43,34.87,65.5,21.32,5.4,3.88,0.9537,2.2978,1.3919,1408.1,182.7,1168.0,918.2,11.17,0.513,58.89,16.69,7.74,11.8,3728.3,2.87,0.461,34.72,54.96,74.3
BATCH_0905,42.38,13.77,3.33,2.03,1.79,0.5,34.53,64.73,21.03,5.08,3.09,0.9662,2.5728,1.6414,1435.8,173.5,1103.5,964.1,13.88,0.891,59.3,15.56,8.23,9.42,3524.1,2.64,0.437,33.76,52.6,73.46
BATCH_0906,43.23,13.84,3.27,1.98,1.16,0.46,36.47,68.04,21.78,5.15,3.12,0.9833,2.6338,1.6519,1410.4,182.6,1085.9,919.8,11.83,0.743,67.29,11.68,8.37,9.49,3718.4,2.62,0.485,35.63,55.91,72.75
BATCH_0907,44.67,14.41,2.6,2.25,1.7,0.38,35.45,69.21,22.32,4.02,3.48,0.9945,2.9754,1.1551,1425.2,175.2,1126.0,961.3,10.71,0.566,76.11,6.58,4.77,10.59,3625.4,2.89,0.492,35.51,56.27,77.63
BATCH_0908,44.07,13.83,3.47,2.02,1.35,0.47,35.26,68.06,21.35,5.36,3.12,0.9972,2.516,1.7165,1445.6,192.0,1085.2,944.6,14.16,0.986,68.21,9.77,8.93,9.51,3471.6,3.2,0.46,35.78,56.11,70.55
BATCH_0909,45.69,14.56,2.9,2.0,1.3,0.54,35.4,70.73,22.54,4.49,3.09,1.0029,2.9723,1.4533,1497.9,181.3,1113.2,940.8,12.48,0.508,77.55,6.13,6.68,9.41,3612.0,2.94,0.42,38.27,59.56,81.53
BATCH_0910,44.17,12.5,3.05,1.75,1.34,0.35,34.71,67.65,19.15,4.67,2.68,1.1096,2.6061,1.7451,1422.8,170.9,1062.4,944.8,13.18,1.292,87.84,5.0,7.85,8.15,3555.8,2.63,0.476,40.08,58.88,81.3
BATCH_0911,42.76,14.63,2.53,2.08,1.35,0.4,35.69,66.5,22.76,3.93,3.24,0.9427,3.1726,1.2148,1432.5,180.2,1033.0,923.9,12.47,0.645,62.33,18.22,4.95,9.85,4121.5,3.2,0.535,32.93,58.06,73.28
BATCH_0912,43.86,13.49,3.23,2.28,1.26,0.57,34.74,67.21,20.68,4.94,3.5,1.0167,2.4496,1.4138,1371.5,209.1,1150.1,916.4,11.9,1.423,69.98,6.49,7.18,10.64,3566.1,2.79,0.518,35.34,53.45,68.15
BATCH_0913,42.68,14.49,3.15,2.03,1.45,0.2,36.5,67.22,22.82,4.96,3.2,0.9343,2.7976,1.5522,1462.5,191.8,1060.3,874.8,10.99,0.3,60.15,20.06,7.74,9.73,3175.8,2.37,0.401,33.29,56.76,79.44
BATCH_0914,43.67,14.04,3.74,1.93,1.41,0.33,35.09,67.28,21.63,5.76,2.97,0.9691,2.4771,1.9381,1366.0,193.3,1123.2,931.3,13.14,1.218,60.1,16.68,10.24,9.05,3348.6,2.81,0.515,33.14,53.3,69.49
BATCH_0915,43.2,13.97,3.18,1.9,1.47,0.28,35.54,67.03,21.67,4.93,2.94,0.9786,2.7529,1.675,1409.1,208.7,1096.4,883.1,12.86,1.142,65.02,13.07,8.08,8.95,3627.2,2.45,0.503,33.14,52.8,72.72
BATCH_0916,44.38,14.41,3.13,2.15,1.65,0.48,35.37,68.66,22.29,4.84,3.33,0.9755,2.727,1.4515,1368.8,183.7,1091.6,964.5,14.05,1.499,64.6,15.17,7.18,10.15,3320.5,2.56,0.513,29.9,49.68,70.69
BATCH_0917,43.32,13.63,3.7,2.01,1.42,0.42,36.14,67.82,21.34,5.79,3.15,0.9866,2.3863,1.8376,1379.4,177.1,1091.2,975.1,12.79,1.051,64.39,12.6,10.01,9.59,3563.7,2.78,0.479,35.33,56.8,71.16
BATCH_0918,42.55,14.2,2.93,2.1,1.53,0.45,36.27,66.77,22.28,4.6,3.29,0.9534,2.8225,1.4002,1396.4,198.0,1104.3,949.7,14.79,1.436,59.07,19.3,6.64,10.01,3880.0,2.86,0.504,31.36,51.64,72.95
BATCH_0919,44.25,14.44,2.75,2.02,1.63,0.45,36.33,69.49,22.67,4.31,3.17,0.9827,3.0303,1.3615,1418.3,187.6,1044.8,951.5,13.06,1.0,70.99,11.44,6.07,9.64,3555.3,2.87,0.472,34.12,59.42,72.57
BATCH_0920,43.61,13.67,3.14,2.25,1.75,0.34,35.71,67.83,21.26,4.89,3.5,1.0025,2.5343,1.3949,1380.9,203.2,1010.6,879.7,12.13,1.123,70.65,7.64,7.02,10.66,3878.0,3.06,0.463,37.55,59.7,75.35
BATCH_0921,45.16,13.57,3.24,2.27,1.52,0.57,35.76,70.3,21.12,5.05,3.54,1.0417,2.4594,1.4263,1416.2,174.0,1168.8,932.1,13.31,1.062,79.87,5.0,7.39,10.77,3831.8,2.54,0.466,35.42,59.7,80.54
BATCH_0922,45.6,14.92,3.24,1.98,1.42,0.42,34.69,69.82,22.85,4.96,3.03,0.971,2.8613,1.6365,1376.5,181.2,1166.1,848.0,13.74,1.398,65.38,16.2,8.01,9.22,3459.9,3.31,0.459,33.72,55.08,73.83
BATCH_0923,43.03,12.86,3.25,2.26,1.26,0.31,36.28,67.54,20.18,5.1,3.54,1.0401,2.3351,1.4388,1415.2,191.8,1046.2,1013.4,10.55,0.945,77.0,5.0,7.52,10.78,3883.5,3.09,0.506,36.39,57.78,74.48
BATCH_0924,42.86,14.29,2.8,1.67,1.31,0.49,36.22,67.2,22.4,4.38,2.62,0.9644,3.1974,1.6731,1428.9,192.9,999.2,932.6,13.48,0.749,64.88,15.27,7.19,7.97,3815.5,2.77,0.572,29.46,55.68,70.77
BATCH_0925,43.79,13.55,3.67,2.43,1.7,0.48,35.35,67.74,20.96,5.68,3.77,0.997,2.218,1.5092,1410.3,183.5,1079.2,928.9,11.61,0.899,67.18,9.4,8.69,11.46,4135.9,2.89,0.467,35.6,58.35,77.97
BATCH_0926,42.93,14.2,3.16,2.12,0.9,0.4,36.11,67.18,22.22,4.95,3.31,0.9557,2.6901,1.4928,1356.0,161.7,1033.2,878.3,11.68,0.832,61.5,17.3,7.5,10.08,3766.1,2.87,0.423,34.81,58.16,76.88
BATCH_0927,42.01,13.23,3.61,2.2,1.83,0.33,36.44,66.1,20.81,5.68,3.46,0.9815,2.2761,1.6406,1472.8,169.1,1074.9,1028.9,11.25,0.565,64.03,11.37,9.2,10.54,3592.0,2.48,0.437,35.74,55.37,74.69
BATCH_0928,43.1,12.63,3.39,2.34,1.32,0.39,35.57,66.9,19.6,5.25,3.64,1.0526,2.2043,1.4439,1414.3,182.7,1098.1,950.7,14.35,1.167,76.4,5.0,7.77,11.07,3522.7,3.07,0.437,34.92,59.09,77.49
BATCH_0929,42.69,13.41,2.94,1.95,1.24,0.43,35.0,65.68,20.62,4.52,3.0,1.0086,2.7425,1.5092,1474.3,159.0,1082.9,913.4,13.2,0.608,71.6,5.11,6.91,9.12,3560.2,2.61,0.497,33.06,52.32,77.2
BATCH_0930,43.57,13.43,3.45,1.93,1.43,0.35,35.13,67.17,20.7,5.33,2.97,1.0132,2.4956,1.7932,1462.7,169.9,1082.4,957.8,10.96,0.484,72.56,5.0,9.09,9.04,3144.4,2.47,0.491,33.96,54.42,72.58
BATCH_0931,43.54,13.68,3.48,2.24,1.43,0.32,36.13,68.17,21.42,5.46,3.51,0.9908,2.3901,1.5563,1429.6,183.6,1106.0,901.0,11.52,0.831,68.25,9.93,8.53,10.67,3385.6,2.72,0.498,34.39,52.97,72.5
BATCH_0932,43.61,14.89,3.53,2.2,1.19,0.38,34.53,66.61,22.75,5.39,3.37,0.9207,2.5989,1.5993,1422.5,190.4,1131.9,926.8,12.68,0.932,51.83,26.12,8.57,10.25,3385.4,3.31,0.419,32.85,54.39,76.59
BATCH_0933,43.51,14.02,3.41,2.19,1.22,0.37,36.15,68.14,21.95,5.35,3.43,0.9719,2.5012,1.5594,1419.8,198.5,1124.2,893.7,11.12,0.996,64.02,14.63,8.37,10.43,3481.3,3.03,0.478,34.93,53.75,75.68
BATCH_0934,43.24,13.88,3.79,1.89,1.41,0.29,35.19,66.72,21.42,5.85,2.92,0.9683,2.443,2.0033,1402.8,205.3,1043.2,943.5,13.09,1.21,59.11,16.83,10.56,8.89,3729.9,2.45,0.53,34.36,53.12,74.82
BATCH_0935,42.91,13.07,3.11,2.28,1.23,0.17,34.53,65.54,19.97,4.75,3.49,1.0261,2.4239,1.3636,1376.1,192.3,1014.1,901.1,11.92,1.374,71.82,5.0,6.7,10.61,3658.7,2.92,0.476,33.6,56.71,69.29
BATCH_0936,43.32,13.93,3.08,2.5,1.24,0.42,36.06,67.75,21.78,4.82,3.91,0.9773,2.4951,1.2337,1424.0,195.1,1155.2,918.7,12.94,1.051,66.1,12.59,6.16,11.89,3032.0,2.32,0.462,30.85,51.11,72.29
BATCH_0937,40.01,14.67,3.19,1.85,1.58,0.38,36.38,62.89,23.05,5.02,2.91,0.8679,2.909,1.7278,1383.8,185.5,1102.6,895.5,11.35,0.746,38.2,37.28,8.39,8.84,3783.9,2.43,0.456,28.06,54.46,74.05
BATCH_0938,43.37,14.36,3.39,2.65,1.26,0.43,34.66,66.38,21.98,5.18,4.05,0.9428,2.3801,1.2785,1474.2,202.3,1002.5,919.9,14.73,1.238,55.64,21.05,6.88,12.34,3775.9,2.69,0.45,34.2,55.4,72.44
BATCH_0939,42.61,13.48,2.95,2.3,1.03,0.27,36.31,66.9,21.17,4.63,3.6,0.9962,2.5713,1.2841,1434.7,188.1,1020.8,945.1,12.77,0.992,70.01,7.87,6.17,10.97,3618.1,2.93,0.494,34.52,55.36,72.37
BATCH_0940,44.31,13.0,3.66,2.17,1.46,0.5,34.54,67.69,19.86,5.59,3.32,1.05,2.2283,1.6843,1400.2,194.3,1081.2,861.0,11.0,1.3,74.88,5.0,9.2,10.1,3363.6,3.28,0.516,36.39,55.1,71.63
BATCH_0941,43.45,14.19,3.41,2.02,1.31,0.56,36.09,67.99,22.21,5.34,3.16,0.9626,2.6131,1.6877,1444.7,186.1,1059.9,848.5,12.06,0.602,62.75,16.32,8.79,9.62,3522.4,3.06,0.526,33.89,53.22,73.1
BATCH_0942,41.33,13.32,3.51,2.09,1.63,0.34,35.11,63.69,20.53,5.42,3.22,0.9638,2.3778,1.6824,1444.7,169.2,1051.7,915.7,11.5,0.3,59.55,13.94,8.9,9.8,3554.4,2.83,0.518,33.59,55.01,71.86
BATCH_0943,43.78,13.88,3.66,2.4,1.23,0.52,34.86,67.2,21.3,5.61,3.69,0.977,2.2892,1.5217,1437.7,183.7,1088.4,860.7,12.92,0.849,62.95,13.58,8.64,11.23,4098.7,2.6,0.432,35.12,61.3,77.22
BATCH_0944,43.73,14.25,3.21,2.07,1.09,0.17,35.5,67.8,22.1,4.98,3.21,0.9695,2.698,1.5522,1426.9,199.7,1117.2,944.9,14.88,1.21,64.34,14.81,7.77,9.76,3569.3,2.55,0.541,32.06,51.24,68.13
BATCH_0945,42.97,14.94,3.96,2.2,1.35,0.42,35.17,66.29,23.04,6.11,3.39,0.8951,2.4248,1.803,1431.7,202.0,1039.1,967.8,10.36,0.626,44.46,32.52,10.46,10.32,3599.4,2.92,0.48,29.78,53.05,70.57
BATCH_0946,43.85,14.7,3.47,1.96,1.47,0.41,34.58,67.03,22.46,5.31,2.99,0.9413,2.7072,1.7757,1373.4,186.0,1192.8,921.3,10.11,0.877,56.89,21.48,9.01,9.1,3296.6,3.06,0.496,30.36,52.08,70.82
BATCH_0947,45.22,13.84,3.56,1.88,1.36,0.46,34.64,69.18,21.18,5.45,2.88,1.0217,2.5434,1.8943,1471.5,171.0,1079.9,888.3,12.32,0.415,76.27,5.0,9.58,8.76,3240.8,2.88,0.5,35.27,56.21,73.8
BATCH_0948,44.25,13.83,3.1,2.14,1.27,0.3,35.44,68.55,21.43,4.8,3.31,1.0095,2.6429,1.4475,1416.0,164.8,1100.5,934.2,13.78,1.086,73.52,5.97,7.1,10.08,3498.6,2.95,0.495,35.17,54.86,70.87
BATCH_0949,42.56,14.36,2.6,2.37,0.96,0.38,36.44,66.95,22.59,4.08,3.73,0.9489,2.8914,1.0954,1452.9,162.2,1121.2,932.6,12.99,0.359,64.97,15.74,4.51,11.34,3483.7,2.33,0.477,33.81,54.71,74.09
BATCH_0950,43.53,13.97,3.33,2.16,1.55,0.38,35.45,67.43,21.64,5.16,3.34,0.978,2.5446,1.5463,1427.1,174.0,1070.8,973.5,9.43,0.626,66.37,11.96,8.03,10.16,3444.9,2.57,0.488,32.08,54.01,71.59
BATCH_0951,44.45,12.74,3.58,2.56,1.65,0.3,34.69,68.06,19.51,5.49,3.92,1.0675,2.0748,1.4,1403.0,195.5,1087.6,899.8,12.35,1.205,80.12,5.0,7.91,11.92,3567.4,2.44,0.502,35.87,58.32,74.84
BATCH_0952,42.59,13.97,3.52,2.42,0.89,0.32,34.84,65.36,21.45,5.41,3.71,0.9479,2.3516,1.4577,1409.4,186.9,1017.5,880.7,12.7,0.906,56.37,18.96,8.06,11.29,3694.4,2.93,0.49,31.71,53.41,73.12
BATCH_0953,43.22,13.64,2.71,1.67,1.55,0.38,34.51,66.0,20.83,4.14,2.55,1.0163,3.1124,1.6255,1453.6,174.3,1099.9,957.2,14.83,0.845,73.83,5.0,6.67,7.76,3350.0,3.16,0.471,34.51,55.3,71.87
BATCH_0954,43.59,13.88,3.35,2.14,1.54,0.49,35.02,67.09,21.36,5.15,3.3,0.9846,2.5279,1.5622,1359.0,167.2,1088.4,919.1,11.49,1.157,64.6,12.51,8.07,10.04,4095.0,2.86,0.483,36.02,53.99,75.18
BATCH_0955,42.98,14.64,2.46,1.72,1.32,0.61,35.11,66.24,22.57,3.79,2.65,0.9537,3.503,1.4314,1420.9,162.6,1141.1,986.5,11.54,0.576,63.86,16.52,5.57,8.06,3639.2,2.97,0.466,34.11,57.43,77.01
BATCH_0956,44.6,13.11,3.27,2.01,1.26,0.43,35.29,68.93,20.26,5.06,3.11,1.0632,2.4792,1.6262,1459.9,186.8,1084.0,940.6,11.96,0.961,82.37,5.0,8.15,9.47,3949.1,2.18,0.504,37.42,63.19,78.23
BATCH_0957,42.7,13.55,2.96,2.52,1.3,0.3,35.8,66.51,21.1,4.6,3.93,0.9901,2.4725,1.1715,1397.4,175.1,1177.8,931.1,14.35,1.158,67.74,9.4,5.55,11.96,3554.9,2.49,0.528,32.91,54.06,71.28
BATCH_0958,43.45,13.45,3.53,2.33,1.62,0.4,35.8,67.69,20.95,5.5,3.62,1.001,2.2972,1.5166,1394.9,182.9,1147.1,961.0,11.86,1.09,67.98,8.79,8.43,11.03,3272.8,3.1,0.457,34.93,53.01,73.9
BATCH_0959,42.44,13.98,3.37,2.14,1.29,0.51,34.52,64.81,21.34,5.15,3.27,0.9521,2.5331,1.574,1424.9,182.9,1092.1,891.1,14.19,0.797,56.87,18.29,8.11,9.96,4024.4,2.55,0.49,33.06,54.91,75.17
BATCH_0960,43.03,13.55,3.0,1.73,1.4,0.27,35.95,67.18,21.16,4.68,2.7,1.0084,2.8652,1.7316,1418.8,211.7,1074.5,927.8,13.86,1.414,70.39,7.56,7.83,8.23,3673.1,2.69,0.473,33.74,57.14,70.15
BATCH_0961,41.97,14.65,3.31,2.29,1.27,0.29,35.1,64.68,22.57,5.1,3.53,0.9032,2.6161,1.4428,1407.8,196.0,1205.8,940.3,10.53,0.649,48.58,28.06,7.53,10.75,3227.9,2.76,0.472,28.11,49.54,68.91
BATCH_0962,44.42,14.05,3.34,2.33,1.32,0.27,36.42,69.87,22.11,5.25,3.67,0.99,2.4786,1.4305,1462.2,182.0,1107.0,894.7,11.57,0.7,71.86,9.17,7.7,11.17,3846.2,3.04,0.504,36.84,58.03,75.53
BATCH_0963,43.08,13.43,3.14,2.13,1.34,0.32,35.0,66.28,20.66,4.83,3.28,1.0074,2.546,1.4722,1433.8,188.4,1107.3,855.3,11.62,0.74,71.19,5.53,7.25,9.99,4032.8,2.84,0.472,36.49,58.19,77.49
BATCH_0964,43.21,13.95,3.48,1.96,1.3,0.33,36.38,67.92,21.93,5.47,3.09,0.9708,2.5631,1.7702,1408.4,201.4,1128.6,874.8,11.6,1.086,62.79,15.5,9.26,9.4,3373.4,2.58,0.52,30.93,54.18,72.49
BATCH_0965,42.85,13.5,2.99,2.01,1.25,0.38,34.51,65.43,20.61,4.57,3.07,1.0037,2.6997,1.4879,1447.5,190.3,1058.1,926.1,13.47,0.798,69.73,6.5,6.91,9.34,3635.4,3.16,0.473,32.67,52.18,73.97
BATCH_0966,42.44,14.28,3.71,2.26,1.33,0.31,36.36,66.68,22.44,5.83,3.54,0.9244,2.3929,1.6465,1425.1,193.1,1080.6,908.4,16.73,1.321,49.9,26.69,9.47,10.78,3887.5,2.36,0.459,31.23,52.75,77.09
BATCH_0967,43.2,14.76,3.21,2.46,1.69,0.45,35.3,66.76,22.81,4.96,3.8,0.9236,2.603,1.3076,1475.1,201.9,1158.9,844.6,12.14,0.476,55.75,23.33,6.73,11.55,3892.8,2.71,0.533,31.11,53.83,72.75
BATCH_0968,44.77,13.46,2.62,1.66,1.16,0.48,36.3,70.29,21.13,4.12,2.61,1.0682,3.1385,1.5777,1397.8,186.9,1182.3,876.0,13.22,1.471,86.01,5.0,6.5,7.95,3384.8,3.21,0.471,37.15,63.15,79.22
BATCH_0969,44.31,14.2,2.87,2.0,1.26,0.37,35.92,69.15,22.15,4.48,3.13,0.9959,2.9113,1.433,1457.0,157.9,1070.8,904.2,10.53,0.329,75.58,6.5,6.58,9.52,3514.5,3.13,0.472,37.44,58.81,72.33
BATCH_0970,43.39,14.43,3.06,1.83,1.41,0.43,36.29,68.1,22.64,4.8,2.86,0.9589,2.9553,1.6748,1410.8,202.1,975.7,964.8,13.69,1.22,61.92,18.21,7.87,8.72,2766.0,3.19,0.449,29.64,51.83,71.31
BATCH_0971,44.02,14.21,3.25,2.22,1.66,0.46,36.1,68.89,22.23,5.09,3.47,0.9757,2.5968,1.4644,1452.5,166.8,1129.1,939.6,14.19,0.468,68.4,12.14,7.6,10.57,3868.4,2.54,0.55,33.34,54.23,73.33
BATCH_0972,43.38,13.38,3.18,1.95,1.26,0.45,34.86,66.58,20.54,4.88,3.0,1.0193,2.6081,1.6278,1388.4,168.5,1031.4,899.8,14.47,1.079,71.53,5.0,7.86,9.12,3417.1,2.86,0.469,37.61,55.07,72.78
BATCH_0973,42.41,14.24,3.19,2.29,1.23,0.44,35.95,66.22,22.23,4.99,3.57,0.9388,2.5981,1.3975,1439.1,156.9,1099.8,839.4,14.7,0.353,58.64,19.49,7.18,10.86,3552.8,2.8,0.451,35.24,54.79,75.0
BATCH_0974,42.71,13.75,2.82,2.17,0.94,0.4,34.94,65.64,21.14,4.34,3.34,0.9862,2.7538,1.2997,1399.0,195.2,1187.8,906.8,14.59,1.266,65.77,10.98,5.85,10.16,3358.5,3.32,0.496,31.27,53.19,70.13
BATCH_0975,44.01,13.78,2.97,2.08,1.33,0.45,34.86,67.55,21.15,4.56,3.19,1.0118,2.7291,1.427,1416.6,165.1,1128.3,890.4,12.03,0.714,74.2,5.0,6.67,9.72,3659.3,2.39,0.481,37.54,57.49,73.69
BATCH_0976,43.73,13.35,3.51,2.56,1.24,0.28,36.1,68.44,20.89,5.49,4.01,1.0111,2.1986,1.3683,1426.1,193.1,1095.4,877.9,12.34,1.119,71.42,6.0,7.76,12.21,3498.2,2.98,0.515,34.22,54.13,72.23
BATCH_0977,42.76,13.64,2.92,1.87,1.41,0.41,35.78,66.58,21.24,4.54,2.91,0.9966,2.8527,1.5621,1427.8,179.5,1095.8,871.9,11.77,0.815,69.84,8.21,7.11,8.84,3465.3,2.89,0.476,34.34,55.9,74.07
BATCH_0978,41.6,14.09,2.81,2.45,1.49,0.32,35.81,64.81,21.94,4.37,3.82,0.9369,2.6781,1.1453,1411.6,175.7,1126.3,961.7,10.78,0.865,57.28,19.7,5.13,11.62,4001.4,2.54,0.482,33.8,56.45,73.72
BATCH_0979,42.59,13.81,3.47,2.13,1.53,0.47,35.59,66.11,21.44,5.38,3.31,0.9631,2.4662,1.6255,1405.1,164.7,1062.6,876.6,9.72,0.671,60.51,15.82,8.66,10.08,3128.5,3.36,0.464,31.6,51.0,72.03
BATCH_0980,43.25,13.65,3.37,1.93,1.43,0.28,34.53,66.06,20.85,5.15,2.94,0.9937,2.576,1.7519,1422.9,178.1,1059.8,926.6,12.74,1.05,66.14,9.88,8.68,8.95,3198.6,2.78,0.457,34.41,55.17,72.23
BATCH_0981,42.6,12.87,3.12,1.57,1.36,0.28,36.07,66.63,20.14,4.88,2.46,1.0436,2.7424,1.9826,1529.0,195.9,1103.6,973.3,13.56,0.467,78.75,5.0,8.77,7.49,3443.6,3.11,0.451,39.29,61.52,77.99
BATCH_0982,44.75,14.18,4.05,2.01,1.26,0.39,36.32,70.27,22.27,6.37,3.15,0.9752,2.3403,2.0205,1468.2,174.5,1106.2,923.9,12.56,0.395,66.17,13.94,11.54,9.59,3565.7,2.75,0.48,37.5,60.75,74.71
BATCH_0983,42.78,13.69,3.26,2.11,1.43,0.41,34.77,65.58,20.98,5.0,3.24,0.9809,2.5478,1.5428,1441.9,219.6,1161.5,905.5,14.32,1.104,63.0,12.63,7.76,9.86,3458.4,3.01,0.5,32.55,51.76,69.0
BATCH_0984,42.51,14.67,3.1,2.2,1.82,0.33,34.63,65.03,22.44,4.75,3.37,0.9197,2.7657,1.4102,1422.4,195.8,1147.6,906.9,11.72,0.767,52.95,24.39,6.88,10.24,3962.0,2.72,0.482,30.82,55.62,74.95
BATCH_0985,42.79,12.78,3.6,1.94,1.65,0.47,35.07,65.9,19.68,5.54,2.99,1.0348,2.3079,1.8528,1430.1,179.4,1135.1,882.8,14.5,1.138,70.56,5.0,9.62,9.09,3973.8,2.76,0.484,37.24,58.25,77.48
BATCH_0986,43.09,13.53,2.76,2.1,1.41,0.27,35.23,66.52,20.9,4.25,3.24,1.0122,2.7881,1.3127,1368.4,187.3,1143.6,927.6,14.23,1.459,71.67,5.84,5.79,9.86,3586.4,2.52,0.433,37.18,57.89,71.55
BATCH_0987,42.51,13.34,3.47,2.17,1.17,0.54,34.5,64.9,20.37,5.3,3.31,0.99,2.3654,1.6012,1486.3,154.4,1158.9,913.2,11.09,0.3,65.44,9.04,8.45,10.08,3486.8,2.64,0.484,37.09,54.39,69.89
BATCH_0988,43.88,13.68,3.59,1.86,1.38,0.44,35.25,67.77,21.12,5.54,2.87,1.0017,2.512,1.9288,1379.0,195.5,1125.5,855.6,12.44,1.371,66.52,10.37,9.82,8.74,3452.5,2.36,0.488,36.27,53.61,73.99
BATCH_0989,43.19,13.27,3.32,1.69,1.19,0.53,35.74,67.21,20.65,5.17,2.63,1.0224,2.6512,1.9675,1420.3,168.8,1097.7,917.5,13.34,0.626,73.29,5.0,9.25,7.99,3340.8,2.51,0.499,35.71,58.12,74.0
BATCH_0990,42.45,13.97,3.45,2.08,1.36,0.26,35.36,65.67,21.61,5.34,3.22,0.9514,2.5221,1.6572,1467.5,177.5,1126.9,946.9,11.56,0.341,60.04,16.67,8.71,9.81,3933.6,2.46,0.544,32.25,52.97,73.08
BATCH_0991,43.76,13.84,3.23,2.09,1.08,0.43,35.42,67.77,21.43,5.01,3.24,0.9949,2.5974,1.5444,1407.4,175.4,1080.1,918.4,12.89,0.952,69.0,9.38,7.78,9.87,3888.7,3.03,0.478,34.57,58.23,74.83
BATCH_0992,45.29,13.15,3.59,2.11,1.28,0.27,34.86,69.52,20.19,5.5,3.24,1.0658,2.3081,1.6986,1424.9,201.8,1080.5,916.8,14.02,1.484,80.79,5.0,9.1,9.86,3206.9,2.83,0.525,35.29,51.88,73.19
BATCH_0993,44.17,13.76,2.86,1.96,1.26,0.4,35.07,68.03,21.19,4.41,3.02,1.0215,2.8514,1.4581,1390.8,201.3,1110.4,864.2,14.8,1.547,73.91,5.01,6.57,9.2,3726.5,2.89,0.493,34.4,56.08,72.43
BATCH_0994,43.34,13.79,4.08,1.97,1.26,0.47,35.06,66.75,21.23,6.29,3.03,0.9678,2.2799,2.0753,1399.2,175.6,1045.7,939.7,13.26,0.904,58.05,17.08,11.53,9.22,3778.7,2.24,0.459,34.39,54.5,71.42
BATCH_0995,42.26,12.89,3.41,2.25,1.32,0.53,36.29,66.33,20.23,5.35,3.53,1.0149,2.2766,1.5136,1421.3,199.9,1052.1,876.8,11.73,1.03,68.72,6.15,8.2,10.76,3887.8,2.89,0.457,36.33,56.52,73.15
BATCH_0996,42.86,13.7,2.96,1.92,1.56,0.29,34.59,65.53,20.95,4.53,2.94,0.9928,2.8031,1.5415,1408.8,195.2,1082.4,953.1,11.61,0.88,68.05,8.72,7.04,8.95,3201.3,3.19,0.446,34.6,53.19,74.72
BATCH_0997,44.87,14.14,3.39,2.0,1.21,0.48,35.41,69.47,21.9,5.25,3.1,0.9976,2.6235,1.6938,1377.9,177.5,1037.5,925.0,9.62,0.68,71.8,8.63,8.67,9.43,3385.0,2.98,0.464,37.16,59.61,74.6
BATCH_0998,42.38,12.87,3.44,1.77,1.64,0.31,35.75,65.96,20.04,5.36,2.76,1.0254,2.47,1.9432,1381.4,183.7,1048.1,891.7,13.03,0.94,71.11,5.0,9.53,8.39,4010.6,2.81,0.441,37.32,61.1,78.27
BATCH_0999,43.66,14.0,3.35,2.22,1.63,0.48,35.26,67.43,21.62,5.18,3.43,0.9776,2.5108,1.5092,1418.2,185.3,1096.6,890.2,12.42,0.881,64.84,13.06,7.92,10.44,3175.5,3.03,0.508,32.21,53.76,69.48
BATCH_1000,43.5,14.0,2.85,1.89,1.59,0.34,34.66,66.57,21.43,4.36,2.89,0.9918,2.9562,1.5048,1402.7,194.5,1047.5,930.8,12.56,1.139,68.59,9.7,6.64,8.81,3470.4,2.63,0.448,34.77,54.7,75.59
BATCH_1001,42.44,13.7,2.97,1.82,1.48,0.45,34.77,65.07,21.01,4.56,2.8,0.9841,2.856,1.6312,1479.5,173.5,1005.5,952.6,13.89,0.722,65.69,10.68,7.35,8.51,3967.8,3.25,0.451,37.85,57.37,77.89
BATCH_1002,41.7,14.61,3.12,2.36,1.15,0.51,34.75,63.91,22.38,4.77,3.61,0.9033,2.6685,1.3209,1402.7,160.7,1181.4,964.3,12.82,0.662,47.91,28.04,6.54,11.0,3709.9,2.86,0.456,29.2,56.14,78.63
BATCH_1003,42.1,13.32,3.25,1.84,1.1,0.43,35.65,65.43,20.69,5.06,2.86,0.9933,2.6136,1.7673,1455.2,193.7,1097.0,909.0,12.58,0.972,65.17,10.16,8.56,8.71,3285.8,2.57,0.469,32.88,53.71,70.97
BATCH_1004,43.17,13.75,2.64,2.4,1.2,0.3,36.06,67.52,21.51,4.12,3.76,0.9986,2.7276,1.097,1408.5,178.4,1172.9,930.8,13.35,1.069,72.62,6.88,4.57,11.44,3657.9,2.89,0.422,35.49,59.58,83.68
BATCH_1005,43.68,13.16,3.86,1.94,1.32,0.25,35.72,67.95,20.47,6.0,3.02,1.022,2.2686,1.9879,1432.8,175.8,1022.8,917.3,12.64,0.838,71.88,5.0,10.8,9.19,3144.8,2.89,0.442,37.5,55.81,74.94
BATCH_1006,44.19,14.0,3.14,1.98,1.56,0.53,36.48,69.56,22.04,4.94,3.12,0.9984,2.735,1.5828,1401.4,163.0,1134.7,862.1,10.54,0.533,73.5,7.74,7.81,9.49,3496.1,2.4,0.422,36.37,60.76,76.12
BATCH_1007,42.59,13.77,3.79,1.86,1.02,0.35,35.87,66.41,21.47,5.91,2.9,0.9611,2.4365,2.0365,1417.1,168.0,1148.8,928.4,11.59,0.531,59.61,16.59,10.75,8.83,3413.4,3.05,0.466,32.35,56.74,72.96
BATCH_1008,43.98,12.37,3.13,1.88,1.43,0.36,35.74,68.44,19.25,4.87,2.92,1.1104,2.4712,1.6634,1440.7,179.7,1005.2,881.3,12.51,1.152,89.18,5.0,7.94,8.9,3248.6,2.34,0.482,37.21,58.92,78.87
BATCH_1009,43.28,12.62,3.22,2.23,1.43,0.36,34.82,66.4,19.36,4.94,3.42,1.065,2.3159,1.4436,1421.4,178.9,1137.9,970.2,11.88,1.085,79.15,5.0,7.3,10.41,3433.1,2.93,0.494,36.04,58.29,74.91
BATCH_1010,42.55,13.78,3.0,2.14,1.29,0.33,34.68,65.13,21.09,4.59,3.28,0.9766,2.6812,1.3991,1396.2,187.5,1095.2,902.9,12.89,1.025,63.76,12.37,6.61,9.98,3881.6,2.51,0.474,32.08,54.93,70.81
BATCH_1011,43.29,14.76,3.16,2.15,1.52,0.26,36.04,67.68,23.08,4.94,3.36,0.9305,2.7805,1.4672,1403.0,181.9,1020.2,974.8,13.63,1.023,56.81,23.31,7.39,10.24,3930.0,3.02,0.473,30.41,54.78,74.79
BATCH_1012,43.32,14.12,3.5,1.82,1.66,0.57,35.62,67.28,21.94,5.43,2.83,0.9642,2.6571,1.9203,1434.4,164.4,1083.6,918.1,12.91,0.591,61.72,16.33,9.6,8.6,3670.3,2.77,0.488,33.56,55.48,73.38
BATCH_1013,44.46,14.08,3.62,2.44,1.38,0.49,35.64,69.08,21.88,5.62,3.79,0.9801,2.3243,1.4809,1399.8,173.0,1178.6,890.4,12.79,0.787,66.38,12.66,8.47,11.55,3436.1,2.65,0.523,33.53,55.25,68.18
BATCH_1014,43.03,14.1,2.94,2.12,1.43,0.42,34.7,65.89,21.6,4.51,3.24,0.9691,2.7867,1.3896,1422.8,185.2,1209.6,1022.5,11.54,0.424,65.61,12.42,6.46,9.87,3748.9,2.86,0.512,34.06,55.45,75.62
BATCH_1015,42.49,15.03,3.14,1.96,1.57,0.45,35.19,65.56,23.19,4.84,3.02,0.9017,2.9493,1.6026,1451.4,208.7,1070.7,988.8,15.32,0.928,48.04,30.25,7.72,9.19,3432.1,2.81,0.474,30.49,50.58,72.66
BATCH_1016,43.27,13.33,3.51,2.13,1.21,0.48,35.62,67.22,20.71,5.46,3.31,1.008,2.3623,1.6502,1426.3,194.3,1042.6,934.8,13.66,1.072,68.35,7.81,8.87,10.07,3285.2,2.79,0.517,34.2,52.13,66.76
BATCH_1017,42.8,13.06,3.29,2.08,1.27,0.61,34.84,65.69,20.04,5.05,3.18,1.0226,2.4322,1.5868,1334.9,167.0,1071.2,865.7,15.89,1.973,65.93,7.71,8.0,9.69,3428.9,3.18,0.498,33.39,50.96,68.08
BATCH_1018,43.63,14.46,3.0,2.15,1.02,0.47,36.3,68.49,22.7,4.72,3.37,0.9589,2.8063,1.3985,1488.4,161.3,1095.4,955.2,12.55,0.3,66.44,14.97,6.79,10.26,3502.3,2.67,0.477,34.33,55.01,75.76
BATCH_1019,42.96,14.78,3.05,1.96,1.28,0.38,35.37,66.46,22.86,4.72,3.04,0.9276,2.9475,1.5528,1482.7,201.1,1092.8,894.3,9.86,0.3,57.89,21.88,7.36,9.25,3106.4,3.02,0.52,29.24,52.42,68.67
BATCH_1020,44.18,13.24,2.84,2.64,1.61,0.46,35.51,68.51,20.53,4.41,4.1,1.0468,2.4153,1.0755,1422.6,184.1,1025.9,926.3,12.61,0.96,81.45,5.0,4.74,12.46,3465.4,3.25,0.476,38.96,55.95,75.95
BATCH_1021,44.37,13.0,3.37,2.5,1.17,0.38,35.27,68.54,20.08,5.21,3.87,1.0546,2.2114,1.3484,1467.3,173.8,1116.6,945.6,12.76,0.694,81.4,5.0,7.27,11.77,3404.8,2.47,0.498,36.45,60.67,79.44
BATCH_1022,42.91,12.88,3.62,2.37,1.27,0.49,35.84,66.87,20.07,5.64,3.7,1.0231,2.1475,1.5254,1408.4,202.5,1074.3,999.1,13.68,1.645,67.64,6.5,8.7,11.26,3484.1,2.92,0.451,35.07,55.61,75.35
BATCH_1023,43.89,14.12,3.37,1.86,1.63,0.43,36.19,68.78,22.12,5.29,2.92,0.9799,2.6965,1.8141,1403.4,178.1,1118.1,927.2,13.4,1.248,65.17,14.26,9.08,8.87,3340.8,3.03,0.477,34.36,56.9,72.74
BATCH_1024,43.69,13.91,3.37,2.27,1.25,0.43,36.06,68.32,21.75,5.26,3.56,0.9828,2.4661,1.4801,1413.6,163.6,1135.9,897.4,10.25,0.471,68.59,10.61,7.93,10.82,3400.3,3.11,0.485,36.26,54.98,75.42
BATCH_1025,43.79,13.86,3.25,2.08,1.53,0.48,35.52,67.91,21.49,5.04,3.23,0.994,2.5981,1.5625,1436.9,199.8,1064.0,896.3,13.11,1.137,67.89,10.39,7.9,9.82,3729.2,2.41,0.444,35.34,54.64,76.14
BATCH_1026,45.37,13.27,3.17,1.99,1.5,0.35,34.69,69.47,20.32,4.85,3.05,1.0739,2.5728,1.5886,1380.1,177.1,1085.0,896.3,11.69,1.472,83.98,5.0,7.68,9.28,3520.1,2.46,0.466,38.24,58.33,81.38
BATCH_1027,44.28,14.39,2.76,2.34,0.93,0.46,34.52,67.62,21.97,4.21,3.57,0.9813,2.8219,1.1796,1444.6,205.3,1111.4,893.4,10.99,1.056,68.56,11.28,5.12,10.87,4024.3,2.67,0.481,36.37,58.2,75.59
BATCH_1028,42.52,13.01,3.34,2.03,1.51,0.33,34.96,65.38,20.0,5.13,3.12,1.0187,2.4229,1.6458,1469.6,195.0,1114.8,911.5,13.78,0.986,69.76,5.0,8.33,9.49,3659.6,3.11,0.523,32.79,52.54,68.9
BATCH_1029,43.12,12.9,3.53,2.0,1.19,0.47,35.48,66.83,19.99,5.47,3.09,1.0352,2.333,1.769,1418.5,187.8,1094.3,966.3,11.9,0.827,73.5,5.0,9.27,9.42,3326.4,2.93,0.46,37.94,55.23,75.79
BATCH_1030,44.72,13.2,2.8,2.29,1.28,0.4,36.09,69.97,20.66,4.38,3.58,1.0695,2.5955,1.2209,1408.7,160.3,1096.2,970.6,14.0,1.16,86.81,5.0,5.53,10.91,3878.1,2.48,0.47,40.1,62.6,81.51
BATCH_1031,45.06,13.19,3.11,2.24,1.4,0.34,35.3,69.64,20.38,4.81,3.46,1.07,2.4644,1.3901,1414.8,170.9,1087.3,935.6,10.94,1.114,85.32,5.0,6.89,10.53,3618.2,2.62,0.471,40.37,62.78,80.54
BATCH_1032,43.76,13.31,3.71,2.1,1.18,0.4,36.08,68.46,20.83,5.8,3.29,1.0156,2.292,1.7623,1409.0,221.7,1152.5,922.0,12.33,1.574,68.58,7.97,9.8,10.01,3849.7,1.93,0.499,35.02,53.52,73.87
BATCH_1033,44.51,14.6,2.83,2.17,1.39,0.38,35.56,69.08,22.65,4.39,3.36,0.9746,2.9218,1.3074,1396.2,178.3,1073.7,962.6,12.46,0.849,69.61,12.43,5.96,10.22,3593.7,2.76,0.474,35.18,56.3,74.55
BATCH_1034,43.07,12.99,3.4,1.79,1.6,0.36,35.5,66.77,20.14,5.27,2.77,1.0349,2.5057,1.9005,1401.0,184.4,1056.7,931.1,11.4,1.01,73.69,5.0,9.27,8.43,3701.3,2.46,0.442,38.24,59.02,76.89
BATCH_1035,43.4,13.21,3.22,2.17,1.38,0.46,34.69,66.45,20.23,4.92,3.32,1.0268,2.4529,1.4817,1420.0,137.0,1052.0,977.3,13.28,0.3,75.69,5.0,7.43,10.11,3222.5,3.02,0.463,33.3,59.24,76.5
BATCH_1036,42.78,14.2,3.02,1.9,1.63,0.38,35.98,66.82,22.18,4.72,2.97,0.9587,2.8865,1.5872,1438.1,186.2,1131.9,857.7,11.62,0.614,63.3,15.85,7.47,9.04,3392.1,2.93,0.516,33.51,53.02,72.2
BATCH_1037,43.9,14.52,3.68,1.99,1.56,0.54,36.07,68.66,22.71,5.76,3.11,0.9466,2.5599,1.8494,1411.5,201.1,1107.9,879.3,11.44,0.701,58.49,21.0,9.99,9.48,3590.3,2.75,0.486,34.63,55.43,74.0
BATCH_1038,40.96,13.45,3.46,2.19,1.28,0.4,35.08,63.1,20.72,5.32,3.37,0.9476,2.382,1.5787,1382.4,180.0,1246.5,993.8,12.58,1.0,52.99,19.42,8.4,10.26,3355.1,2.56,0.491,28.71,51.78,71.17
BATCH_1039,43.81,14.56,3.23,2.19,1.22,0.25,34.58,66.97,22.25,4.93,3.35,0.9512,2.6855,1.4704,1439.4,167.9,1053.8,945.7,12.28,0.535,62.33,16.78,7.39,10.21,3279.2,2.53,0.529,30.19,52.19,70.94
BATCH_1040,42.12,13.83,3.22,2.07,1.34,0.57,35.87,65.69,21.57,5.02,3.23,0.9587,2.6149,1.5548,1434.9,209.6,1163.4,988.1,10.89,0.946,58.76,17.52,7.84,9.83,3492.1,2.3,0.525,30.06,50.11,68.81
BATCH_1041,43.83,13.28,3.75,2.05,1.59,0.38,35.0,67.43,20.44,5.77,3.15,1.0187,2.2903,1.8324,1420.9,196.9,1111.5,979.8,11.33,0.847,70.8,5.18,9.97,9.59,3162.7,3.18,0.507,33.86,54.18,71.51
BATCH_1042,40.96,13.4,2.97,2.04,1.03,0.44,35.05,63.06,20.63,4.57,3.15,0.9657,2.6726,1.4535,1375.4,197.0,1068.9,916.2,12.51,1.277,57.57,15.72,6.79,9.57,3609.3,2.67,0.49,30.95,50.37,70.21
BATCH_1043,43.56,14.69,3.11,2.21,1.51,0.36,35.82,67.87,22.89,4.84,3.44,0.9408,2.7636,1.4046,1452.8,174.2,1122.7,910.4,12.57,0.613,60.8,19.76,6.99,10.48,3113.3,2.99,0.501,29.68,52.49,69.56
BATCH_1044,43.24,13.22,3.67,2.2,1.25,0.3,35.77,67.32,20.59,5.71,3.43,1.0089,2.2529,1.6679,1430.8,180.7,1141.6,941.9,12.1,0.769,69.86,6.32,9.34,10.42,3560.0,2.63,0.476,35.94,55.07,74.5
BATCH_1045,44.24,13.38,3.13,2.03,1.72,0.47,34.76,67.82,20.51,4.79,3.11,1.0401,2.5956,1.5411,1387.3,186.0,1049.4,930.4,14.55,1.166,76.77,5.0,7.44,9.46,3347.9,2.85,0.468,36.11,56.8,71.26
BATCH_1046,42.41,13.97,3.18,2.49,1.58,0.43,34.97,65.21,21.48,4.89,3.83,0.9519,2.463,1.2783,1410.7,205.1,1098.5,933.3,12.56,1.01,57.89,17.92,6.49,11.65,3609.1,2.21,0.434,32.58,56.91,74.54
BATCH_1047,41.9,13.36,3.37,2.26,1.38,0.41,35.03,64.49,20.57,5.19,3.48,0.9759,2.3727,1.4901,1424.2,161.5,1096.3,929.7,12.37,0.325,63.25,11.26,7.86,10.59,3983.9,2.47,0.482,35.78,56.16,75.46
BATCH_1048,44.1,13.73,3.67,1.9,1.25,0.32,35.76,68.64,21.37,5.72,2.96,1.0003,2.4619,1.929,1368.1,165.9,1105.2,891.5,6.72,0.782,69.81,8.6,10.13,9.02,3179.0,2.98,0.481,37.33,56.83,71.33
BATCH_1049,44.17,13.6,3.22,2.26,1.64,0.31,35.96,68.97,21.24,5.03,3.54,1.0173,2.4794,1.4228,1427.4,189.7,1107.4,895.1,12.5,1.1,74.66,5.0,7.35,10.76,3409.8,2.44,0.542,33.93,55.24,70.5
BATCH_1050,43.37,13.94,2.99,2.49,1.27,0.23,35.56,67.3,21.63,4.64,3.87,0.9806,2.542,1.1983,1450.1,178.3,1084.8,898.2,15.31,0.93,68.11,10.62,5.74,11.78,3737.4,2.85,0.488,35.57,55.2,71.22
BATCH_1051,43.75,15.24,2.7,1.9,1.51,0.62,35.89,68.24,23.76,4.21,2.96,0.9283,3.3172,1.4223,1395.1,216.5,1106.6,841.3,14.89,1.356,56.44,25.55,6.14,9.0,3712.1,2.3,0.457,29.04,52.34,75.6
BATCH_1052,42.75,14.5,3.59,1.82,1.6,0.48,34.89,65.66,22.27,5.51,2.8,0.9277,2.6808,1.9704,1474.4,185.8,1097.8,965.8,13.55,0.872,51.4,25.07,9.87,8.51,3839.7,2.85,0.445,31.9,53.55,75.3
BATCH_1053,43.41,14.28,3.13,2.15,1.44,0.48,35.5,67.3,22.14,4.86,3.33,0.9616,2.704,1.4607,1423.1,175.3,1139.9,926.3,9.3,0.414,64.48,14.83,7.25,10.12,3470.7,2.84,0.481,31.22,53.37,72.56
BATCH_1054,44.12,13.84,3.15,2.25,1.29,0.37,36.16,69.11,21.67,4.94,3.53,1.0031,2.5611,1.3997,1443.5,179.5,1195.4,947.8,13.44,0.844,73.34,6.81,7.11,10.73,3818.7,2.7,0.488,35.27,59.37,76.15
BATCH_1055,42.69,13.42,3.21,1.99,1.64,0.41,34.51,65.18,20.5,4.9,3.04,0.9989,2.5796,1.6129,1421.9,189.6,1108.0,932.2,12.89,1.003,66.42,8.66,7.85,9.25,3374.4,3.33,0.453,35.85,55.1,70.9
BATCH_1056,42.39,14.25,2.84,1.93,1.38,0.34,36.15,66.39,22.32,4.45,3.03,0.9511,2.9869,1.4694,1451.1,184.3,1188.3,910.1,12.32,0.778,61.72,17.44,6.66,9.21,3577.3,3.25,0.496,29.15,55.96,74.68
BATCH_1057,43.96,13.89,3.38,1.9,1.33,0.39,35.21,67.85,21.44,5.21,2.93,0.9952,2.6343,1.7798,1458.5,171.8,1098.7,977.6,16.29,0.756,69.32,9.17,8.85,8.91,3635.0,2.35,0.48,35.39,58.84,72.51
BATCH_1058,43.85,13.0,3.58,2.24,1.38,0.2,35.78,68.27,20.24,5.57,3.5,1.0403,2.2325,1.5938,1453.4,171.1,1117.3,922.7,14.81,0.918,77.08,5.0,8.85,10.64,3596.2,3.27,0.46,39.0,59.09,75.21
BATCH_1059,45.26,13.81,2.91,2.16,1.71,0.32,36.39,71.15,21.71,4.58,3.4,1.0389,2.7191,1.346,1390.4,177.2,1067.7,866.0,10.19,1.036,83.39,5.0,6.38,10.35,3778.8,2.59,0.478,38.92,59.52,81.25
BATCH_1060,44.14,14.16,3.24,1.99,1.03,0.42,36.36,69.35,22.24,5.09,3.13,0.9849,2.7093,1.6271,1438.6,156.4,1038.3,930.1,13.01,0.408,71.08,10.15,8.19,9.51,3456.5,2.25,0.521,33.23,56.89,73.6
BATCH_1061,42.41,14.32,4.09,2.2,1.33,0.2,35.2,65.45,22.1,6.31,3.39,0.9134,2.279,1.8585,1444.3,165.2,1062.2,957.3,11.79,0.355,48.96,26.43,10.97,10.32,3787.4,2.59,0.441,33.64,57.35,75.27
BATCH_1062,44.31,13.06,2.75,2.57,1.36,0.43,34.92,68.08,20.06,4.23,3.95,1.0669,2.4549,1.0711,1395.8,187.3,1148.0,932.0,15.11,1.505,82.65,5.0,4.52,12.01,3534.3,2.87,0.494,35.97,55.78,76.36
BATCH_1063,42.78,13.63,2.97,2.1,1.34,0.25,34.75,65.56,20.89,4.55,3.23,0.9927,2.6867,1.4101,1511.0,164.4,1093.3,922.4,11.7,0.3,70.65,6.59,6.6,9.82,3395.4,3.02,0.479,35.81,58.05,72.82
BATCH_1064,43.78,13.9,3.59,2.03,1.62,0.36,35.93,68.32,21.69,5.6,3.17,0.9829,2.47,1.7653,1389.2,164.9,1046.8,946.4,11.39,0.648,66.9,11.71,9.48,9.66,3778.4,2.9,0.509,35.89,55.49,74.47
BATCH_1065,41.47,14.16,3.15,1.8,1.18,0.56,34.7,63.5,21.69,4.82,2.75,0.9297,2.8648,1.7485,1442.1,192.0,1147.9,865.7,12.87,0.902,51.26,23.52,8.1,8.38,3499.3,3.21,0.462,30.26,53.06,73.13
BATCH_1066,41.86,13.41,2.6,2.41,1.35,0.62,34.87,64.27,20.59,3.99,3.7,0.9912,2.6751,1.0782,1448.1,186.7,1070.7,878.1,13.28,0.835,66.98,8.49,4.31,11.27,3265.2,2.34,0.451,34.53,56.73,71.7
BATCH_1067,44.18,14.42,2.83,1.98,1.37,0.48,34.62,67.57,22.05,4.33,3.02,0.9806,2.9966,1.4331,1411.2,181.2,1162.5,906.5,14.71,0.851,68.49,11.55,6.37,9.2,3501.8,2.39,0.484,34.59,55.19,72.86
BATCH_1068,42.89,13.76,2.4,1.88,1.24,0.49,35.74,66.74,21.41,3.73,2.93,1.0062,3.2134,1.2738,1395.3,167.7,1140.9,855.3,9.39,0.655,74.87,5.0,4.93,8.92,3238.1,2.38,0.497,34.9,55.84,73.92
BATCH_1069,41.75,14.02,3.41,2.26,1.34,0.28,35.31,64.54,21.67,5.27,3.5,0.9318,2.4714,1.5047,1472.5,173.3,1176.5,934.7,11.77,0.339,55.08,20.57,8.03,10.65,3887.7,2.82,0.458,31.3,55.56,77.33
BATCH_1070,42.98,13.7,3.28,1.98,0.82,0.52,34.5,65.61,20.92,5.01,3.03,0.9857,2.602,1.6546,1482.8,170.8,1046.7,914.5,12.22,0.524,65.72,10.41,8.16,9.22,3613.7,2.56,0.44,36.71,58.11,77.39
BATCH_1071,43.65,13.75,3.37,1.77,1.62,0.32,35.8,67.99,21.42,5.25,2.76,0.9991,2.6734,1.8975,1410.2,199.8,1154.9,855.2,11.08,1.148,68.78,9.51,9.22,8.41,3165.1,3.23,0.484,35.12,52.88,69.77
BATCH_1072,43.47,13.67,3.29,1.92,1.5,0.27,35.29,67.18,21.13,5.09,2.97,0.9997,2.6227,1.7136,1391.0,176.4,1187.1,951.4,14.12,1.39,67.63,9.56,8.46,9.03,4500.7,2.81,0.523,37.31,58.96,78.35
BATCH_1073,42.59,13.31,3.24,2.14,1.08,0.43,34.81,65.33,20.41,4.96,3.28,1.0013,2.4752,1.5128,1411.2,201.0,1158.1,885.8,14.47,1.416,65.11,9.4,7.6,9.99,3545.4,2.65,0.446,32.09,51.68,72.02
BATCH_1074,44.43,13.34,3.7,2.32,1.27,0.29,35.39,68.77,20.64,5.72,3.59,1.0263,2.2162,1.5912,1413.2,178.4,1117.3,888.9,13.62,1.151,73.52,5.0,9.08,10.94,3514.9,2.59,0.474,35.15,56.78,73.72
BATCH_1075,44.12,13.85,2.85,2.07,1.3,0.48,35.95,68.87,21.63,4.45,3.23,1.013,2.8171,1.3797,1473.4,203.3,1144.3,882.6,14.6,1.099,74.92,5.49,6.34,9.82,3393.8,3.06,0.473,32.63,54.56,73.37
BATCH_1076,44.75,13.64,3.25,2.35,0.93,0.35,34.75,68.58,20.9,4.98,3.6,1.0262,2.4346,1.3844,1406.5,175.0,1091.3,977.9,13.51,1.251,75.13,5.0,7.12,10.95,3611.8,2.38,0.418,35.48,59.47,77.12
BATCH_1077,42.84,12.81,3.2,2.55,1.45,0.38,36.13,67.06,20.06,5.02,3.99,1.0353,2.2272,1.2571,1321.1,163.4,1093.3,923.7,13.01,1.609,72.93,5.0,6.54,12.14,3373.6,2.81,0.465,32.75,53.12,72.4
BATCH_1078,42.55,11.88,3.05,2.11,1.37,0.6,35.45,65.92,18.41,4.73,3.27,1.111,2.3028,1.448,1440.1,188.0,1017.8,905.4,11.77,1.05,85.12,5.0,7.0,9.94,3400.0,2.26,0.442,40.07,61.44,79.44
BATCH_1079,43.69,13.8,2.66,2.11,1.52,0.3,36.21,68.49,21.63,4.17,3.3,1.0112,2.8938,1.2644,1501.3,192.2,1141.0,957.1,9.0,0.408,78.62,5.0,5.48,10.05,4169.0,3.03,0.472,38.07,60.12,78.45
BATCH_1080,42.94,13.63,3.45,2.05,1.32,0.27,34.68,65.74,20.86,5.28,3.13,0.9844,2.48,1.6843,1455.9,169.9,1045.6,928.5,11.35,0.375,66.46,9.67,8.68,9.54,3664.6,2.7,0.549,33.71,55.14,67.51
BATCH_1081,44.14,13.01,3.31,1.89,1.63,0.24,35.02,67.93,20.01,5.09,2.91,1.0609,2.5031,1.7481,1388.8,182.0,1135.6,923.7,13.24,1.291,79.8,5.0,8.56,8.85,3327.2,3.24,0.495,35.69,54.86,76.61
BATCH_1082,42.75,14.41,2.72,1.86,1.43,0.39,35.39,66.17,22.3,4.22,2.89,0.9539,3.139,1.4613,1440.8,161.6,1083.8,967.8,10.71,0.534,63.57,15.97,6.29,8.78,3333.1,3.05,0.469,31.15,54.03,74.71
BATCH_1083,41.13,13.78,2.83,2.35,1.66,0.32,36.23,64.51,21.6,4.43,3.69,0.9456,2.6587,1.201,1385.4,170.6,1126.6,941.5,17.61,1.214,56.98,18.95,5.5,11.23,3622.8,3.38,0.489,28.52,52.38,72.0
BATCH_1084,42.09,13.27,3.1,2.31,1.25,0.45,36.26,66.03,20.82,4.87,3.63,0.9932,2.4495,1.3418,1430.6,203.8,1097.9,849.8,13.47,1.463,64.77,10.82,6.76,11.04,3778.1,2.56,0.448,32.63,58.23,72.82
BATCH_1085,42.93,13.18,3.74,2.01,1.58,0.35,36.36,67.46,20.7,5.87,3.16,1.0057,2.2931,1.8594,1443.8,180.8,1101.4,886.9,13.29,1.07,67.36,8.54,10.22,9.61,3341.4,2.55,0.568,30.89,50.64,69.51
BATCH_1086,41.11,14.26,3.01,2.01,1.5,0.35,35.38,63.61,22.07,4.66,3.11,0.9164,2.8392,1.5004,1439.1,181.4,1095.8,857.1,11.27,0.612,51.41,24.49,7.1,9.46,3429.5,3.16,0.55,28.45,51.76,69.41
BATCH_1087,43.13,13.35,2.82,2.3,1.25,0.36,35.82,67.21,20.8,4.4,3.59,1.0206,2.6046,1.2269,1427.8,179.4,1113.2,847.7,12.15,1.021,75.07,5.0,5.59,10.91,3492.0,2.54,0.509,33.75,55.34,71.82
BATCH_1088,41.86,13.8,2.89,2.18,1.5,0.28,36.06,65.47,21.58,4.52,3.41,0.9617,2.7205,1.3265,1453.9,215.1,1141.7,913.5,12.03,0.868,62.43,14.77,6.22,10.38,3409.8,2.88,0.446,30.25,54.85,73.38
BATCH_1089,42.34,13.61,3.65,2.24,1.07,0.39,34.94,65.08,20.91,5.61,3.45,0.9637,2.3098,1.628,1445.2,213.4,1083.0,872.6,12.98,1.011,57.57,16.53,9.03,10.48,3715.8,3.01,0.49,32.82,55.95,70.97
BATCH_1090,42.75,13.19,2.86,1.93,1.44,0.19,35.67,66.45,20.5,4.44,2.99,1.0274,2.7554,1.4842,1435.4,189.7,1010.1,880.8,12.62,0.992,75.72,5.0,6.71,9.11,3729.9,2.76,0.518,35.2,55.05,71.77
BATCH_1091,43.2,13.87,3.11,2.38,1.16,0.36,35.69,67.18,21.57,4.84,3.7,0.9794,2.5278,1.3084,1390.3,195.4,1048.6,846.7,13.15,1.21,65.3,12.57,6.56,11.25,3860.1,3.04,0.479,31.98,53.76,70.8
BATCH_1092,44.23,13.62,3.25,1.87,1.18,0.47,36.06,69.17,21.3,5.09,2.93,1.0227,2.6568,1.7369,1450.9,180.4,1038.6,921.8,14.39,1.216,74.32,5.0,8.52,8.91,3520.8,2.3,0.505,34.93,57.09,72.8
BATCH_1093,43.13,13.27,3.06,2.2,1.35,0.34,35.55,66.92,20.6,4.74,3.41,1.0205,2.5246,1.39,1365.5,166.6,1080.1,896.7,11.04,1.287,72.43,5.0,6.8,10.39,3750.1,3.46,0.432,36.86,57.09,75.62
BATCH_1094,42.05,13.97,2.95,1.96,1.36,0.34,35.36,65.06,21.62,4.57,3.03,0.957,2.8462,1.5089,1492.7,172.0,1122.0,925.8,13.03,0.364,62.53,14.81,6.98,9.21,3820.3,2.88,0.487,34.13,55.95,73.33
BATCH_1095,44.47,13.37,3.15,2.23,1.46,0.46,36.45,69.98,21.05,4.96,3.5,1.0421,2.4885,1.4154,1438.7,187.9,1081.8,892.1,12.71,1.256,79.47,5.0,7.21,10.66,3593.8,2.98,0.483,39.3,58.19,77.15
BATCH_1096,43.99,13.54,2.53,2.09,1.18,0.41,34.96,67.64,20.82,3.9,3.22,1.0396,2.926,1.2102,1474.3,191.5,1176.8,897.5,12.29,0.655,81.88,5.0,4.88,9.8,3429.0,2.52,0.441,39.51,57.28,81.78
BATCH_1097,43.34,13.46,3.02,2.32,1.64,0.36,34.84,66.51,20.65,4.63,3.56,1.0123,2.5192,1.3009,1406.2,175.7,1210.9,920.7,14.86,1.289,70.77,5.82,6.25,10.84,3573.8,2.61,0.503,32.43,53.18,71.79
BATCH_1098,42.8,13.63,3.33,1.71,1.39,0.43,34.69,65.53,20.87,5.09,2.61,0.989,2.7085,1.9496,1400.0,172.8,1077.5,900.8,12.51,0.945,64.42,11.25,9.08,7.95,3074.9,3.0,0.471,34.76,51.15,68.46
BATCH_1099,42.72,12.76,3.0,2.05,1.3,0.35,36.35,67.12,20.04,4.71,3.22,1.0511,2.526,1.4616,1392.1,204.8,1135.4,958.2,12.91,1.324,77.74,5.0,7.03,9.81,3784.6,3.2,0.525,36.57,56.89,74.04
BATCH_1100,41.83,14.05,3.18,2.35,1.63,0.46,35.05,64.4,21.64,4.89,3.62,0.9359,2.5429,1.3534,1430.4,187.6,1103.1,917.6,14.66,1.141,53.01,22.04,6.85,11.0,3564.6,2.87,0.482,27.45,51.02,73.43
BATCH_1101,45.17,13.23,3.07,2.19,1.6,0.47,35.77,70.33,20.6,4.78,3.41,1.0715,2.5174,1.4021,1353.0,171.4,1042.7,864.7,12.48,1.138,86.05,5.0,6.89,10.37,3850.0,3.02,0.529,37.22,59.38,80.82
BATCH_1102,43.48,14.22,3.05,2.13,1.45,0.53,34.69,66.58,21.77,4.67,3.27,0.9694,2.7437,1.4279,1446.4,157.4,1089.3,882.8,13.35,0.636,64.68,13.62,6.84,9.94,3625.4,2.72,0.482,33.87,54.55,71.84
BATCH_1103,43.5,12.92,3.62,2.0,1.33,0.49,36.45,68.45,20.32,5.7,3.14,1.0404,2.2997,1.8137,1441.4,210.0,1051.7,882.5,10.71,1.089,74.8,5.0,9.78,9.56,3532.4,2.59,0.478,35.64,59.86,73.18
BATCH_1104,42.57,14.13,3.15,2.23,0.89,0.32,36.41,66.93,22.23,4.96,3.5,0.95,2.627,1.4151,1439.5,175.4,1142.3,847.8,13.6,0.581,61.48,17.34,7.21,10.66,3416.0,3.1,0.515,32.66,56.29,73.91
BATCH_1105,43.42,13.44,2.44,1.85,1.29,0.37,35.65,67.47,20.89,3.79,2.88,1.0392,3.1323,1.3184,1392.3,185.1,1109.7,921.6,13.68,1.279,79.46,5.0,5.18,8.76,3874.0,2.44,0.471,37.58,56.46,76.84
BATCH_1106,42.99,14.45,3.52,1.77,1.26,0.33,35.07,66.21,22.25,5.42,2.73,0.9382,2.7316,1.9873,1331.4,188.5,1087.7,915.5,14.52,1.511,52.56,24.13,9.74,8.3,3492.3,2.97,0.512,29.37,51.89,69.02
BATCH_1107,42.6,13.31,3.05,2.0,1.42,0.34,36.31,66.87,20.9,4.79,3.14,1.0085,2.6356,1.5288,1349.3,197.8,1125.3,926.0,12.36,1.481,69.16,7.75,7.4,9.54,3400.0,2.24,0.529,31.93,49.53,66.47
BATCH_1108,42.81,14.14,3.48,1.99,1.35,0.34,36.15,67.05,22.15,5.45,3.12,0.95,2.5832,1.7461,1373.4,176.7,1085.2,869.6,13.47,1.149,57.35,20.23,9.16,9.5,3773.9,2.57,0.42,34.47,55.8,74.91
BATCH_1109,42.96,14.5,3.45,2.34,1.27,0.29,35.36,66.47,22.43,5.34,3.61,0.9288,2.5039,1.4782,1499.0,183.2,1019.4,1022.4,12.37,0.3,56.58,21.62,8.04,11.0,3963.6,2.11,0.489,34.43,57.45,78.99
BATCH_1110,42.84,13.84,2.94,2.05,1.41,0.39,35.79,66.71,21.55,4.58,3.2,0.9822,2.7717,1.4312,1467.0,175.0,1053.4,885.2,13.48,0.392,69.12,9.65,6.72,9.73,3549.7,3.2,0.489,34.65,56.15,72.36
BATCH_1111,42.95,13.52,3.56,2.18,1.89,0.45,35.32,66.41,20.9,5.51,3.37,0.9866,2.3528,1.632,1439.3,184.1,1086.5,894.0,12.15,0.737,64.72,11.08,8.88,10.27,3576.4,2.99,0.489,33.43,53.86,72.83
BATCH_1112,43.49,13.16,3.15,2.1,1.39,0.41,35.18,67.09,20.3,4.86,3.24,1.036,2.5076,1.5002,1390.8,169.1,1062.6,855.2,13.01,1.269,74.66,5.0,7.39,9.85,3799.1,2.72,0.456,37.88,59.27,76.42
BATCH_1113,42.62,13.98,3.36,1.81,1.19,0.17,35.49,66.08,21.68,5.21,2.8,0.9607,2.7043,1.8601,1427.9,208.3,1065.4,912.3,14.02,1.183,59.63,17.16,9.07,8.53,3356.6,3.26,0.486,31.08,52.51,71.76
BATCH_1114,43.26,12.23,2.76,2.13,1.65,0.26,35.96,67.55,19.09,4.3,3.33,1.1114,2.5016,1.2927,1422.6,174.4,1147.7,871.3,13.15,1.15,90.39,5.0,5.77,10.13,3655.8,2.82,0.472,40.49,63.39,82.32
BATCH_1115,43.93,13.9,3.06,2.08,1.73,0.38,35.71,68.33,21.62,4.76,3.23,0.9998,2.7074,1.473,1419.8,202.1,1088.3,888.2,14.2,1.146,70.94,8.47,7.14,9.83,3701.0,2.87,0.489,31.92,57.29,73.72
BATCH_1116,43.06,13.89,3.1,2.38,1.19,0.55,36.04,67.32,21.71,4.85,3.72,0.9753,2.5324,1.3046,1433.9,189.3,1083.5,867.7,13.9,1.002,64.64,13.48,6.57,11.32,3940.4,2.74,0.467,36.07,59.5,75.54
BATCH_1117,43.43,14.02,3.54,1.95,1.74,0.37,34.56,66.37,21.43,5.41,2.98,0.9699,2.5556,1.8144,1403.1,169.2,1152.3,876.2,13.45,0.764,62.02,14.65,9.29,9.07,3589.0,2.34,0.504,32.94,55.2,71.81
BATCH_1118,42.23,13.96,3.47,1.81,1.9,0.52,35.42,65.39,21.61,5.37,2.8,0.9508,2.6456,1.9223,1420.0,167.6,1091.2,923.4,13.16,0.908,55.88,19.8,9.51,8.51,3481.0,2.97,0.441,31.97,55.15,74.78
BATCH_1119,43.52,13.21,3.34,2.13,1.43,0.44,34.55,66.5,20.18,5.1,3.26,1.0271,2.4146,1.5638,1411.7,237.1,1123.4,924.2,13.61,1.63,69.88,5.15,7.99,9.92,3461.4,3.04,0.507,34.35,50.45,68.41
BATCH_1120,42.35,14.1,3.51,2.27,1.35,0.44,36.28,66.46,22.13,5.51,3.57,0.9374,2.4383,1.5426,1478.5,196.1,1060.8,818.2,12.95,0.685,55.52,21.57,8.55,10.86,3327.7,2.8,0.472,31.09,52.36,74.49
BATCH_1121,41.69,14.11,3.58,2.35,1.26,0.17,34.69,63.83,21.61,5.48,3.6,0.9194,2.3791,1.5198,1431.9,199.8,1019.8,905.1,13.04,0.763,49.81,24.38,8.42,10.97,3168.0,2.58,0.463,26.59,52.5,72.71
BATCH_1122,40.7,14.88,3.41,1.95,1.39,0.29,36.37,63.97,23.38,5.35,3.06,0.866,2.7796,1.7494,1483.9,166.4,1073.8,890.8,12.62,0.416,39.44,37.27,9.01,9.31,4047.3,2.68,0.491,29.2,52.08,79.43
BATCH_1123,43.6,14.53,3.26,2.11,1.1,0.55,35.59,67.69,22.56,5.07,3.28,0.9483,2.7024,1.5444,1457.4,199.2,1098.9,907.2,12.49,0.969,59.02,20.15,7.88,9.98,3534.9,3.24,0.476,30.82,51.23,74.55
BATCH_1124,42.23,14.71,3.58,2.22,1.27,0.53,34.98,64.95,22.62,5.5,3.41,0.9002,2.5374,1.6126,1364.4,212.1,1065.8,909.5,11.86,1.162,43.6,31.96,8.81,10.38,4081.3,3.04,0.516,27.08,52.1,72.91
BATCH_1125,44.3,15.19,3.09,2.28,1.77,0.26,34.82,67.96,23.3,4.75,3.49,0.9282,2.8293,1.3596,1483.0,183.0,1103.7,898.3,11.95,0.3,60.33,21.31,6.67,10.62,3361.7,2.93,0.513,29.87,52.82,73.68
BATCH_1126,42.8,13.42,2.91,2.08,1.51,0.45,35.65,66.52,20.86,4.52,3.23,1.009,2.6917,1.3978,1419.7,180.9,1095.9,868.1,12.74,0.883,71.71,5.7,6.5,9.83,3263.2,2.91,0.462,34.59,56.28,70.56
BATCH_1127,43.97,13.81,3.58,2.22,1.18,0.36,35.06,67.72,21.27,5.51,3.42,0.9901,2.3834,1.6128,1471.8,174.6,1065.3,948.9,12.08,0.566,68.21,9.53,8.82,10.39,3591.0,2.56,0.459,34.03,55.78,76.5
BATCH_1128,43.75,14.52,3.55,1.85,1.5,0.54,35.21,67.53,22.42,5.49,2.86,0.9484,2.687,1.9207,1437.8,187.2,1076.4,928.8,14.35,0.909,57.53,20.86,9.7,8.69,3287.9,2.66,0.516,30.85,52.29,69.28
BATCH_1129,44.7,14.48,2.92,2.17,1.52,0.27,35.79,69.61,22.55,4.55,3.37,0.9832,2.8463,1.3488,1379.0,191.2,1141.1,1014.7,12.11,0.932,71.62,10.63,6.35,10.26,3562.2,3.05,0.469,35.12,56.18,77.88
BATCH_1130,42.57,14.12,3.07,1.79,1.58,0.22,34.96,65.44,21.7,4.73,2.75,0.9593,2.9021,1.7166,1382.5,155.7,1110.4,927.4,15.37,1.13,60.23,16.78,7.86,8.38,3960.4,2.89,0.451,34.21,57.4,76.98
BATCH_1131,42.65,13.31,3.22,1.72,1.34,0.3,36.14,66.79,20.84,5.05,2.7,1.0097,2.691,1.8713,1399.8,168.3,1138.4,937.9,12.58,0.896,70.81,6.32,8.81,8.21,3858.7,3.07,0.477,38.41,57.44,75.45
BATCH_1132,43.48,13.57,3.03,2.01,1.26,0.42,35.0,66.89,20.88,4.66,3.09,1.0123,2.6934,1.5068,1370.6,184.5,1133.8,896.8,15.38,1.527,69.8,7.21,7.12,9.41,3209.7,2.72,0.482,32.93,52.3,67.62
BATCH_1133,43.01,13.96,3.57,1.96,1.48,0.27,35.16,66.33,21.53,5.51,3.02,0.9631,2.5237,1.8224,1455.3,199.7,1151.9,961.4,12.36,0.809,60.57,16.04,9.48,9.2,3575.8,2.79,0.458,34.18,56.26,75.88
BATCH_1134,43.84,14.05,3.15,2.11,1.49,0.47,34.56,66.99,21.48,4.82,3.23,0.9851,2.6706,1.4928,1366.8,163.8,1155.4,917.6,11.86,0.931,66.73,11.23,7.3,9.82,3534.1,2.97,0.447,34.55,56.6,75.31
BATCH_1135,42.33,14.14,3.16,1.71,1.54,0.42,36.35,66.5,22.21,4.96,2.69,0.9513,2.9034,1.8481,1473.0,167.0,1088.3,962.6,11.13,0.353,61.39,17.37,8.61,8.17,3864.2,2.89,0.475,34.16,56.43,77.32
BATCH_1136,41.9,13.62,2.92,1.96,1.8,0.44,35.48,64.93,21.12,4.52,3.04,0.976,2.7917,1.4878,1452.6,192.4,1095.0,902.4,12.87,0.818,63.84,12.38,6.84,9.25,3457.8,2.84,0.459,32.9,54.08,70.52
BATCH_1137,42.37,12.38,2.94,2.38,1.03,0.44,35.43,65.61,19.18,4.55,3.69,1.0658,2.3266,1.2329,1462.8,156.4,1189.7,916.9,14.54,0.834,80.14,5.0,5.81,11.23,3484.8,1.93,0.447,38.4,62.05,75.71
BATCH_1138,45.03,13.02,3.22,1.74,1.31,0.43,34.56,68.81,19.9,4.92,2.65,1.0862,2.6282,1.8524,1437.9,188.8,1119.9,943.2,12.57,1.017,86.02,5.0,8.54,8.08,3137.1,2.64,0.476,39.74,60.09,77.75
BATCH_1139,43.48,14.29,3.3,2.68,1.65,0.47,34.96,66.84,21.96,5.07,4.12,0.9515,2.3918,1.2309,1444.5,181.3,1125.2,927.9,14.08,0.707,60.32,17.46,6.46,12.53,3516.9,3.15,0.466,31.01,53.33,74.9
BATCH_1140,45.01,14.56,3.26,2.2,1.48,0.54,35.46,69.73,22.56,5.05,3.41,0.9762,2.6673,1.4792,1401.8,191.0,1153.9,968.6,9.11,0.694,68.47,13.01,7.6,10.38,3345.2,2.84,0.42,33.07,61.3,78.32
BATCH_1141,43.93,13.99,3.82,2.28,1.03,0.54,36.41,69.09,22.01,6.01,3.59,0.9709,2.2924,1.6732,1427.1,201.1,1084.1,877.5,10.62,0.996,62.03,16.3,9.85,10.93,3799.3,2.62,0.4,37.68,56.08,82.57
BATCH_1142,43.92,14.47,3.19,2.12,1.41,0.32,35.51,68.09,22.44,4.94,3.28,0.9605,2.7279,1.506,1435.1,176.5,1146.5,915.5,11.21,0.327,66.03,14.52,7.55,9.99,3134.0,3.19,0.466,33.86,58.12,73.04
BATCH_1143,43.32,13.62,3.11,2.1,1.54,0.42,35.31,66.98,21.06,4.81,3.25,1.002,2.6147,1.4803,1427.5,166.2,1085.3,926.3,12.45,0.669,71.11,6.73,7.24,9.88,3473.1,2.93,0.494,35.92,55.77,68.95
BATCH_1144,43.2,12.9,2.91,2.17,1.29,0.38,36.43,67.95,20.29,4.57,3.41,1.0534,2.5416,1.3412,1416.3,169.8,1051.6,855.5,12.28,1.078,80.78,5.0,6.35,10.37,3189.1,2.79,0.488,34.37,59.1,73.81
BATCH_1145,42.73,13.94,3.02,2.0,1.42,0.35,34.56,65.3,21.31,4.61,3.06,0.972,2.7768,1.5043,1383.1,154.2,1116.8,899.3,10.0,0.773,63.9,12.88,7.03,9.32,3684.5,2.44,0.459,35.33,55.63,73.7
BATCH_1146,42.74,14.61,3.22,2.37,1.44,0.32,35.31,66.07,22.59,4.97,3.67,0.9227,2.6128,1.3549,1464.7,183.2,1148.1,877.3,14.06,0.769,54.08,23.97,6.97,11.17,3672.4,2.56,0.479,31.5,54.14,74.73
BATCH_1147,43.15,14.67,3.58,1.89,1.4,0.21,35.12,66.51,22.62,5.52,2.92,0.9256,2.6804,1.8909,1406.5,185.3,1142.3,922.8,13.16,0.802,53.38,24.58,9.69,8.88,3595.2,2.62,0.488,32.89,53.76,70.69
BATCH_1148,44.52,14.27,2.89,1.99,1.45,0.23,36.34,69.94,22.41,4.53,3.13,0.996,2.9265,1.4501,1431.8,153.6,1151.2,956.3,13.26,0.523,76.31,6.69,6.72,9.51,3642.6,2.65,0.449,37.47,61.1,78.74
BATCH_1149,42.35,14.39,2.88,2.15,1.31,0.39,35.74,65.9,22.39,4.48,3.35,0.938,2.8606,1.3358,1458.0,174.7,1155.3,903.7,12.7,0.777,58.3,20.22,6.19,10.2,3630.4,2.78,0.484,30.9,52.45,77.08
BATCH_1150,44.13,13.68,2.93,1.79,1.21,0.23,34.98,67.87,21.05,4.5,2.75,1.0265,2.9012,1.6351,1422.0,193.4,1037.0,930.3,13.77,1.22,76.2,5.0,7.27,8.38,3197.3,2.92,0.478,34.57,54.68,72.67
BATCH_1151,44.55,13.87,2.51,2.17,1.01,0.45,35.72,69.3,21.58,3.91,3.38,1.0293,2.9593,1.1569,1510.6,200.4,1112.9,893.6,14.41,0.915,81.27,5.0,4.65,10.29,3533.3,2.64,0.453,37.72,59.04,78.68
BATCH_1152,43.59,14.13,3.47,2.17,1.43,0.59,35.17,67.24,21.8,5.35,3.35,0.9658,2.5067,1.5981,1366.6,205.4,1085.5,942.8,12.01,1.233,59.78,17.39,8.51,10.18,3721.1,3.11,0.494,31.49,59.33,74.43
BATCH_1153,42.84,14.29,3.12,1.98,1.59,0.53,35.22,66.13,22.05,4.81,3.06,0.9513,2.8008,1.5699,1416.6,178.8,1163.5,966.4,14.05,0.828,59.21,18.57,7.56,9.32,3435.4,3.29,0.498,30.17,52.77,71.62
BATCH_1154,44.22,12.91,3.27,2.39,1.67,0.44,34.58,67.59,19.73,4.99,3.65,1.0628,2.2833,1.3698,1502.2,189.1,1152.1,921.8,11.33,0.486,82.6,5.0,7.07,11.09,3645.4,2.74,0.427,39.18,62.77,83.66
BATCH_1155,43.39,12.32,3.23,1.91,1.31,0.52,34.53,66.27,18.82,4.93,2.91,1.0951,2.4009,1.6943,1373.0,161.6,1017.0,904.5,9.97,0.87,83.64,5.0,8.14,8.85,3542.6,2.89,0.453,40.04,62.18,81.43
BATCH_1156,41.48,13.32,3.34,1.84,1.37,0.44,35.75,64.56,20.73,5.2,2.86,0.9761,2.5715,1.8209,1413.5,188.1,1065.3,830.2,13.97,1.219,59.32,14.69,8.95,8.7,4225.9,2.14,0.503,31.42,57.84,74.1
BATCH_1157,43.88,13.36,3.29,2.0,0.88,0.51,35.93,68.49,20.85,5.13,3.12,1.029,2.5265,1.6442,1439.4,160.2,1082.0,962.1,12.7,0.452,77.33,5.0,8.32,9.5,3296.7,3.36,0.482,38.23,60.8,74.55
BATCH_1158,42.86,13.82,3.27,2.16,1.63,0.29,34.94,65.87,21.23,5.03,3.32,0.9737,2.5428,1.5123,1440.0,191.3,1149.3,863.5,12.88,1.109,62.47,13.75,7.7,10.11,3575.2,2.95,0.503,30.74,55.84,71.68
BATCH_1159,44.72,14.13,3.15,2.35,1.23,0.51,35.05,68.86,21.76,4.85,3.61,0.9968,2.5722,1.3426,1399.1,171.8,1083.4,916.0,13.87,0.859,71.55,8.4,6.74,10.99,3448.9,2.86,0.497,32.13,54.16,69.77
BATCH_1160,43.09,14.06,3.72,2.14,1.44,0.42,35.93,67.26,21.94,5.8,3.34,0.953,2.4005,1.7371,1370.1,158.3,1059.6,960.5,12.0,0.724,58.47,18.8,9.72,10.16,3463.2,2.76,0.531,31.07,51.43,70.48
BATCH_1161,42.95,13.88,3.15,1.99,1.07,0.46,35.38,66.47,21.48,4.88,3.08,0.9778,2.701,1.5851,1388.7,201.9,1081.6,899.3,11.79,1.214,63.27,13.84,7.72,9.36,3383.4,2.6,0.499,30.27,53.39,71.68
BATCH_1162,42.92,13.09,2.85,1.73,1.31,0.36,35.79,66.85,20.38,4.43,2.7,1.0422,2.8587,1.6427,1447.6,180.3,1075.5,915.4,10.94,0.913,78.29,5.0,7.18,8.21,3403.5,2.46,0.505,36.52,54.32,75.68
BATCH_1163,42.99,13.84,3.01,2.49,1.51,0.32,35.12,66.26,21.33,4.64,3.84,0.9774,2.5157,1.2058,1372.2,179.1,1121.9,993.6,12.61,1.09,65.15,12.01,5.78,11.7,3355.9,2.91,0.511,28.8,52.02,67.62
BATCH_1164,41.77,13.36,3.01,1.94,1.32,0.44,35.74,64.99,20.8,4.69,3.01,0.9875,2.7007,1.5565,1443.9,196.4,1126.2,841.8,10.91,0.742,65.77,10.01,7.33,9.17,3636.8,3.06,0.481,34.11,55.48,72.38
BATCH_1165,42.34,13.84,3.28,2.04,1.85,0.39,36.22,66.38,21.7,5.14,3.2,0.9619,2.6029,1.6068,1358.3,164.8,1135.2,891.1,11.01,1.099,60.01,16.95,8.21,9.73,3642.4,2.62,0.397,35.17,57.11,78.99
BATCH_1166,43.53,13.57,2.94,2.13,1.21,0.59,35.27,67.24,20.96,4.55,3.29,1.0142,2.6731,1.3813,1473.1,189.9,1104.5,893.6,12.47,0.981,72.56,5.37,6.48,10.02,3817.2,2.86,0.508,35.83,56.57,74.93
BATCH_1167,42.73,13.95,3.0,2.21,1.29,0.26,36.17,66.93,21.86,4.7,3.46,0.9687,2.6792,1.3568,1380.4,162.4,1073.6,886.1,12.47,0.812,65.38,13.35,6.59,10.53,3729.0,2.91,0.47,35.59,54.82,76.79
BATCH_1168,44.22,14.61,3.34,2.35,1.44,0.38,34.61,67.63,22.34,5.11,3.59,0.9524,2.5675,1.4244,1461.3,187.3,1063.2,959.9,12.19,0.511,62.34,17.02,7.47,10.92,3823.3,2.77,0.492,34.69,55.2,76.17
BATCH_1169,42.99,14.21,2.97,2.19,1.49,0.32,36.1,67.27,22.23,4.64,3.43,0.9603,2.7547,1.3535,1451.9,200.5,1201.2,909.5,12.79,0.86,63.87,15.56,6.5,10.44,3766.4,3.32,0.495,33.7,53.69,77.85
BATCH_1170,42.46,12.73,3.43,2.09,1.41,0.3,34.55,64.88,19.45,5.25,3.2,1.0326,2.3022,1.6391,1413.5,196.4,1100.0,921.2,12.81,1.059,70.87,5.0,8.49,9.74,3756.2,2.42,0.452,35.42,57.16,74.06
BATCH_1171,44.88,13.8,2.82,1.91,1.34,0.32,34.69,68.72,21.12,4.32,2.92,1.0377,2.9186,1.4774,1453.2,158.7,1094.0,960.4,11.55,0.611,82.16,5.0,6.49,8.89,3589.9,2.79,0.495,35.71,61.8,74.73
BATCH_1172,43.7,14.26,3.76,2.25,1.28,0.44,35.75,68.02,22.19,5.85,3.5,0.9523,2.3726,1.6682,1441.9,165.1,1085.8,964.0,9.76,0.3,60.79,17.75,9.56,10.67,3555.9,2.91,0.439,34.94,59.39,77.08
BATCH_1173,43.26,13.74,2.98,1.99,1.72,0.48,35.11,66.66,21.17,4.6,3.07,0.9982,2.7625,1.4981,1403.8,178.4,1112.4,937.5,12.46,0.719,70.21,7.73,6.99,9.33,3592.1,2.77,0.542,36.73,54.99,69.67
BATCH_1174,41.75,14.14,2.79,2.03,1.19,0.59,35.1,64.33,21.79,4.29,3.13,0.9435,2.9354,1.3733,1373.1,178.2,1013.7,984.0,13.1,1.063,56.09,20.14,6.09,9.52,3968.6,2.84,0.487,31.49,54.74,72.4
BATCH_1175,41.77,13.25,3.24,2.2,1.65,0.35,36.31,65.58,20.8,5.09,3.45,0.9847,2.4369,1.4756,1388.3,171.8,1213.0,980.0,12.25,1.143,63.53,11.71,7.65,10.49,3456.9,3.09,0.439,33.83,56.21,72.15
BATCH_1176,42.66,14.32,2.94,2.28,1.66,0.5,34.93,65.56,22.01,4.52,3.5,0.9457,2.7429,1.2925,1408.0,148.1,1129.1,915.0,11.03,0.3,60.83,17.2,6.06,10.65,3958.6,2.46,0.494,33.83,55.67,76.76
BATCH_1177,43.48,13.91,3.0,1.71,1.35,0.48,35.41,67.31,21.53,4.64,2.65,0.9959,2.9538,1.7554,1452.1,179.3,1068.8,949.4,10.79,0.36,71.8,7.57,7.83,8.05,3577.9,3.26,0.528,33.59,55.37,77.58
BATCH_1178,44.65,13.39,2.94,1.98,1.5,0.32,36.39,70.2,21.05,4.62,3.11,1.0554,2.7228,1.4844,1414.6,156.0,1124.1,859.3,11.1,0.952,84.96,5.0,6.98,9.47,3895.1,2.91,0.488,39.04,61.19,80.31
BATCH_1179,43.76,13.48,3.96,2.22,1.22,0.49,35.59,67.95,20.93,6.15,3.45,0.996,2.1808,1.7845,1476.5,179.9,1061.6,921.8,11.58,0.447,67.33,9.21,10.47,10.49,3252.8,3.06,0.446,36.62,56.28,74.55
BATCH_1180,43.63,14.34,3.25,1.86,1.22,0.33,36.29,68.48,22.52,5.1,2.92,0.9638,2.8093,1.7451,1353.7,196.9,1105.5,874.6,14.68,1.433,61.97,17.8,8.56,8.88,3662.6,2.55,0.419,32.5,56.27,78.06
BATCH_1181,43.28,14.18,2.75,1.97,1.44,0.45,35.86,67.48,22.1,4.28,3.07,0.9777,3.007,1.3976,1391.2,207.6,1124.0,951.1,13.58,1.141,66.95,12.86,6.17,9.33,3571.3,2.8,0.472,33.5,52.07,74.01
BATCH_1182,43.33,13.8,2.83,2.03,1.13,0.46,35.18,66.85,21.29,4.37,3.13,0.9996,2.8399,1.3946,1418.1,174.3,1035.6,908.0,11.88,0.863,71.03,7.44,6.27,9.52,3641.8,3.04,0.465,33.04,58.17,72.96
BATCH_1183,42.37,14.27,3.2,1.87,1.27,0.49,35.47,65.66,22.12,4.96,2.9,0.9411,2.814,1.7083,1447.2,172.2,1117.2,878.5,12.24,0.397,57.98,19.67,8.23,8.83,3832.9,2.94,0.46,33.32,56.8,76.19
BATCH_1184,42.83,13.01,3.36,2.36,1.91,0.44,36.3,67.24,20.42,5.27,3.71,1.0201,2.2733,1.4205,1418.2,166.2,1006.1,927.1,16.03,1.322,70.48,5.37,7.69,11.29,3879.1,2.87,0.491,32.36,56.93,71.69
BATCH_1185,43.16,13.79,2.75,2.11,1.17,0.41,35.03,66.44,21.23,4.24,3.25,0.9971,2.8347,1.3033,1487.9,159.2,1092.7,894.6,10.94,0.3,73.03,5.76,5.73,9.89,3967.7,3.32,0.449,38.48,58.6,77.39
BATCH_1186,41.4,13.52,3.16,2.12,1.28,0.53,35.58,64.26,20.99,4.91,3.29,0.9619,2.5621,1.4912,1367.7,162.9,1124.3,873.5,10.7,0.808,58.78,15.85,7.43,10.01,3336.6,2.76,0.459,30.51,49.84,71.55
BATCH_1187,42.76,13.23,3.39,1.95,1.33,0.19,35.41,66.2,20.48,5.25,3.02,1.0088,2.4772,1.7349,1455.8,163.7,1075.9,951.1,13.67,0.49,71.43,5.0,8.78,9.2,3731.7,2.46,0.487,35.91,55.92,74.54
BATCH_1188,41.89,13.63,3.16,1.66,1.26,0.43,35.8,65.24,21.24,4.93,2.58,0.9729,2.8275,1.9086,1401.4,194.5,1022.1,947.1,13.87,1.336,60.05,15.59,8.69,7.86,3208.5,2.89,0.46,29.51,51.72,68.55
BATCH_1189,42.76,14.39,3.39,2.0,1.36,0.49,35.87,66.67,22.43,5.28,3.12,0.9367,2.6703,1.6935,1475.4,205.5,1169.0,893.2,15.23,0.75,55.75,22.25,8.72,9.49,3187.2,2.83,0.524,30.0,50.81,69.75
BATCH_1190,42.41,13.57,2.79,2.1,1.45,0.3,34.63,64.88,20.76,4.27,3.21,0.9928,2.7752,1.3278,1487.9,181.0,1059.2,854.8,12.59,0.459,69.88,6.81,5.87,9.78,3795.8,2.76,0.444,38.45,58.72,75.97
BATCH_1191,43.57,13.7,3.33,2.52,1.5,0.36,34.53,66.55,20.93,5.09,3.85,0.9901,2.3406,1.3227,1397.2,168.5,1078.6,904.6,12.68,0.996,66.54,9.81,6.98,11.72,3708.9,2.84,0.486,36.9,53.9,72.62
BATCH_1192,42.29,13.23,3.0,1.87,1.13,0.3,35.41,65.48,20.48,4.64,2.9,1.0104,2.7164,1.5982,1431.3,180.8,1127.8,917.3,10.54,0.802,71.01,5.16,7.38,8.83,3348.8,2.99,0.445,34.52,55.45,74.48
BATCH_1193,43.3,13.29,3.16,1.92,1.05,0.45,34.67,66.29,20.35,4.83,2.94,1.0248,2.6184,1.646,1396.8,154.0,1128.0,910.0,13.18,0.988,72.53,5.0,7.84,8.94,3326.4,3.08,0.425,35.65,56.33,73.11
BATCH_1194,42.79,14.45,3.07,1.68,1.66,0.47,35.66,66.51,22.46,4.77,2.61,0.9459,3.0468,1.8287,1450.4,153.8,1175.6,889.1,11.74,0.3,60.97,18.4,8.22,7.93,3836.7,2.75,0.494,34.23,56.61,74.29
BATCH_1195,44.31,14.04,3.34,2.29,1.49,0.41,35.34,68.53,21.71,5.16,3.54,0.9891,2.4956,1.4606,1459.1,174.1,1099.2,953.0,11.35,0.706,69.54,9.78,7.7,10.76,3672.8,2.46,0.474,33.97,57.39,74.7
BATCH_1196,41.6,12.87,3.15,2.15,1.48,0.39,35.16,64.16,19.85,4.85,3.32,1.0093,2.4302,1.4632,1481.6,181.0,1151.7,951.5,10.56,0.401,69.61,5.0,7.25,10.09,4130.8,2.65,0.46,38.07,58.34,75.49
BATCH_1197,42.09,13.59,3.94,1.86,1.56,0.39,36.04,65.8,21.25,6.16,2.92,0.9567,2.34,2.1146,1453.0,161.1,1087.5,884.1,11.24,0.396,57.47,17.56,11.4,8.87,3320.2,2.89,0.482,31.81,53.03,72.56
BATCH_1198,42.83,13.62,3.05,2.01,0.91,0.39,36.34,67.27,21.4,4.79,3.15,0.9937,2.6945,1.5173,1415.1,187.3,1073.8,889.2,12.49,0.752,69.79,8.69,7.35,9.6,3635.9,2.24,0.514,35.18,53.95,73.91
BATCH_1199,41.94,13.92,3.22,1.93,1.63,0.32,34.73,64.26,21.32,4.93,2.96,0.9514,2.7049,1.6678,1519.7,186.1,1098.9,997.6,9.08,0.3,59.58,16.19,8.06,8.99,3491.6,2.75,0.487,32.41,56.38,73.43
BATCH_1200,43.38,14.57,3.11,2.04,1.02,0.51,36.12,67.91,22.81,4.86,3.2,0.9461,2.8311,1.5207,1417.3,224.0,1079.7,923.5,13.32,1.096,59.15,20.78,7.47,9.73,3689.6,2.81,0.471,33.58,53.7,75.1
